{
    "data": {
        "attributes": {
            "type_description": "Android",
            "tlsh": "T1D82523A6D09ED82FD1AAAF3714FE10C7E52EDB441904E94E50247DA48CB5E4A2E13CFD",
            "vhash": "816e6a3cf7d7f4a365614e91b636b924",
            "trid": [
                {
                    "file_type": "Android Package",
                    "probability": 42.5
                },
                {
                    "file_type": "Opera Widget",
                    "probability": 15.4
                },
                {
                    "file_type": "Java Archive",
                    "probability": 14.9
                },
                {
                    "file_type": "VYM Mind Map",
                    "probability": 13.8
                },
                {
                    "file_type": "Mozilla Archive Format (gen)",
                    "probability": 7.7
                }
            ],
            "names": [
                "0000A7B09E2B695D069BC7BA4B9BD797F24EB532E0AD88666307913DDE8EDC2B.apk"
            ],
            "last_modification_date": 1648179894,
            "type_tag": "android",
            "times_submitted": 4,
            "total_votes": {
                "harmless": 1,
                "malicious": 0
            },
            "size": 962870,
            "type_extension": "apk",
            "last_submission_date": 1648172520,
            "last_analysis_results": {
                "Bkav": {
                    "category": "undetected",
                    "engine_name": "Bkav",
                    "engine_version": "1.3.0.9899",
                    "result": null,
                    "method": "blacklist",
                    "engine_update": "20220324"
                },
                "Lionic": {
                    "category": "undetected",
                    "engine_name": "Lionic",
                    "engine_version": "7.5",
                    "result": null,
                    "method": "blacklist",
                    "engine_update": "20220325"
                },
                "Elastic": {
                    "category": "type-unsupported",
                    "engine_name": "Elastic",
                    "engine_version": "4.0.35",
                    "result": null,
                    "method": "blacklist",
                    "engine_update": "20220302"
                },
                "MicroWorld-eScan": {
                    "category": "undetected",
                    "engine_name": "MicroWorld-eScan",
                    "engine_version": "14.0.409.0",
                    "result": null,
                    "method": "blacklist",
                    "engine_update": "20220324"
                },
                "FireEye": {
                    "category": "undetected",
                    "engine_name": "FireEye",
                    "engine_version": "32.44.1.0",
                    "result": null,
                    "method": "blacklist",
                    "engine_update": "20220324"
                },
                "CAT-QuickHeal": {
                    "category": "undetected",
                    "engine_name": "CAT-QuickHeal",
                    "engine_version": "14.00",
                    "result": null,
                    "method": "blacklist",
                    "engine_update": "20220324"
                },
                "McAfee": {
                    "category": "undetected",
                    "engine_name": "McAfee",
                    "engine_version": "6.0.6.653",
                    "result": null,
                    "method": "blacklist",
                    "engine_update": "20220324"
                },
                "Malwarebytes": {
                    "category": "undetected",
                    "engine_name": "Malwarebytes",
                    "engine_version": "4.2.2.27",
                    "result": null,
                    "method": "blacklist",
                    "engine_update": "20220324"
                },
                "Paloalto": {
                    "category": "type-unsupported",
                    "engine_name": "Paloalto",
                    "engine_version": "0.9.0.1003",
                    "result": null,
                    "method": "blacklist",
                    "engine_update": "20220325"
                },
                "Sangfor": {
                    "category": "undetected",
                    "engine_name": "Sangfor",
                    "engine_version": "2.9.0.0",
                    "result": null,
                    "method": "blacklist",
                    "engine_update": "20211224"
                },
                "Trustlook": {
                    "category": "undetected",
                    "engine_name": "Trustlook",
                    "engine_version": "1.0",
                    "result": null,
                    "method": "blacklist",
                    "engine_update": "20220325"
                },
                "Alibaba": {
                    "category": "undetected",
                    "engine_name": "Alibaba",
                    "engine_version": "0.3.0.5",
                    "result": null,
                    "method": "blacklist",
                    "engine_update": "20190527"
                },
                "K7GW": {
                    "category": "undetected",
                    "engine_name": "K7GW",
                    "engine_version": "12.1.41467",
                    "result": null,
                    "method": "blacklist",
                    "engine_update": "20220324"
                },
                "K7AntiVirus": {
                    "category": "undetected",
                    "engine_name": "K7AntiVirus",
                    "engine_version": "12.1.41464",
                    "result": null,
                    "method": "blacklist",
                    "engine_update": "20220324"
                },
                "Arcabit": {
                    "category": "undetected",
                    "engine_name": "Arcabit",
                    "engine_version": "1.0.0.889",
                    "result": null,
                    "method": "blacklist",
                    "engine_update": "20220324"
                },
                "BitDefenderTheta": {
                    "category": "undetected",
                    "engine_name": "BitDefenderTheta",
                    "engine_version": "7.2.37796.0",
                    "result": null,
                    "method": "blacklist",
                    "engine_update": "20220318"
                },
                "VirIT": {
                    "category": "undetected",
                    "engine_name": "VirIT",
                    "engine_version": "9.5.161",
                    "result": null,
                    "method": "blacklist",
                    "engine_update": "20220324"
                },
                "Cyren": {
                    "category": "undetected",
                    "engine_name": "Cyren",
                    "engine_version": "6.5.1.2",
                    "result": null,
                    "method": "blacklist",
                    "engine_update": "20220324"
                },
                "SymantecMobileInsight": {
                    "category": "undetected",
                    "engine_name": "SymantecMobileInsight",
                    "engine_version": "2.0",
                    "result": null,
                    "method": "blacklist",
                    "engine_update": "20220208"
                },
                "tehtris": {
                    "category": "type-unsupported",
                    "engine_name": "tehtris",
                    "engine_version": "v0.0.7",
                    "result": null,
                    "method": "blacklist",
                    "engine_update": "20220325"
                },
                "ESET-NOD32": {
                    "category": "undetected",
                    "engine_name": "ESET-NOD32",
                    "engine_version": "24995",
                    "result": null,
                    "method": "blacklist",
                    "engine_update": "20220324"
                },
                "Baidu": {
                    "category": "undetected",
                    "engine_name": "Baidu",
                    "engine_version": "1.0.0.2",
                    "result": null,
                    "method": "blacklist",
                    "engine_update": "20190318"
                },
                "TrendMicro-HouseCall": {
                    "category": "undetected",
                    "engine_name": "TrendMicro-HouseCall",
                    "engine_version": "10.0.0.1040",
                    "result": null,
                    "method": "blacklist",
                    "engine_update": "20220324"
                },
                "Avast": {
                    "category": "undetected",
                    "engine_name": "Avast",
                    "engine_version": "21.1.5827.0",
                    "result": null,
                    "method": "blacklist",
                    "engine_update": "20220324"
                },
                "ClamAV": {
                    "category": "undetected",
                    "engine_name": "ClamAV",
                    "engine_version": "0.104.2.0",
                    "result": null,
                    "method": "blacklist",
                    "engine_update": "20220324"
                },
                "Kaspersky": {
                    "category": "undetected",
                    "engine_name": "Kaspersky",
                    "engine_version": "21.0.1.45",
                    "result": null,
                    "method": "blacklist",
                    "engine_update": "20220324"
                },
                "BitDefender": {
                    "category": "undetected",
                    "engine_name": "BitDefender",
                    "engine_version": "7.2",
                    "result": null,
                    "method": "blacklist",
                    "engine_update": "20220324"
                },
                "NANO-Antivirus": {
                    "category": "undetected",
                    "engine_name": "NANO-Antivirus",
                    "engine_version": "1.0.146.25563",
                    "result": null,
                    "method": "blacklist",
                    "engine_update": "20220325"
                },
                "SUPERAntiSpyware": {
                    "category": "undetected",
                    "engine_name": "SUPERAntiSpyware",
                    "engine_version": "5.6.0.1032",
                    "result": null,
                    "method": "blacklist",
                    "engine_update": "20220319"
                },
                "APEX": {
                    "category": "type-unsupported",
                    "engine_name": "APEX",
                    "engine_version": "6.273",
                    "result": null,
                    "method": "blacklist",
                    "engine_update": "20220322"
                },
                "Tencent": {
                    "category": "undetected",
                    "engine_name": "Tencent",
                    "engine_version": "1.0.0.1",
                    "result": null,
                    "method": "blacklist",
                    "engine_update": "20220325"
                },
                "Ad-Aware": {
                    "category": "undetected",
                    "engine_name": "Ad-Aware",
                    "engine_version": "3.0.21.193",
                    "result": null,
                    "method": "blacklist",
                    "engine_update": "20220324"
                },
                "Sophos": {
                    "category": "undetected",
                    "engine_name": "Sophos",
                    "engine_version": "1.4.1.0",
                    "result": null,
                    "method": "blacklist",
                    "engine_update": "20220325"
                },
                "Comodo": {
                    "category": "undetected",
                    "engine_name": "Comodo",
                    "engine_version": "34468",
                    "result": null,
                    "method": "blacklist",
                    "engine_update": "20220324"
                },
                "F-Secure": {
                    "category": "undetected",
                    "engine_name": "F-Secure",
                    "engine_version": "12.0.86.52",
                    "result": null,
                    "method": "blacklist",
                    "engine_update": "20220325"
                },
                "DrWeb": {
                    "category": "undetected",
                    "engine_name": "DrWeb",
                    "engine_version": "7.0.54.3080",
                    "result": null,
                    "method": "blacklist",
                    "engine_update": "20220324"
                },
                "Zillya": {
                    "category": "undetected",
                    "engine_name": "Zillya",
                    "engine_version": "2.0.0.4597",
                    "result": null,
                    "method": "blacklist",
                    "engine_update": "20220324"
                },
                "TrendMicro": {
                    "category": "undetected",
                    "engine_name": "TrendMicro",
                    "engine_version": "11.0.0.1006",
                    "result": null,
                    "method": "blacklist",
                    "engine_update": "20220324"
                },
                "McAfee-GW-Edition": {
                    "category": "undetected",
                    "engine_name": "McAfee-GW-Edition",
                    "engine_version": "v2019.1.2+3728",
                    "result": null,
                    "method": "blacklist",
                    "engine_update": "20220324"
                },
                "SentinelOne": {
                    "category": "type-unsupported",
                    "engine_name": "SentinelOne",
                    "engine_version": "7.2.0.1",
                    "result": null,
                    "method": "blacklist",
                    "engine_update": "20220201"
                },
                "Trapmine": {
                    "category": "type-unsupported",
                    "engine_name": "Trapmine",
                    "engine_version": "3.5.45.75",
                    "result": null,
                    "method": "blacklist",
                    "engine_update": "20220217"
                },
                "CMC": {
                    "category": "undetected",
                    "engine_name": "CMC",
                    "engine_version": "2.10.2019.1",
                    "result": null,
                    "method": "blacklist",
                    "engine_update": "20211026"
                },
                "Emsisoft": {
                    "category": "undetected",
                    "engine_name": "Emsisoft",
                    "engine_version": "2021.5.0.7597",
                    "result": null,
                    "method": "blacklist",
                    "engine_update": "20220324"
                },
                "Ikarus": {
                    "category": "failure",
                    "engine_name": "Ikarus",
                    "engine_version": "6.0.11.0",
                    "result": null,
                    "method": "blacklist",
                    "engine_update": "20220324"
                },
                "Avast-Mobile": {
                    "category": "undetected",
                    "engine_name": "Avast-Mobile",
                    "engine_version": "220324-00",
                    "result": null,
                    "method": "blacklist",
                    "engine_update": "20220324"
                },
                "Jiangmin": {
                    "category": "undetected",
                    "engine_name": "Jiangmin",
                    "engine_version": "16.0.100",
                    "result": null,
                    "method": "blacklist",
                    "engine_update": "20220323"
                },
                "Webroot": {
                    "category": "type-unsupported",
                    "engine_name": "Webroot",
                    "engine_version": "1.0.0.403",
                    "result": null,
                    "method": "blacklist",
                    "engine_update": "20220325"
                },
                "Avira": {
                    "category": "undetected",
                    "engine_name": "Avira",
                    "engine_version": "8.3.3.14",
                    "result": null,
                    "method": "blacklist",
                    "engine_update": "20220324"
                },
                "Antiy-AVL": {
                    "category": "undetected",
                    "engine_name": "Antiy-AVL",
                    "engine_version": "3.0.0.1",
                    "result": null,
                    "method": "blacklist",
                    "engine_update": "20220324"
                },
                "Kingsoft": {
                    "category": "undetected",
                    "engine_name": "Kingsoft",
                    "engine_version": "2017.9.26.565",
                    "result": null,
                    "method": "blacklist",
                    "engine_update": "20220325"
                },
                "Gridinsoft": {
                    "category": "undetected",
                    "engine_name": "Gridinsoft",
                    "engine_version": "1.0.74.174",
                    "result": null,
                    "method": "blacklist",
                    "engine_update": "20220324"
                },
                "Microsoft": {
                    "category": "undetected",
                    "engine_name": "Microsoft",
                    "engine_version": "1.1.19000.8",
                    "result": null,
                    "method": "blacklist",
                    "engine_update": "20220325"
                },
                "ViRobot": {
                    "category": "undetected",
                    "engine_name": "ViRobot",
                    "engine_version": "2014.3.20.0",
                    "result": null,
                    "method": "blacklist",
                    "engine_update": "20220324"
                },
                "ZoneAlarm": {
                    "category": "undetected",
                    "engine_name": "ZoneAlarm",
                    "engine_version": "1.0",
                    "result": null,
                    "method": "blacklist",
                    "engine_update": "20220324"
                },
                "GData": {
                    "category": "undetected",
                    "engine_name": "GData",
                    "engine_version": "A:25.32626B:27.26780",
                    "result": null,
                    "method": "blacklist",
                    "engine_update": "20220324"
                },
                "Cynet": {
                    "category": "undetected",
                    "engine_name": "Cynet",
                    "engine_version": "4.0.0.27",
                    "result": null,
                    "method": "blacklist",
                    "engine_update": "20220325"
                },
                "BitDefenderFalx": {
                    "category": "undetected",
                    "engine_name": "BitDefenderFalx",
                    "engine_version": "2.0.936",
                    "result": null,
                    "method": "blacklist",
                    "engine_update": "20220103"
                },
                "AhnLab-V3": {
                    "category": "undetected",
                    "engine_name": "AhnLab-V3",
                    "engine_version": "3.21.3.10230",
                    "result": null,
                    "method": "blacklist",
                    "engine_update": "20220324"
                },
                "Acronis": {
                    "category": "type-unsupported",
                    "engine_name": "Acronis",
                    "engine_version": "1.1.1.82",
                    "result": null,
                    "method": "blacklist",
                    "engine_update": "20210512"
                },
                "VBA32": {
                    "category": "undetected",
                    "engine_name": "VBA32",
                    "engine_version": "5.0.0",
                    "result": null,
                    "method": "blacklist",
                    "engine_update": "20220324"
                },
                "ALYac": {
                    "category": "undetected",
                    "engine_name": "ALYac",
                    "engine_version": "1.1.3.1",
                    "result": null,
                    "method": "blacklist",
                    "engine_update": "20220324"
                },
                "MAX": {
                    "category": "undetected",
                    "engine_name": "MAX",
                    "engine_version": "2019.9.16.1",
                    "result": null,
                    "method": "blacklist",
                    "engine_update": "20220325"
                },
                "Cylance": {
                    "category": "type-unsupported",
                    "engine_name": "Cylance",
                    "engine_version": "2.3.1.101",
                    "result": null,
                    "method": "blacklist",
                    "engine_update": "20220325"
                },
                "Zoner": {
                    "category": "undetected",
                    "engine_name": "Zoner",
                    "engine_version": "2.2.2.0",
                    "result": null,
                    "method": "blacklist",
                    "engine_update": "20220324"
                },
                "Rising": {
                    "category": "undetected",
                    "engine_name": "Rising",
                    "engine_version": "25.0.0.27",
                    "result": null,
                    "method": "blacklist",
                    "engine_update": "20220325"
                },
                "Yandex": {
                    "category": "undetected",
                    "engine_name": "Yandex",
                    "engine_version": "5.5.2.24",
                    "result": null,
                    "method": "blacklist",
                    "engine_update": "20220324"
                },
                "TACHYON": {
                    "category": "undetected",
                    "engine_name": "TACHYON",
                    "engine_version": "2022-03-25.01",
                    "result": null,
                    "method": "blacklist",
                    "engine_update": "20220325"
                },
                "MaxSecure": {
                    "category": "undetected",
                    "engine_name": "MaxSecure",
                    "engine_version": "1.0.0.1",
                    "result": null,
                    "method": "blacklist",
                    "engine_update": "20220324"
                },
                "Fortinet": {
                    "category": "undetected",
                    "engine_name": "Fortinet",
                    "engine_version": "6.2.142.0",
                    "result": null,
                    "method": "blacklist",
                    "engine_update": "20220324"
                },
                "Cybereason": {
                    "category": "type-unsupported",
                    "engine_name": "Cybereason",
                    "engine_version": "1.2.449",
                    "result": null,
                    "method": "blacklist",
                    "engine_update": "20210330"
                },
                "Panda": {
                    "category": "undetected",
                    "engine_name": "Panda",
                    "engine_version": "4.6.4.2",
                    "result": null,
                    "method": "blacklist",
                    "engine_update": "20220324"
                },
                "CrowdStrike": {
                    "category": "type-unsupported",
                    "engine_name": "CrowdStrike",
                    "engine_version": "1.0",
                    "result": null,
                    "method": "blacklist",
                    "engine_update": "20210907"
                }
            },
            "sha256": "0000a7b09e2b695d069bc7ba4b9bd797f24eb532e0ad88666307913dde8edc2b",
            "tags": [
                "reflection",
                "apk",
                "runtime-modules",
                "telephony",
                "clipboard",
                "android"
            ],
            "last_analysis_date": 1648172520,
            "unique_sources": 2,
            "first_submission_date": 1574053558,
            "sha1": "a95b79e334c633b73fe81111c321453e5b2aff84",
            "ssdeep": "24576:RpMy+cJHxylC4X2wFZGXZHeft9ukdqPV5xlPeByazVdP:B+IRymwLqpelMkdqXeBhzVdP",
            "bundle_info": {
                "highest_datetime": "2019-10-14 05:49:12",
                "lowest_datetime": "1980-01-01 00:00:00",
                "num_children": 124,
                "extensions": {
                    "xml": 4,
                    "dex": 1,
                    "MF": 1,
                    "RSA": 1,
                    "js": 56,
                    "gif": 2,
                    "css": 5,
                    "SF": 1,
                    "ttf": 2,
                    "png": 36
                },
                "file_types": {
                    "XML": 4,
                    "DEX": 1,
                    "unknown": 78,
                    "JavaScript": 1,
                    "GIF": 2,
                    "HTML": 2,
                    "PNG": 36
                },
                "type": "APK",
                "uncompressed_size": 2297422
            },
            "md5": "c2fc79b2e590abe5fc1f75df49bf1d25",
            "androguard": {
                "Activities": [
                    "com.goboko.Goboko.MainActivity"
                ],
                "AndroidVersionCode": "20009",
                "main_activity": "com.goboko.Goboko.MainActivity",
                "certificate": {
                    "Subject": {
                        "DN": "C:US, CN:Android, L:Mountain View, O:Google Inc., ST:California, OU:Android",
                        "C": "US",
                        "CN": "Android",
                        "L": "Mountain View",
                        "O": "Google Inc.",
                        "ST": "California",
                        "OU": "Android"
                    },
                    "validto": "2049-07-01 09:42:09",
                    "serialnumber": "6ddf61a7a39e88fee7f0cad980bcd99c3c23fdd1",
                    "thumbprint": "b2d99fa7692354bd94225a5689bf4c0e9fa9644b",
                    "validfrom": "2019-07-01 09:42:09",
                    "Issuer": {
                        "DN": "C:US, CN:Android, L:Mountain View, O:Google Inc., ST:California, OU:Android",
                        "C": "US",
                        "CN": "Android",
                        "L": "Mountain View",
                        "O": "Google Inc.",
                        "ST": "California",
                        "OU": "Android"
                    }
                },
                "VTAndroidInfo": 2.0,
                "Package": "com.goboko.Goboko",
                "intent_filters": {
                    "Activities": {
                        "com.goboko.Goboko.MainActivity": {
                            "action": [
                                "android.intent.action.MAIN"
                            ],
                            "category": [
                                "android.intent.category.LAUNCHER"
                            ]
                        }
                    }
                },
                "permission_details": {
                    "android.permission.WRITE_EXTERNAL_STORAGE": {
                        "short_description": "modify or delete the contents of your SD card",
                        "full_description": "Allows the app to write to the SD card.",
                        "permission_type": "dangerous"
                    },
                    "android.permission.INTERNET": {
                        "short_description": "have full network access",
                        "full_description": "Allows the app to create\n     network sockets and use custom network protocols. The browser and other\n     applications provide means to send data to the internet, so this\n     permission is not required to send data to the internet.",
                        "permission_type": "normal|instant"
                    }
                },
                "AndroidApplication": 1,
                "StringsInformation": [
                    "http://*/*",
                    "https://*/*",
                    "https://ssl.gstatic.com/accessibility/javascript/android/"
                ],
                "AndroidApplicationError": false,
                "Providers": [
                    "android.support.v4.content.FileProvider",
                    "org.apache.cordova.camera.FileProvider"
                ],
                "AndroidVersionName": "2.0.9",
                "RiskIndicator": {
                    "APK": {
                        "DEX": 1
                    },
                    "PERM": {
                        "DANGEROUS": 1,
                        "INTERNET": 1
                    }
                },
                "MinSdkVersion": "19",
                "TargetSdkVersion": "28",
                "AndroguardVersion": "3.4.0a1",
                "AndroidApplicationInfo": "APK"
            },
            "magic": "Zip archive data, at least v2.0 to extract",
            "last_analysis_stats": {
                "harmless": 0,
                "type-unsupported": 11,
                "suspicious": 0,
                "confirmed-timeout": 0,
                "timeout": 0,
                "failure": 1,
                "malicious": 0,
                "undetected": 60
            },
            "meaningful_name": "0000A7B09E2B695D069BC7BA4B9BD797F24EB532E0AD88666307913DDE8EDC2B.apk",
            "reputation": 1
        },
        "type": "file",
        "id": "0000a7b09e2b695d069bc7ba4b9bd797f24eb532e0ad88666307913dde8edc2b",
        "links": {
            "self": "https://www.virustotal.com/api/v3/files/0000a7b09e2b695d069bc7ba4b9bd797f24eb532e0ad88666307913dde8edc2b"
        }
    }
}