{
    "data": {
        "attributes": {
            "type_description": "Android",
            "tlsh": "T119D4DF41A65AB10BC933E63A950593336614CFD54A43F72B2602B35C6AFFCC0DF8AAD5",
            "vhash": "76abbb081891d9e3ef1206c34c4e494f",
            "trid": [
                {
                    "file_type": "Android Package",
                    "probability": 51.6
                },
                {
                    "file_type": "Java Archive",
                    "probability": 18.1
                },
                {
                    "file_type": "Sweet Home 3D design (generic)",
                    "probability": 14.0
                },
                {
                    "file_type": "Mozilla Archive Format (gen)",
                    "probability": 9.3
                },
                {
                    "file_type": "ZIP compressed archive",
                    "probability": 5.3
                }
            ],
            "names": [
                "0003D47ADE8F130801E263D4D26D487E66731B25D89D8AAECD5816AD830378EA.apk"
            ],
            "last_modification_date": 1653463210,
            "type_tag": "android",
            "times_submitted": 3,
            "total_votes": {
                "harmless": 0,
                "malicious": 0
            },
            "size": 605422,
            "type_extension": "apk",
            "last_submission_date": 1648103624,
            "last_analysis_results": {
                "Bkav": {
                    "category": "undetected",
                    "engine_name": "Bkav",
                    "engine_version": "1.3.0.9899",
                    "result": null,
                    "method": "blacklist",
                    "engine_update": "20220524"
                },
                "Lionic": {
                    "category": "undetected",
                    "engine_name": "Lionic",
                    "engine_version": "7.5",
                    "result": null,
                    "method": "blacklist",
                    "engine_update": "20220525"
                },
                "Elastic": {
                    "category": "type-unsupported",
                    "engine_name": "Elastic",
                    "engine_version": "4.0.37",
                    "result": null,
                    "method": "blacklist",
                    "engine_update": "20220520"
                },
                "DrWeb": {
                    "category": "undetected",
                    "engine_name": "DrWeb",
                    "engine_version": "7.0.56.4040",
                    "result": null,
                    "method": "blacklist",
                    "engine_update": "20220525"
                },
                "Cynet": {
                    "category": "malicious",
                    "engine_name": "Cynet",
                    "engine_version": "4.0.0.27",
                    "result": "Malicious (score: 99)",
                    "method": "blacklist",
                    "engine_update": "20220525"
                },
                "CMC": {
                    "category": "undetected",
                    "engine_name": "CMC",
                    "engine_version": "2.10.2019.1",
                    "result": null,
                    "method": "blacklist",
                    "engine_update": "20211026"
                },
                "CAT-QuickHeal": {
                    "category": "undetected",
                    "engine_name": "CAT-QuickHeal",
                    "engine_version": "14.00",
                    "result": null,
                    "method": "blacklist",
                    "engine_update": "20220525"
                },
                "ALYac": {
                    "category": "undetected",
                    "engine_name": "ALYac",
                    "engine_version": "1.1.3.1",
                    "result": null,
                    "method": "blacklist",
                    "engine_update": "20220525"
                },
                "Malwarebytes": {
                    "category": "undetected",
                    "engine_name": "Malwarebytes",
                    "engine_version": "4.3.3.37",
                    "result": null,
                    "method": "blacklist",
                    "engine_update": "20220525"
                },
                "Paloalto": {
                    "category": "type-unsupported",
                    "engine_name": "Paloalto",
                    "engine_version": "0.9.0.1003",
                    "result": null,
                    "method": "blacklist",
                    "engine_update": "20220525"
                },
                "Sangfor": {
                    "category": "undetected",
                    "engine_name": "Sangfor",
                    "engine_version": "2.14.0.0",
                    "result": null,
                    "method": "blacklist",
                    "engine_update": "20220520"
                },
                "Trustlook": {
                    "category": "undetected",
                    "engine_name": "Trustlook",
                    "engine_version": "1.0",
                    "result": null,
                    "method": "blacklist",
                    "engine_update": "20220525"
                },
                "BitDefender": {
                    "category": "undetected",
                    "engine_name": "BitDefender",
                    "engine_version": "7.2",
                    "result": null,
                    "method": "blacklist",
                    "engine_update": "20220525"
                },
                "K7GW": {
                    "category": "undetected",
                    "engine_name": "K7GW",
                    "engine_version": "12.13.42490",
                    "result": null,
                    "method": "blacklist",
                    "engine_update": "20220525"
                },
                "K7AntiVirus": {
                    "category": "undetected",
                    "engine_name": "K7AntiVirus",
                    "engine_version": "12.13.42490",
                    "result": null,
                    "method": "blacklist",
                    "engine_update": "20220525"
                },
                "BitDefenderTheta": {
                    "category": "undetected",
                    "engine_name": "BitDefenderTheta",
                    "engine_version": "7.2.37796.0",
                    "result": null,
                    "method": "blacklist",
                    "engine_update": "20220518"
                },
                "VirIT": {
                    "category": "undetected",
                    "engine_name": "VirIT",
                    "engine_version": "9.5.202",
                    "result": null,
                    "method": "blacklist",
                    "engine_update": "20220524"
                },
                "Cyren": {
                    "category": "undetected",
                    "engine_name": "Cyren",
                    "engine_version": "6.5.1.2",
                    "result": null,
                    "method": "blacklist",
                    "engine_update": "20220525"
                },
                "SymantecMobileInsight": {
                    "category": "undetected",
                    "engine_name": "SymantecMobileInsight",
                    "engine_version": "2.0",
                    "result": null,
                    "method": "blacklist",
                    "engine_update": "20220208"
                },
                "Symantec": {
                    "category": "undetected",
                    "engine_name": "Symantec",
                    "engine_version": "1.17.0.0",
                    "result": null,
                    "method": "blacklist",
                    "engine_update": "20220525"
                },
                "tehtris": {
                    "category": "type-unsupported",
                    "engine_name": "tehtris",
                    "engine_version": null,
                    "result": null,
                    "method": "blacklist",
                    "engine_update": "20220525"
                },
                "ESET-NOD32": {
                    "category": "undetected",
                    "engine_name": "ESET-NOD32",
                    "engine_version": "25322",
                    "result": null,
                    "method": "blacklist",
                    "engine_update": "20220525"
                },
                "APEX": {
                    "category": "type-unsupported",
                    "engine_name": "APEX",
                    "engine_version": "6.294",
                    "result": null,
                    "method": "blacklist",
                    "engine_update": "20220522"
                },
                "TrendMicro-HouseCall": {
                    "category": "undetected",
                    "engine_name": "TrendMicro-HouseCall",
                    "engine_version": "10.0.0.1040",
                    "result": null,
                    "method": "blacklist",
                    "engine_update": "20220525"
                },
                "Avast": {
                    "category": "undetected",
                    "engine_name": "Avast",
                    "engine_version": "21.1.5827.0",
                    "result": null,
                    "method": "blacklist",
                    "engine_update": "20220525"
                },
                "ClamAV": {
                    "category": "undetected",
                    "engine_name": "ClamAV",
                    "engine_version": "0.105.0.0",
                    "result": null,
                    "method": "blacklist",
                    "engine_update": "20220524"
                },
                "Kaspersky": {
                    "category": "undetected",
                    "engine_name": "Kaspersky",
                    "engine_version": "21.0.1.45",
                    "result": null,
                    "method": "blacklist",
                    "engine_update": "20220524"
                },
                "Alibaba": {
                    "category": "undetected",
                    "engine_name": "Alibaba",
                    "engine_version": "0.3.0.5",
                    "result": null,
                    "method": "blacklist",
                    "engine_update": "20190527"
                },
                "NANO-Antivirus": {
                    "category": "undetected",
                    "engine_name": "NANO-Antivirus",
                    "engine_version": "1.0.146.25588",
                    "result": null,
                    "method": "blacklist",
                    "engine_update": "20220525"
                },
                "ViRobot": {
                    "category": "undetected",
                    "engine_name": "ViRobot",
                    "engine_version": "2014.3.20.0",
                    "result": null,
                    "method": "blacklist",
                    "engine_update": "20220525"
                },
                "MicroWorld-eScan": {
                    "category": "undetected",
                    "engine_name": "MicroWorld-eScan",
                    "engine_version": "14.0.409.0",
                    "result": null,
                    "method": "blacklist",
                    "engine_update": "20220525"
                },
                "Tencent": {
                    "category": "undetected",
                    "engine_name": "Tencent",
                    "engine_version": "1.0.0.1",
                    "result": null,
                    "method": "blacklist",
                    "engine_update": "20220525"
                },
                "Ad-Aware": {
                    "category": "undetected",
                    "engine_name": "Ad-Aware",
                    "engine_version": "3.0.21.193",
                    "result": null,
                    "method": "blacklist",
                    "engine_update": "20220525"
                },
                "Emsisoft": {
                    "category": "undetected",
                    "engine_name": "Emsisoft",
                    "engine_version": "2021.5.0.7597",
                    "result": null,
                    "method": "blacklist",
                    "engine_update": "20220525"
                },
                "Comodo": {
                    "category": "undetected",
                    "engine_name": "Comodo",
                    "engine_version": "34651",
                    "result": null,
                    "method": "blacklist",
                    "engine_update": "20220524"
                },
                "F-Secure": {
                    "category": "undetected",
                    "engine_name": "F-Secure",
                    "engine_version": "18.10.978.51",
                    "result": null,
                    "method": "blacklist",
                    "engine_update": "20220525"
                },
                "Baidu": {
                    "category": "undetected",
                    "engine_name": "Baidu",
                    "engine_version": "1.0.0.2",
                    "result": null,
                    "method": "blacklist",
                    "engine_update": "20190318"
                },
                "Zillya": {
                    "category": "undetected",
                    "engine_name": "Zillya",
                    "engine_version": "2.0.0.4637",
                    "result": null,
                    "method": "blacklist",
                    "engine_update": "20220524"
                },
                "TrendMicro": {
                    "category": "undetected",
                    "engine_name": "TrendMicro",
                    "engine_version": "11.0.0.1006",
                    "result": null,
                    "method": "blacklist",
                    "engine_update": "20220525"
                },
                "McAfee-GW-Edition": {
                    "category": "undetected",
                    "engine_name": "McAfee-GW-Edition",
                    "engine_version": "v2019.1.2+3728",
                    "result": null,
                    "method": "blacklist",
                    "engine_update": "20220525"
                },
                "FireEye": {
                    "category": "undetected",
                    "engine_name": "FireEye",
                    "engine_version": "35.24.1.0",
                    "result": null,
                    "method": "blacklist",
                    "engine_update": "20220525"
                },
                "Sophos": {
                    "category": "undetected",
                    "engine_name": "Sophos",
                    "engine_version": "1.4.1.0",
                    "result": null,
                    "method": "blacklist",
                    "engine_update": "20220525"
                },
                "Ikarus": {
                    "category": "undetected",
                    "engine_name": "Ikarus",
                    "engine_version": "6.0.24.0",
                    "result": null,
                    "method": "blacklist",
                    "engine_update": "20220524"
                },
                "GData": {
                    "category": "undetected",
                    "engine_name": "GData",
                    "engine_version": "A:25.33112B:27.27475",
                    "result": null,
                    "method": "blacklist",
                    "engine_update": "20220525"
                },
                "Jiangmin": {
                    "category": "undetected",
                    "engine_name": "Jiangmin",
                    "engine_version": "16.0.100",
                    "result": null,
                    "method": "blacklist",
                    "engine_update": "20220524"
                },
                "Webroot": {
                    "category": "type-unsupported",
                    "engine_name": "Webroot",
                    "engine_version": "1.0.0.403",
                    "result": null,
                    "method": "blacklist",
                    "engine_update": "20220525"
                },
                "Avira": {
                    "category": "malicious",
                    "engine_name": "Avira",
                    "engine_version": "8.3.3.14",
                    "result": "ADWARE/ANDR.Hamob.FINA.Gen",
                    "method": "blacklist",
                    "engine_update": "20220525"
                },
                "Kingsoft": {
                    "category": "undetected",
                    "engine_name": "Kingsoft",
                    "engine_version": "2017.9.26.565",
                    "result": null,
                    "method": "blacklist",
                    "engine_update": "20220525"
                },
                "Microsoft": {
                    "category": "undetected",
                    "engine_name": "Microsoft",
                    "engine_version": "1.1.19200.6",
                    "result": null,
                    "method": "blacklist",
                    "engine_update": "20220525"
                },
                "Gridinsoft": {
                    "category": "undetected",
                    "engine_name": "Gridinsoft",
                    "engine_version": "1.0.78.174",
                    "result": null,
                    "method": "blacklist",
                    "engine_update": "20220525"
                },
                "Arcabit": {
                    "category": "undetected",
                    "engine_name": "Arcabit",
                    "engine_version": "1.0.0.889",
                    "result": null,
                    "method": "blacklist",
                    "engine_update": "20220525"
                },
                "SUPERAntiSpyware": {
                    "category": "undetected",
                    "engine_name": "SUPERAntiSpyware",
                    "engine_version": "5.6.0.1032",
                    "result": null,
                    "method": "blacklist",
                    "engine_update": "20220521"
                },
                "ZoneAlarm": {
                    "category": "undetected",
                    "engine_name": "ZoneAlarm",
                    "engine_version": "1.0",
                    "result": null,
                    "method": "blacklist",
                    "engine_update": "20220525"
                },
                "Avast-Mobile": {
                    "category": "undetected",
                    "engine_name": "Avast-Mobile",
                    "engine_version": "220524-04",
                    "result": null,
                    "method": "blacklist",
                    "engine_update": "20220524"
                },
                "SentinelOne": {
                    "category": "type-unsupported",
                    "engine_name": "SentinelOne",
                    "engine_version": "22.2.1.2",
                    "result": null,
                    "method": "blacklist",
                    "engine_update": "20220330"
                },
                "BitDefenderFalx": {
                    "category": "undetected",
                    "engine_name": "BitDefenderFalx",
                    "engine_version": "2.0.936",
                    "result": null,
                    "method": "blacklist",
                    "engine_update": "20220103"
                },
                "AhnLab-V3": {
                    "category": "undetected",
                    "engine_name": "AhnLab-V3",
                    "engine_version": "3.21.3.10230",
                    "result": null,
                    "method": "blacklist",
                    "engine_update": "20220525"
                },
                "Acronis": {
                    "category": "undetected",
                    "engine_name": "Acronis",
                    "engine_version": "1.2.0.108",
                    "result": null,
                    "method": "blacklist",
                    "engine_update": "20220426"
                },
                "McAfee": {
                    "category": "undetected",
                    "engine_name": "McAfee",
                    "engine_version": "6.0.6.653",
                    "result": null,
                    "method": "blacklist",
                    "engine_update": "20220525"
                },
                "TACHYON": {
                    "category": "undetected",
                    "engine_name": "TACHYON",
                    "engine_version": "2022-05-25.01",
                    "result": null,
                    "method": "blacklist",
                    "engine_update": "20220525"
                },
                "VBA32": {
                    "category": "undetected",
                    "engine_name": "VBA32",
                    "engine_version": "5.0.0",
                    "result": null,
                    "method": "blacklist",
                    "engine_update": "20220524"
                },
                "Cylance": {
                    "category": "type-unsupported",
                    "engine_name": "Cylance",
                    "engine_version": "2.3.1.101",
                    "result": null,
                    "method": "blacklist",
                    "engine_update": "20220525"
                },
                "Zoner": {
                    "category": "undetected",
                    "engine_name": "Zoner",
                    "engine_version": "2.2.2.0",
                    "result": null,
                    "method": "blacklist",
                    "engine_update": "20220524"
                },
                "Rising": {
                    "category": "undetected",
                    "engine_name": "Rising",
                    "engine_version": "25.0.0.27",
                    "result": null,
                    "method": "blacklist",
                    "engine_update": "20220525"
                },
                "Yandex": {
                    "category": "undetected",
                    "engine_name": "Yandex",
                    "engine_version": "5.5.2.24",
                    "result": null,
                    "method": "blacklist",
                    "engine_update": "20220428"
                },
                "MAX": {
                    "category": "undetected",
                    "engine_name": "MAX",
                    "engine_version": "2019.9.16.1",
                    "result": null,
                    "method": "blacklist",
                    "engine_update": "20220525"
                },
                "MaxSecure": {
                    "category": "undetected",
                    "engine_name": "MaxSecure",
                    "engine_version": "1.0.0.1",
                    "result": null,
                    "method": "blacklist",
                    "engine_update": "20220524"
                },
                "Fortinet": {
                    "category": "undetected",
                    "engine_name": "Fortinet",
                    "engine_version": "6.2.142.0",
                    "result": null,
                    "method": "blacklist",
                    "engine_update": "20220525"
                },
                "Cybereason": {
                    "category": "type-unsupported",
                    "engine_name": "Cybereason",
                    "engine_version": "1.2.449",
                    "result": null,
                    "method": "blacklist",
                    "engine_update": "20210330"
                },
                "Panda": {
                    "category": "undetected",
                    "engine_name": "Panda",
                    "engine_version": "4.6.4.2",
                    "result": null,
                    "method": "blacklist",
                    "engine_update": "20220524"
                },
                "CrowdStrike": {
                    "category": "type-unsupported",
                    "engine_name": "CrowdStrike",
                    "engine_version": "1.0",
                    "result": null,
                    "method": "blacklist",
                    "engine_update": null
                }
            },
            "crowdsourced_ids_stats": {
                "info": 1,
                "high": 0,
                "medium": 0,
                "low": 0
            },
            "sha256": "0003d47ade8f130801e263d4d26d487e66731b25d89d8aaecd5816ad830378ea",
            "tags": [
                "apk",
                "android",
                "runtime-modules",
                "reflection",
                "telephony"
            ],
            "crowdsourced_ids_results": [
                {
                    "rule_category": "policy-violation",
                    "alert_severity": "info",
                    "rule_msg": "OS-MOBILE Android User-Agent detected",
                    "rule_raw": "alert tcp $HOME_NET any -> $EXTERNAL_NET $HTTP_PORTS ( msg:\"OS-MOBILE Android User-Agent detected\"; flow:established,to_server; http_header; content:\"User-Agent|3A|\"; content:\"android\",distance 0,fast_pattern,nocase; pcre:\"/^User-Agent\\x3a[^\\r\\n]*android/i\"; metadata:policy max-detect-ips drop,ruleset community; service:http; classtype:policy-violation; sid:25521; rev:4; )",
                    "alert_context": [
                        {
                            "dest_port": 80,
                            "dest_ip": "199.115.116.164"
                        }
                    ],
                    "rule_url": "https://www.snort.org/downloads/#rule-downloads",
                    "rule_source": "Snort registered user ruleset",
                    "rule_id": "1:25521"
                }
            ],
            "last_analysis_date": 1653455990,
            "unique_sources": 3,
            "first_submission_date": 1562568629,
            "sha1": "a940a76020c88c5878daedf03f0dc14d9a9d679f",
            "ssdeep": "12288:GA1lhTW90n5YXcCos7zNuhUyRRhDeH6VB2sgPF4:GOKcIJEUyRRxeHYB2sF",
            "bundle_info": {
                "highest_datetime": "2014-10-17 19:46:26",
                "lowest_datetime": "2014-10-17 19:46:06",
                "num_children": 192,
                "extensions": {
                    "xml": 148,
                    "dex": 1,
                    "MF": 1,
                    "RSA": 1,
                    "js": 1,
                    "txt": 2,
                    "SF": 1,
                    "png": 32
                },
                "file_types": {
                    "XML": 148,
                    "DEX": 1,
                    "unknown": 6,
                    "JavaScript": 1,
                    "HTML": 4,
                    "PNG": 32
                },
                "type": "APK",
                "uncompressed_size": 1460098
            },
            "md5": "3f8a7cba427f2d5966b1bc8c2e15b6d4",
            "androguard": {
                "VTAndroidInfo": 2.0,
                "AndroidApplicationError": false,
                "MinSdkVersion": "8",
                "AndroguardVersion": "3.4.0a1",
                "Activities": [
                    "com.wmailAdmin.MainNavigationActivity",
                    "com.wmailAdmin.VideoPlayerActivity",
                    "com.wmailAdmin.MessageViewer",
                    "com.google.android.gms.ads.AdActivity"
                ],
                "certificate": {
                    "Subject": {
                        "DN": "C:RU, CN:Anton, L:Novosibirsk, O:BestToolbars, ST:NSO, OU:Desktopify",
                        "C": "RU",
                        "CN": "Anton",
                        "L": "Novosibirsk",
                        "O": "BestToolbars",
                        "ST": "NSO",
                        "OU": "Desktopify"
                    },
                    "validto": "2065-06-18 09:00:23",
                    "serialnumber": "4c908b27",
                    "thumbprint": "813a3ad37d87aa36120dfec64146c311db5f4ca9",
                    "validfrom": "2010-09-15 09:00:23",
                    "Issuer": {
                        "DN": "C:RU, CN:Anton, L:Novosibirsk, O:BestToolbars, ST:NSO, OU:Desktopify",
                        "C": "RU",
                        "CN": "Anton",
                        "L": "Novosibirsk",
                        "O": "BestToolbars",
                        "ST": "NSO",
                        "OU": "Desktopify"
                    }
                },
                "AndroidApplication": 1,
                "RiskIndicator": {
                    "APK": {
                        "DEX": 1
                    },
                    "PERM": {
                        "NORMAL": 2,
                        "INTERNET": 1
                    }
                },
                "Services": [
                    "com.wmailAdmin.push.PushGCMIntentService"
                ],
                "AndroidVersionCode": "1413575162",
                "main_activity": "com.wmailAdmin.MainNavigationActivity",
                "Package": "com.wmailAdmin",
                "intent_filters": {
                    "Activities": {
                        "com.wmailAdmin.MainNavigationActivity": {
                            "action": [
                                "android.intent.action.MAIN"
                            ],
                            "category": [
                                "android.intent.category.LAUNCHER",
                                "android.intent.category.DEFAULT"
                            ]
                        },
                        "com.wmailAdmin.VideoPlayerActivity": {
                            "action": [
                                "android.intent.action.VIEW"
                            ],
                            "category": [
                                "android.intent.category.DEFAULT",
                                "android.intent.category.BROWSABLE"
                            ]
                        }
                    },
                    "Receivers": {
                        "com.google.android.gcm.GCMBroadcastReceiver": {
                            "action": [
                                "com.google.android.c2dm.intent.RECEIVE",
                                "com.google.android.c2dm.intent.REGISTRATION"
                            ],
                            "category": [
                                "com.wmailAdmin"
                            ]
                        },
                        "com.wmailAdmin.pull.PullServerController": {
                            "action": [
                                "android.intent.action.BOOT_COMPLETED"
                            ]
                        }
                    }
                },
                "AndroidVersionName": "1.0",
                "TargetSdkVersion": "17",
                "AndroidApplicationInfo": "APK",
                "permission_details": {
                    "android.permission.WAKE_LOCK": {
                        "short_description": "prevent phone from sleeping",
                        "full_description": "Allows the app to prevent the phone from going to sleep.",
                        "permission_type": "normal"
                    },
                    "com.wmailAdmin.permission.C2D_MESSAGE": {
                        "short_description": "Unknown permission from android reference",
                        "full_description": "Unknown permission from android reference",
                        "permission_type": "normal"
                    },
                    "com.google.android.c2dm.permission.RECEIVE": {
                        "short_description": "Unknown permission from android reference",
                        "full_description": "Unknown permission from android reference",
                        "permission_type": "normal"
                    },
                    "android.permission.INTERNET": {
                        "short_description": "full network access",
                        "full_description": "Allows the app to create\n     network sockets and use custom network protocols. The browser and other\n     applications provide means to send data to the internet, so this\n     permission is not required to send data to the internet.",
                        "permission_type": "dangerous"
                    },
                    "android.permission.ACCESS_NETWORK_STATE": {
                        "short_description": "view network connections",
                        "full_description": "Allows the app to view\n      information about network connections such as which networks exist and are\n      connected.",
                        "permission_type": "normal"
                    }
                },
                "Receivers": [
                    "com.google.android.gcm.GCMBroadcastReceiver",
                    "com.wmailAdmin.pull.PullServerController"
                ],
                "StringsInformation": [
                    "http://googleads.g.doubleclick.net",
                    "http://hostname/?",
                    "http://media.admob.com/mraid/v1/mraid_app_banner.js",
                    "http://media.admob.com/mraid/v1/mraid_app_expanded_banner.js",
                    "http://media.admob.com/mraid/v1/mraid_app_interstitial.js",
                    "http://plus.google.com/",
                    "http://www.appsgeyser.com",
                    "http://www.google.com",
                    "https://www.googletagmanager.com"
                ]
            },
            "magic": "Zip archive data, at least v2.0 to extract",
            "last_analysis_stats": {
                "harmless": 0,
                "type-unsupported": 9,
                "suspicious": 0,
                "confirmed-timeout": 0,
                "timeout": 0,
                "failure": 0,
                "malicious": 2,
                "undetected": 60
            },
            "meaningful_name": "0003D47ADE8F130801E263D4D26D487E66731B25D89D8AAECD5816AD830378EA.apk",
            "reputation": 0
        },
        "type": "file",
        "id": "0003d47ade8f130801e263d4d26d487e66731b25d89d8aaecd5816ad830378ea",
        "links": {
            "self": "https://www.virustotal.com/api/v3/files/0003d47ade8f130801e263d4d26d487e66731b25d89d8aaecd5816ad830378ea"
        }
    }
}