{
    "data": {
        "attributes": {
            "type_description": "Android",
            "tlsh": "T1241523B7A6B9981BCEF714BA831F66A15B374B0104194A151B08A6BC0C6F7DCCF06F5D",
            "vhash": "f00bb30cdbc14407e388b5ad62dcee5d",
            "trid": [
                {
                    "file_type": "Android Package",
                    "probability": 67.5
                },
                {
                    "file_type": "Java Archive",
                    "probability": 23.6
                },
                {
                    "file_type": "ZIP compressed archive",
                    "probability": 7.0
                },
                {
                    "file_type": "PrintFox/Pagefox bitmap (640x800)",
                    "probability": 1.7
                }
            ],
            "names": [],
            "last_modification_date": 1632902609,
            "type_tag": "android",
            "times_submitted": 1,
            "total_votes": {
                "harmless": 0,
                "malicious": 0
            },
            "size": 932176,
            "type_extension": "apk",
            "last_submission_date": 1631445267,
            "reputation": 0,
            "sha256": "0006c02b163072546759fa6700701c1735cbf243eae86c51481dc8c4a2e071fd",
            "tags": [
                "apk",
                "android"
            ],
            "last_analysis_date": 1632891811,
            "unique_sources": 1,
            "first_submission_date": 1631445267,
            "sha1": "72d4396245a20198bb1e787fec56e1fe543cdd06",
            "ssdeep": "24576:RdGX4Q9Aflos07ux7O6xGg1KhlwJjiofl:7GIBNG6xzGg17diofl",
            "bundle_info": {
                "highest_datetime": "1981-01-01 01:01:02",
                "lowest_datetime": "1981-01-01 01:01:02",
                "num_children": 74,
                "extensions": {
                    "xml": 26,
                    "dex": 1,
                    "MF": 1,
                    "RSA": 1,
                    "otf": 1,
                    "SF": 1,
                    "ttf": 1,
                    "png": 11
                },
                "file_types": {
                    "XML": 26,
                    "unknown": 35,
                    "JSON": 1,
                    "DEX": 1,
                    "PNG": 11
                },
                "type": "APK",
                "uncompressed_size": 2863055
            },
            "md5": "f89e0985cecea9bc6c4b657f8c621f67",
            "androguard": {
                "Activities": [
                    "place.tjo.metano_rebuild.MainActivity",
                    "io.flutter.plugins.urllauncher.WebViewActivity"
                ],
                "AndroidVersionCode": "13",
                "main_activity": "place.tjo.metano_rebuild.MainActivity",
                "certificate": {
                    "Subject": {
                        "DN": "C:US, CN:Android, L:Mountain View, O:Google Inc., ST:California, OU:Android",
                        "C": "US",
                        "CN": "Android",
                        "L": "Mountain View",
                        "O": "Google Inc.",
                        "ST": "California",
                        "OU": "Android"
                    },
                    "validto": "2051-05-27 16:15:27",
                    "serialnumber": "ba11285fa178cfd59665c781165b545b8a17b9ad",
                    "thumbprint": "afd386fae93718135c6cf22ff39cddae548fd45f",
                    "validfrom": "2021-05-27 16:15:27",
                    "Issuer": {
                        "DN": "C:US, CN:Android, L:Mountain View, O:Google Inc., ST:California, OU:Android",
                        "C": "US",
                        "CN": "Android",
                        "L": "Mountain View",
                        "O": "Google Inc.",
                        "ST": "California",
                        "OU": "Android"
                    }
                },
                "VTAndroidInfo": 1.41,
                "Package": "place.tjo.metano_rebuild",
                "intent_filters": {
                    "Activities": {
                        "place.tjo.metano_rebuild.MainActivity": {
                            "action": [
                                "android.intent.action.MAIN"
                            ],
                            "category": [
                                "android.intent.category.LAUNCHER"
                            ]
                        }
                    }
                },
                "permission_details": {
                    "android.permission.QUERY_ALL_PACKAGES": {
                        "short_description": "Unknown permission from android reference",
                        "full_description": "Unknown permission from android reference",
                        "permission_type": "normal"
                    },
                    "android.permission.INTERNET": {
                        "short_description": "full Internet access",
                        "full_description": "Allows an application to create network sockets.",
                        "permission_type": "dangerous"
                    }
                },
                "AndroidApplication": 1,
                "AndroidApplicationError": false,
                "AndroidVersionName": "1.4.2",
                "RiskIndicator": {
                    "APK": {
                        "DEX": 1
                    },
                    "PERM": {
                        "INTERNET": 1
                    }
                },
                "MinSdkVersion": "16",
                "TargetSdkVersion": "30",
                "AndroguardVersion": "3.0-dev",
                "AndroidApplicationInfo": "APK"
            },
            "magic": "Zip archive data",
            "last_analysis_stats": {
                "harmless": 0,
                "type-unsupported": 10,
                "suspicious": 0,
                "confirmed-timeout": 0,
                "timeout": 2,
                "failure": 1,
                "malicious": 0,
                "undetected": 60
            },
            "last_analysis_results": {
                "Bkav": {
                    "category": "undetected",
                    "engine_name": "Bkav",
                    "engine_version": "1.3.0.9899",
                    "result": null,
                    "method": "blacklist",
                    "engine_update": "20210928"
                },
                "Lionic": {
                    "category": "undetected",
                    "engine_name": "Lionic",
                    "engine_version": "4.2",
                    "result": null,
                    "method": "blacklist",
                    "engine_update": "20210929"
                },
                "Elastic": {
                    "category": "type-unsupported",
                    "engine_name": "Elastic",
                    "engine_version": "4.0.28",
                    "result": null,
                    "method": "blacklist",
                    "engine_update": "20210916"
                },
                "DrWeb": {
                    "category": "undetected",
                    "engine_name": "DrWeb",
                    "engine_version": "7.0.49.9080",
                    "result": null,
                    "method": "blacklist",
                    "engine_update": "20210929"
                },
                "MicroWorld-eScan": {
                    "category": "undetected",
                    "engine_name": "MicroWorld-eScan",
                    "engine_version": "14.0.409.0",
                    "result": null,
                    "method": "blacklist",
                    "engine_update": "20210929"
                },
                "FireEye": {
                    "category": "undetected",
                    "engine_name": "FireEye",
                    "engine_version": "32.44.1.0",
                    "result": null,
                    "method": "blacklist",
                    "engine_update": "20210929"
                },
                "CAT-QuickHeal": {
                    "category": "undetected",
                    "engine_name": "CAT-QuickHeal",
                    "engine_version": "14.00",
                    "result": null,
                    "method": "blacklist",
                    "engine_update": "20210929"
                },
                "ALYac": {
                    "category": "undetected",
                    "engine_name": "ALYac",
                    "engine_version": "1.1.3.1",
                    "result": null,
                    "method": "blacklist",
                    "engine_update": "20210929"
                },
                "Malwarebytes": {
                    "category": "undetected",
                    "engine_name": "Malwarebytes",
                    "engine_version": "4.2.2.27",
                    "result": null,
                    "method": "blacklist",
                    "engine_update": "20210929"
                },
                "Zillya": {
                    "category": "undetected",
                    "engine_name": "Zillya",
                    "engine_version": "2.0.0.4457",
                    "result": null,
                    "method": "blacklist",
                    "engine_update": "20210928"
                },
                "Paloalto": {
                    "category": "type-unsupported",
                    "engine_name": "Paloalto",
                    "engine_version": "1.0",
                    "result": null,
                    "method": "blacklist",
                    "engine_update": "20210929"
                },
                "Sangfor": {
                    "category": "undetected",
                    "engine_name": "Sangfor",
                    "engine_version": "2.9.0.0",
                    "result": null,
                    "method": "blacklist",
                    "engine_update": "20210831"
                },
                "Trustlook": {
                    "category": "undetected",
                    "engine_name": "Trustlook",
                    "engine_version": "1.0",
                    "result": null,
                    "method": "blacklist",
                    "engine_update": "20210929"
                },
                "Alibaba": {
                    "category": "undetected",
                    "engine_name": "Alibaba",
                    "engine_version": "0.3.0.5",
                    "result": null,
                    "method": "blacklist",
                    "engine_update": "20190527"
                },
                "K7GW": {
                    "category": "undetected",
                    "engine_name": "K7GW",
                    "engine_version": "11.217.38540",
                    "result": null,
                    "method": "blacklist",
                    "engine_update": "20210929"
                },
                "K7AntiVirus": {
                    "category": "undetected",
                    "engine_name": "K7AntiVirus",
                    "engine_version": "11.217.38542",
                    "result": null,
                    "method": "blacklist",
                    "engine_update": "20210929"
                },
                "BitDefenderTheta": {
                    "category": "undetected",
                    "engine_name": "BitDefenderTheta",
                    "engine_version": "7.2.37796.0",
                    "result": null,
                    "method": "blacklist",
                    "engine_update": "20210921"
                },
                "Cyren": {
                    "category": "undetected",
                    "engine_name": "Cyren",
                    "engine_version": "6.3.0.2",
                    "result": null,
                    "method": "blacklist",
                    "engine_update": "20210929"
                },
                "SymantecMobileInsight": {
                    "category": "undetected",
                    "engine_name": "SymantecMobileInsight",
                    "engine_version": "2.0",
                    "result": null,
                    "method": "blacklist",
                    "engine_update": "20210126"
                },
                "Symantec": {
                    "category": "undetected",
                    "engine_name": "Symantec",
                    "engine_version": "1.15.0.0",
                    "result": null,
                    "method": "blacklist",
                    "engine_update": "20210929"
                },
                "ESET-NOD32": {
                    "category": "undetected",
                    "engine_name": "ESET-NOD32",
                    "engine_version": "24040",
                    "result": null,
                    "method": "blacklist",
                    "engine_update": "20210929"
                },
                "Cynet": {
                    "category": "timeout",
                    "engine_name": "Cynet",
                    "engine_version": "4.0.0.27",
                    "result": null,
                    "method": "blacklist",
                    "engine_update": "20210929"
                },
                "TrendMicro-HouseCall": {
                    "category": "undetected",
                    "engine_name": "TrendMicro-HouseCall",
                    "engine_version": "10.0.0.1040",
                    "result": null,
                    "method": "blacklist",
                    "engine_update": "20210929"
                },
                "Avast": {
                    "category": "undetected",
                    "engine_name": "Avast",
                    "engine_version": "21.1.5827.0",
                    "result": null,
                    "method": "blacklist",
                    "engine_update": "20210929"
                },
                "ClamAV": {
                    "category": "undetected",
                    "engine_name": "ClamAV",
                    "engine_version": "0.104.0.0",
                    "result": null,
                    "method": "blacklist",
                    "engine_update": "20210928"
                },
                "Kaspersky": {
                    "category": "undetected",
                    "engine_name": "Kaspersky",
                    "engine_version": "21.0.1.45",
                    "result": null,
                    "method": "blacklist",
                    "engine_update": "20210929"
                },
                "BitDefender": {
                    "category": "undetected",
                    "engine_name": "BitDefender",
                    "engine_version": "7.2",
                    "result": null,
                    "method": "blacklist",
                    "engine_update": "20210929"
                },
                "NANO-Antivirus": {
                    "category": "undetected",
                    "engine_name": "NANO-Antivirus",
                    "engine_version": "1.0.146.25370",
                    "result": null,
                    "method": "blacklist",
                    "engine_update": "20210929"
                },
                "SUPERAntiSpyware": {
                    "category": "undetected",
                    "engine_name": "SUPERAntiSpyware",
                    "engine_version": "5.6.0.1032",
                    "result": null,
                    "method": "blacklist",
                    "engine_update": "20210925"
                },
                "Tencent": {
                    "category": "undetected",
                    "engine_name": "Tencent",
                    "engine_version": "1.0.0.1",
                    "result": null,
                    "method": "blacklist",
                    "engine_update": "20210929"
                },
                "Ad-Aware": {
                    "category": "undetected",
                    "engine_name": "Ad-Aware",
                    "engine_version": "3.0.21.193",
                    "result": null,
                    "method": "blacklist",
                    "engine_update": "20210929"
                },
                "Emsisoft": {
                    "category": "undetected",
                    "engine_name": "Emsisoft",
                    "engine_version": "2021.5.0.7597",
                    "result": null,
                    "method": "blacklist",
                    "engine_update": "20210929"
                },
                "Comodo": {
                    "category": "failure",
                    "engine_name": "Comodo",
                    "engine_version": null,
                    "result": null,
                    "method": "blacklist",
                    "engine_update": "20210928"
                },
                "F-Secure": {
                    "category": "undetected",
                    "engine_name": "F-Secure",
                    "engine_version": "12.0.86.52",
                    "result": null,
                    "method": "blacklist",
                    "engine_update": "20210929"
                },
                "Baidu": {
                    "category": "undetected",
                    "engine_name": "Baidu",
                    "engine_version": "1.0.0.2",
                    "result": null,
                    "method": "blacklist",
                    "engine_update": "20190318"
                },
                "VIPRE": {
                    "category": "undetected",
                    "engine_name": "VIPRE",
                    "engine_version": "95834",
                    "result": null,
                    "method": "blacklist",
                    "engine_update": "20210929"
                },
                "TrendMicro": {
                    "category": "undetected",
                    "engine_name": "TrendMicro",
                    "engine_version": "11.0.0.1006",
                    "result": null,
                    "method": "blacklist",
                    "engine_update": "20210929"
                },
                "McAfee-GW-Edition": {
                    "category": "undetected",
                    "engine_name": "McAfee-GW-Edition",
                    "engine_version": "v2019.1.2+3728",
                    "result": null,
                    "method": "blacklist",
                    "engine_update": "20210928"
                },
                "SentinelOne": {
                    "category": "type-unsupported",
                    "engine_name": "SentinelOne",
                    "engine_version": "6.2.0.11",
                    "result": null,
                    "method": "blacklist",
                    "engine_update": "20210829"
                },
                "Trapmine": {
                    "category": "type-unsupported",
                    "engine_name": "Trapmine",
                    "engine_version": "3.5.0.1023",
                    "result": null,
                    "method": "blacklist",
                    "engine_update": "20200727"
                },
                "CMC": {
                    "category": "undetected",
                    "engine_name": "CMC",
                    "engine_version": "2.10.2019.1",
                    "result": null,
                    "method": "blacklist",
                    "engine_update": "20210816"
                },
                "Sophos": {
                    "category": "undetected",
                    "engine_name": "Sophos",
                    "engine_version": "1.3.0.0",
                    "result": null,
                    "method": "blacklist",
                    "engine_update": "20210929"
                },
                "APEX": {
                    "category": "type-unsupported",
                    "engine_name": "APEX",
                    "engine_version": "6.213",
                    "result": null,
                    "method": "blacklist",
                    "engine_update": "20210928"
                },
                "Avast-Mobile": {
                    "category": "undetected",
                    "engine_name": "Avast-Mobile",
                    "engine_version": "210928-00",
                    "result": null,
                    "method": "blacklist",
                    "engine_update": "20210928"
                },
                "Jiangmin": {
                    "category": "undetected",
                    "engine_name": "Jiangmin",
                    "engine_version": "16.0.100",
                    "result": null,
                    "method": "blacklist",
                    "engine_update": "20210928"
                },
                "Webroot": {
                    "category": "type-unsupported",
                    "engine_name": "Webroot",
                    "engine_version": "1.0.0.403",
                    "result": null,
                    "method": "blacklist",
                    "engine_update": "20210929"
                },
                "Avira": {
                    "category": "undetected",
                    "engine_name": "Avira",
                    "engine_version": "8.3.3.12",
                    "result": null,
                    "method": "blacklist",
                    "engine_update": "20210929"
                },
                "eGambit": {
                    "category": "type-unsupported",
                    "engine_name": "eGambit",
                    "engine_version": null,
                    "result": null,
                    "method": "blacklist",
                    "engine_update": "20210929"
                },
                "Antiy-AVL": {
                    "category": "undetected",
                    "engine_name": "Antiy-AVL",
                    "engine_version": "3.0.0.1",
                    "result": null,
                    "method": "blacklist",
                    "engine_update": "20210929"
                },
                "Kingsoft": {
                    "category": "undetected",
                    "engine_name": "Kingsoft",
                    "engine_version": "2017.9.26.565",
                    "result": null,
                    "method": "blacklist",
                    "engine_update": "20210929"
                },
                "Microsoft": {
                    "category": "undetected",
                    "engine_name": "Microsoft",
                    "engine_version": "1.1.18500.10",
                    "result": null,
                    "method": "blacklist",
                    "engine_update": "20210929"
                },
                "Gridinsoft": {
                    "category": "undetected",
                    "engine_name": "Gridinsoft",
                    "engine_version": "1.0.56.149",
                    "result": null,
                    "method": "blacklist",
                    "engine_update": "20210929"
                },
                "Arcabit": {
                    "category": "undetected",
                    "engine_name": "Arcabit",
                    "engine_version": "1.0.0.886",
                    "result": null,
                    "method": "blacklist",
                    "engine_update": "20210929"
                },
                "ViRobot": {
                    "category": "undetected",
                    "engine_name": "ViRobot",
                    "engine_version": "2014.3.20.0",
                    "result": null,
                    "method": "blacklist",
                    "engine_update": "20210929"
                },
                "ZoneAlarm": {
                    "category": "undetected",
                    "engine_name": "ZoneAlarm",
                    "engine_version": "1.0",
                    "result": null,
                    "method": "blacklist",
                    "engine_update": "20210929"
                },
                "GData": {
                    "category": "undetected",
                    "engine_name": "GData",
                    "engine_version": "A:25.30915B:27.24629",
                    "result": null,
                    "method": "blacklist",
                    "engine_update": "20210929"
                },
                "TACHYON": {
                    "category": "undetected",
                    "engine_name": "TACHYON",
                    "engine_version": "2021-09-29.01",
                    "result": null,
                    "method": "blacklist",
                    "engine_update": "20210929"
                },
                "BitDefenderFalx": {
                    "category": "undetected",
                    "engine_name": "BitDefenderFalx",
                    "engine_version": "2.0.936",
                    "result": null,
                    "method": "blacklist",
                    "engine_update": "20210610"
                },
                "AhnLab-V3": {
                    "category": "undetected",
                    "engine_name": "AhnLab-V3",
                    "engine_version": "3.21.1.10219",
                    "result": null,
                    "method": "blacklist",
                    "engine_update": "20210929"
                },
                "Acronis": {
                    "category": "type-unsupported",
                    "engine_name": "Acronis",
                    "engine_version": "1.1.1.82",
                    "result": null,
                    "method": "blacklist",
                    "engine_update": "20210512"
                },
                "McAfee": {
                    "category": "undetected",
                    "engine_name": "McAfee",
                    "engine_version": "6.0.6.653",
                    "result": null,
                    "method": "blacklist",
                    "engine_update": "20210929"
                },
                "MAX": {
                    "category": "undetected",
                    "engine_name": "MAX",
                    "engine_version": "2019.9.16.1",
                    "result": null,
                    "method": "blacklist",
                    "engine_update": "20210929"
                },
                "VBA32": {
                    "category": "undetected",
                    "engine_name": "VBA32",
                    "engine_version": "5.0.0",
                    "result": null,
                    "method": "blacklist",
                    "engine_update": "20210928"
                },
                "Cylance": {
                    "category": "timeout",
                    "engine_name": "Cylance",
                    "engine_version": "2.3.1.101",
                    "result": null,
                    "method": "blacklist",
                    "engine_update": "20210929"
                },
                "Zoner": {
                    "category": "undetected",
                    "engine_name": "Zoner",
                    "engine_version": "0.0.0.0",
                    "result": null,
                    "method": "blacklist",
                    "engine_update": "20210928"
                },
                "Rising": {
                    "category": "undetected",
                    "engine_name": "Rising",
                    "engine_version": "25.0.0.26",
                    "result": null,
                    "method": "blacklist",
                    "engine_update": "20210929"
                },
                "Yandex": {
                    "category": "undetected",
                    "engine_name": "Yandex",
                    "engine_version": "5.5.2.24",
                    "result": null,
                    "method": "blacklist",
                    "engine_update": "20210928"
                },
                "Ikarus": {
                    "category": "undetected",
                    "engine_name": "Ikarus",
                    "engine_version": "0.1.5.2",
                    "result": null,
                    "method": "blacklist",
                    "engine_update": "20210928"
                },
                "MaxSecure": {
                    "category": "undetected",
                    "engine_name": "MaxSecure",
                    "engine_version": "1.0.0.1",
                    "result": null,
                    "method": "blacklist",
                    "engine_update": "20210925"
                },
                "Fortinet": {
                    "category": "undetected",
                    "engine_name": "Fortinet",
                    "engine_version": "6.2.142.0",
                    "result": null,
                    "method": "blacklist",
                    "engine_update": "20210929"
                },
                "Cybereason": {
                    "category": "type-unsupported",
                    "engine_name": "Cybereason",
                    "engine_version": "1.2.449",
                    "result": null,
                    "method": "blacklist",
                    "engine_update": "20210330"
                },
                "Panda": {
                    "category": "undetected",
                    "engine_name": "Panda",
                    "engine_version": "4.6.4.2",
                    "result": null,
                    "method": "blacklist",
                    "engine_update": "20210928"
                },
                "CrowdStrike": {
                    "category": "type-unsupported",
                    "engine_name": "CrowdStrike",
                    "engine_version": "1.0",
                    "result": null,
                    "method": "blacklist",
                    "engine_update": "20210203"
                }
            }
        },
        "type": "file",
        "id": "0006c02b163072546759fa6700701c1735cbf243eae86c51481dc8c4a2e071fd",
        "links": {
            "self": "https://www.virustotal.com/api/v3/files/0006c02b163072546759fa6700701c1735cbf243eae86c51481dc8c4a2e071fd"
        }
    }
}