{
    "data": {
        "attributes": {
            "type_description": "Android",
            "tlsh": "T1B484128189468FE3F1DC5A3411E74F473A3BC973DB07699922A72C8C999327C8A77824",
            "vhash": "a4973137ef73d9c20edb99ba5c706f60",
            "trid": [
                {
                    "file_type": "Android Package",
                    "probability": 67.5
                },
                {
                    "file_type": "Java Archive",
                    "probability": 23.6
                },
                {
                    "file_type": "ZIP compressed archive",
                    "probability": 7.0
                },
                {
                    "file_type": "PrintFox/Pagefox bitmap (640x800)",
                    "probability": 1.7
                }
            ],
            "names": [
                "00088E191503BBFBD5C56A789A71E8C718E42EA422EC73C760EE2DE489E02B2E.apk",
                "00088e191503bbfbd5c56a789a71e8c718e42ea422ec73c760ee2de489e02b2e.apk",
                "00088e191503bbfbd5c56a789a71e8c718e42ea422ec73c760ee2de489e02b2e.vir",
                "00088e191503bbfbd5c56a789a71e8c718e42ea422ec73c760ee2de489e02b2e",
                "7f4096517352a8883172b4d4e6ce25c2bceb08f3.apk",
                "8a0d2a6b55a43f6ab0ab41ae38342af3_1.apk",
                "file-7718885_",
                "test.txt",
                "7f4096517352a8883172b4d4e6ce25c2bceb08f3",
                "beelon.android.alarm-1.apk",
                "00088E191503BBFBD5C56A789A71E8C718E42EA422EC73C760EE2DE489E02B2E.log"
            ],
            "last_modification_date": 1640581500,
            "type_tag": "android",
            "times_submitted": 51,
            "total_votes": {
                "harmless": 0,
                "malicious": 0
            },
            "size": 407515,
            "popular_threat_classification": {
                "suggested_threat_label": "trojan.fakeinst/trojansms",
                "popular_threat_category": [
                    {
                        "count": 14,
                        "value": "trojan"
                    }
                ],
                "popular_threat_name": [
                    {
                        "count": 7,
                        "value": "fakeinst"
                    },
                    {
                        "count": 4,
                        "value": "trojansms"
                    },
                    {
                        "count": 2,
                        "value": "smsagent"
                    }
                ]
            },
            "last_submission_date": 1629688359,
            "last_analysis_results": {
                "Bkav": {
                    "category": "undetected",
                    "engine_name": "Bkav",
                    "engine_version": "1.3.0.9899",
                    "result": null,
                    "method": "blacklist",
                    "engine_update": "20211225"
                },
                "Lionic": {
                    "category": "malicious",
                    "engine_name": "Lionic",
                    "engine_version": "4.2",
                    "result": "Trojan.AndroidOS.FakeInst.C!c",
                    "method": "blacklist",
                    "engine_update": "20211224"
                },
                "Elastic": {
                    "category": "type-unsupported",
                    "engine_name": "Elastic",
                    "engine_version": "4.0.32",
                    "result": null,
                    "method": "blacklist",
                    "engine_update": "20211223"
                },
                "Cynet": {
                    "category": "undetected",
                    "engine_name": "Cynet",
                    "engine_version": "4.0.0.27",
                    "result": null,
                    "method": "blacklist",
                    "engine_update": "20211226"
                },
                "CMC": {
                    "category": "undetected",
                    "engine_name": "CMC",
                    "engine_version": "2.10.2019.1",
                    "result": null,
                    "method": "blacklist",
                    "engine_update": "20211026"
                },
                "CAT-QuickHeal": {
                    "category": "malicious",
                    "engine_name": "CAT-QuickHeal",
                    "engine_version": "14.00",
                    "result": "Android.Agent.CP",
                    "method": "blacklist",
                    "engine_update": "20211225"
                },
                "ALYac": {
                    "category": "undetected",
                    "engine_name": "ALYac",
                    "engine_version": "1.1.3.1",
                    "result": null,
                    "method": "blacklist",
                    "engine_update": "20211227"
                },
                "Malwarebytes": {
                    "category": "undetected",
                    "engine_name": "Malwarebytes",
                    "engine_version": "4.2.2.27",
                    "result": null,
                    "method": "blacklist",
                    "engine_update": "20211226"
                },
                "VIPRE": {
                    "category": "undetected",
                    "engine_name": "VIPRE",
                    "engine_version": "97944",
                    "result": null,
                    "method": "blacklist",
                    "engine_update": "20211227"
                },
                "Paloalto": {
                    "category": "type-unsupported",
                    "engine_name": "Paloalto",
                    "engine_version": "1.0",
                    "result": null,
                    "method": "blacklist",
                    "engine_update": "20211227"
                },
                "Sangfor": {
                    "category": "undetected",
                    "engine_name": "Sangfor",
                    "engine_version": "2.9.0.0",
                    "result": null,
                    "method": "blacklist",
                    "engine_update": "20211224"
                },
                "Trustlook": {
                    "category": "malicious",
                    "engine_name": "Trustlook",
                    "engine_version": "1.0",
                    "result": "Android.Malware.Trojan",
                    "method": "blacklist",
                    "engine_update": "20211227"
                },
                "BitDefender": {
                    "category": "undetected",
                    "engine_name": "BitDefender",
                    "engine_version": "7.2",
                    "result": null,
                    "method": "blacklist",
                    "engine_update": "20211227"
                },
                "K7GW": {
                    "category": "malicious",
                    "engine_name": "K7GW",
                    "engine_version": "11.237.40017",
                    "result": "Trojan ( 0048d8a61 )",
                    "method": "blacklist",
                    "engine_update": "20211226"
                },
                "K7AntiVirus": {
                    "category": "undetected",
                    "engine_name": "K7AntiVirus",
                    "engine_version": "11.237.40015",
                    "result": null,
                    "method": "blacklist",
                    "engine_update": "20211226"
                },
                "BitDefenderTheta": {
                    "category": "undetected",
                    "engine_name": "BitDefenderTheta",
                    "engine_version": "7.2.37796.0",
                    "result": null,
                    "method": "blacklist",
                    "engine_update": "20211223"
                },
                "VirIT": {
                    "category": "malicious",
                    "engine_name": "VirIT",
                    "engine_version": "9.5.98",
                    "result": "Android.Trj.SMSAgent.LSO",
                    "method": "blacklist",
                    "engine_update": "20211224"
                },
                "Cyren": {
                    "category": "malicious",
                    "engine_name": "Cyren",
                    "engine_version": "6.5.1.2",
                    "result": "AndroidOS/FakeInst.A",
                    "method": "blacklist",
                    "engine_update": "20211227"
                },
                "SymantecMobileInsight": {
                    "category": "malicious",
                    "engine_name": "SymantecMobileInsight",
                    "engine_version": "2.0",
                    "result": "Trojan:Premiumtext",
                    "method": "blacklist",
                    "engine_update": "20211119"
                },
                "Symantec": {
                    "category": "malicious",
                    "engine_name": "Symantec",
                    "engine_version": "1.16.0.0",
                    "result": "Trojan.Gen.2",
                    "method": "blacklist",
                    "engine_update": "20211226"
                },
                "ESET-NOD32": {
                    "category": "malicious",
                    "engine_name": "ESET-NOD32",
                    "engine_version": "24518",
                    "result": "Android/TrojanSMS.Agent.FT",
                    "method": "blacklist",
                    "engine_update": "20211226"
                },
                "Baidu": {
                    "category": "undetected",
                    "engine_name": "Baidu",
                    "engine_version": "1.0.0.2",
                    "result": null,
                    "method": "blacklist",
                    "engine_update": "20190318"
                },
                "TrendMicro-HouseCall": {
                    "category": "undetected",
                    "engine_name": "TrendMicro-HouseCall",
                    "engine_version": "10.0.0.1040",
                    "result": null,
                    "method": "blacklist",
                    "engine_update": "20211227"
                },
                "Avast": {
                    "category": "malicious",
                    "engine_name": "Avast",
                    "engine_version": "21.1.5827.0",
                    "result": "Android:TrojanSMS-AKT [Trj]",
                    "method": "blacklist",
                    "engine_update": "20211226"
                },
                "ClamAV": {
                    "category": "malicious",
                    "engine_name": "ClamAV",
                    "engine_version": "0.104.1.0",
                    "result": "Andr.Malware.Agent-1459065",
                    "method": "blacklist",
                    "engine_update": "20211226"
                },
                "Kaspersky": {
                    "category": "malicious",
                    "engine_name": "Kaspersky",
                    "engine_version": "21.0.1.45",
                    "result": "HEUR:Trojan-SMS.AndroidOS.FakeInst.a",
                    "method": "blacklist",
                    "engine_update": "20211227"
                },
                "Alibaba": {
                    "category": "malicious",
                    "engine_name": "Alibaba",
                    "engine_version": "0.3.0.5",
                    "result": "Trojan:Android/FakeInst.9be12a38",
                    "method": "blacklist",
                    "engine_update": "20190527"
                },
                "NANO-Antivirus": {
                    "category": "malicious",
                    "engine_name": "NANO-Antivirus",
                    "engine_version": "1.0.146.25520",
                    "result": "Trojan.Android.FakeInst.bcuwhx",
                    "method": "blacklist",
                    "engine_update": "20211226"
                },
                "ViRobot": {
                    "category": "undetected",
                    "engine_name": "ViRobot",
                    "engine_version": "2014.3.20.0",
                    "result": null,
                    "method": "blacklist",
                    "engine_update": "20211226"
                },
                "MicroWorld-eScan": {
                    "category": "undetected",
                    "engine_name": "MicroWorld-eScan",
                    "engine_version": "14.0.409.0",
                    "result": null,
                    "method": "blacklist",
                    "engine_update": "20211226"
                },
                "Tencent": {
                    "category": "malicious",
                    "engine_name": "Tencent",
                    "engine_version": "1.0.0.1",
                    "result": "a.gray.beelon",
                    "method": "blacklist",
                    "engine_update": "20211227"
                },
                "Ad-Aware": {
                    "category": "undetected",
                    "engine_name": "Ad-Aware",
                    "engine_version": "3.0.21.193",
                    "result": null,
                    "method": "blacklist",
                    "engine_update": "20211227"
                },
                "Emsisoft": {
                    "category": "undetected",
                    "engine_name": "Emsisoft",
                    "engine_version": "2021.5.0.7597",
                    "result": null,
                    "method": "blacklist",
                    "engine_update": "20211227"
                },
                "Comodo": {
                    "category": "malicious",
                    "engine_name": "Comodo",
                    "engine_version": "34044",
                    "result": "Malware@#3lvd6p703sis6",
                    "method": "blacklist",
                    "engine_update": "20211102"
                },
                "F-Secure": {
                    "category": "undetected",
                    "engine_name": "F-Secure",
                    "engine_version": "12.0.86.52",
                    "result": null,
                    "method": "blacklist",
                    "engine_update": "20211226"
                },
                "DrWeb": {
                    "category": "malicious",
                    "engine_name": "DrWeb",
                    "engine_version": "7.0.52.8270",
                    "result": "Android.SmsSend.972.origin",
                    "method": "blacklist",
                    "engine_update": "20211227"
                },
                "Zillya": {
                    "category": "undetected",
                    "engine_name": "Zillya",
                    "engine_version": "2.0.0.4534",
                    "result": null,
                    "method": "blacklist",
                    "engine_update": "20211224"
                },
                "TrendMicro": {
                    "category": "undetected",
                    "engine_name": "TrendMicro",
                    "engine_version": "11.0.0.1006",
                    "result": null,
                    "method": "blacklist",
                    "engine_update": "20211226"
                },
                "McAfee-GW-Edition": {
                    "category": "malicious",
                    "engine_name": "McAfee-GW-Edition",
                    "engine_version": "v2019.1.2+3728",
                    "result": "Artemis!Trojan",
                    "method": "blacklist",
                    "engine_update": "20211226"
                },
                "FireEye": {
                    "category": "undetected",
                    "engine_name": "FireEye",
                    "engine_version": "32.44.1.0",
                    "result": null,
                    "method": "blacklist",
                    "engine_update": "20211226"
                },
                "Sophos": {
                    "category": "malicious",
                    "engine_name": "Sophos",
                    "engine_version": "1.4.1.0",
                    "result": "Andr/FakeInst-Q",
                    "method": "blacklist",
                    "engine_update": "20211226"
                },
                "APEX": {
                    "category": "type-unsupported",
                    "engine_name": "APEX",
                    "engine_version": "6.242",
                    "result": null,
                    "method": "blacklist",
                    "engine_update": "20211225"
                },
                "GData": {
                    "category": "undetected",
                    "engine_name": "GData",
                    "engine_version": "A:25.31803B:27.25646",
                    "result": null,
                    "method": "blacklist",
                    "engine_update": "20211226"
                },
                "Jiangmin": {
                    "category": "malicious",
                    "engine_name": "Jiangmin",
                    "engine_version": "16.0.100",
                    "result": "Trojan/AndroidOS.pjh",
                    "method": "blacklist",
                    "engine_update": "20211226"
                },
                "Webroot": {
                    "category": "type-unsupported",
                    "engine_name": "Webroot",
                    "engine_version": "1.0.0.403",
                    "result": null,
                    "method": "blacklist",
                    "engine_update": "20211227"
                },
                "Avira": {
                    "category": "undetected",
                    "engine_name": "Avira",
                    "engine_version": "8.3.3.12",
                    "result": null,
                    "method": "blacklist",
                    "engine_update": "20211226"
                },
                "eGambit": {
                    "category": "type-unsupported",
                    "engine_name": "eGambit",
                    "engine_version": null,
                    "result": null,
                    "method": "blacklist",
                    "engine_update": "20211227"
                },
                "MAX": {
                    "category": "malicious",
                    "engine_name": "MAX",
                    "engine_version": "2019.9.16.1",
                    "result": "malware (ai score=100)",
                    "method": "blacklist",
                    "engine_update": "20211227"
                },
                "Antiy-AVL": {
                    "category": "malicious",
                    "engine_name": "Antiy-AVL",
                    "engine_version": "3.0.0.1",
                    "result": "Trojan/Generic.ASMalwAD.30",
                    "method": "blacklist",
                    "engine_update": "20211226"
                },
                "Microsoft": {
                    "category": "malicious",
                    "engine_name": "Microsoft",
                    "engine_version": "1.1.18800.4",
                    "result": "PUA:Win32/Vigua.A",
                    "method": "blacklist",
                    "engine_update": "20211227"
                },
                "Gridinsoft": {
                    "category": "undetected",
                    "engine_name": "Gridinsoft",
                    "engine_version": "1.0.66.165",
                    "result": null,
                    "method": "blacklist",
                    "engine_update": "20211226"
                },
                "Arcabit": {
                    "category": "undetected",
                    "engine_name": "Arcabit",
                    "engine_version": "1.0.0.888",
                    "result": null,
                    "method": "blacklist",
                    "engine_update": "20211227"
                },
                "SUPERAntiSpyware": {
                    "category": "undetected",
                    "engine_name": "SUPERAntiSpyware",
                    "engine_version": "5.6.0.1032",
                    "result": null,
                    "method": "blacklist",
                    "engine_update": "20211225"
                },
                "Avast-Mobile": {
                    "category": "malicious",
                    "engine_name": "Avast-Mobile",
                    "engine_version": "211226-02",
                    "result": "Android:TrojanSMS-AKT [Trj]",
                    "method": "blacklist",
                    "engine_update": "20211226"
                },
                "SentinelOne": {
                    "category": "type-unsupported",
                    "engine_name": "SentinelOne",
                    "engine_version": "7.0.0.7",
                    "result": null,
                    "method": "blacklist",
                    "engine_update": "20211129"
                },
                "BitDefenderFalx": {
                    "category": "malicious",
                    "engine_name": "BitDefenderFalx",
                    "engine_version": "2.0.936",
                    "result": "Android.Trojan.SMSSend.ZV",
                    "method": "blacklist",
                    "engine_update": "20211222"
                },
                "AhnLab-V3": {
                    "category": "malicious",
                    "engine_name": "AhnLab-V3",
                    "engine_version": "3.21.2.10258",
                    "result": "Trojan/Android.FakeInst.7367",
                    "method": "blacklist",
                    "engine_update": "20211226"
                },
                "Acronis": {
                    "category": "type-unsupported",
                    "engine_name": "Acronis",
                    "engine_version": "1.1.1.82",
                    "result": null,
                    "method": "blacklist",
                    "engine_update": "20210512"
                },
                "McAfee": {
                    "category": "malicious",
                    "engine_name": "McAfee",
                    "engine_version": "6.0.6.653",
                    "result": "Artemis!8A0D2A6B55A4",
                    "method": "blacklist",
                    "engine_update": "20211226"
                },
                "TACHYON": {
                    "category": "undetected",
                    "engine_name": "TACHYON",
                    "engine_version": "2021-12-27.01",
                    "result": null,
                    "method": "blacklist",
                    "engine_update": "20211227"
                },
                "VBA32": {
                    "category": "undetected",
                    "engine_name": "VBA32",
                    "engine_version": "5.0.0",
                    "result": null,
                    "method": "blacklist",
                    "engine_update": "20211224"
                },
                "Cylance": {
                    "category": "type-unsupported",
                    "engine_name": "Cylance",
                    "engine_version": "2.3.1.101",
                    "result": null,
                    "method": "blacklist",
                    "engine_update": "20211227"
                },
                "Zoner": {
                    "category": "undetected",
                    "engine_name": "Zoner",
                    "engine_version": "2.2.2.0",
                    "result": null,
                    "method": "blacklist",
                    "engine_update": "20211226"
                },
                "Rising": {
                    "category": "undetected",
                    "engine_name": "Rising",
                    "engine_version": "25.0.0.27",
                    "result": null,
                    "method": "blacklist",
                    "engine_update": "20211227"
                },
                "Yandex": {
                    "category": "undetected",
                    "engine_name": "Yandex",
                    "engine_version": "5.5.2.24",
                    "result": null,
                    "method": "blacklist",
                    "engine_update": "20211226"
                },
                "Ikarus": {
                    "category": "malicious",
                    "engine_name": "Ikarus",
                    "engine_version": "0.1.5.2",
                    "result": "Trojan-SMS.AndroidOS.Agent",
                    "method": "blacklist",
                    "engine_update": "20211226"
                },
                "MaxSecure": {
                    "category": "undetected",
                    "engine_name": "MaxSecure",
                    "engine_version": "1.0.0.1",
                    "result": null,
                    "method": "blacklist",
                    "engine_update": "20211225"
                },
                "Fortinet": {
                    "category": "malicious",
                    "engine_name": "Fortinet",
                    "engine_version": "6.2.142.0",
                    "result": "Android/SMSAgent.FT!tr",
                    "method": "blacklist",
                    "engine_update": "20211226"
                },
                "AVG": {
                    "category": "malicious",
                    "engine_name": "AVG",
                    "engine_version": "21.1.5827.0",
                    "result": "Android:TrojanSMS-AKT [Trj]",
                    "method": "blacklist",
                    "engine_update": "20211226"
                },
                "Cybereason": {
                    "category": "type-unsupported",
                    "engine_name": "Cybereason",
                    "engine_version": "1.2.449",
                    "result": null,
                    "method": "blacklist",
                    "engine_update": "20210330"
                },
                "Panda": {
                    "category": "undetected",
                    "engine_name": "Panda",
                    "engine_version": "4.6.4.2",
                    "result": null,
                    "method": "blacklist",
                    "engine_update": "20211226"
                },
                "CrowdStrike": {
                    "category": "type-unsupported",
                    "engine_name": "CrowdStrike",
                    "engine_version": "1.0",
                    "result": null,
                    "method": "blacklist",
                    "engine_update": null
                }
            },
            "sha256": "00088e191503bbfbd5c56a789a71e8c718e42ea422ec73c760ee2de489e02b2e",
            "type_extension": "apk",
            "tags": [
                "apk",
                "android",
                "clipboard"
            ],
            "last_analysis_date": 1640574282,
            "unique_sources": 33,
            "first_submission_date": 1347337292,
            "sha1": "7f4096517352a8883172b4d4e6ce25c2bceb08f3",
            "ssdeep": "6144:QzR/RenNMMWhh6wkCYA43viDqgnFaVx8LlzRQooPT3KXmxYP+1n4eW:sljRhh6DCz43auhVx8LprYTaOvn4eW",
            "bundle_info": {
                "highest_datetime": "2011-01-12 10:40:30",
                "lowest_datetime": "2010-12-23 14:03:54",
                "num_children": 18,
                "extensions": {
                    "xml": 5,
                    "dex": 1,
                    "MF": 1,
                    "RSA": 1,
                    "jpg": 4,
                    "SF": 1,
                    "png": 4
                },
                "file_types": {
                    "XML": 5,
                    "unknown": 4,
                    "DEX": 1,
                    "PNG": 4,
                    "JPG": 4
                },
                "type": "APK",
                "uncompressed_size": 417198
            },
            "md5": "8a0d2a6b55a43f6ab0ab41ae38342af3",
            "androguard": {
                "Activities": [
                    "beelon.android.alarm.SplashActivity",
                    "beelon.android.alarm.MainActivity"
                ],
                "AndroidVersionCode": "1",
                "main_activity": "beelon.android.alarm.SplashActivity",
                "certificate": {
                    "Subject": {
                        "DN": "C:US, CN:Android Debug, O:Android",
                        "C": "US",
                        "CN": "Android Debug",
                        "O": "Android"
                    },
                    "validto": "2012-01-10 09:22:12",
                    "serialnumber": "4d2acfc4",
                    "thumbprint": "c30f8d383977dc72e48fe57fdaed8f1c14653534",
                    "validfrom": "2011-01-10 09:22:12",
                    "Issuer": {
                        "DN": "C:US, CN:Android Debug, O:Android",
                        "C": "US",
                        "CN": "Android Debug",
                        "O": "Android"
                    }
                },
                "VTAndroidInfo": 2.0,
                "Package": "beelon.android.alarm",
                "intent_filters": {
                    "Activities": {
                        "beelon.android.alarm.SplashActivity": {
                            "action": [
                                "android.intent.action.MAIN"
                            ],
                            "category": [
                                "android.intent.category.LAUNCHER"
                            ]
                        }
                    },
                    "Receivers": {
                        "beelon.android.alarm.AlarmReceiver": {
                            "action": [
                                "android.intent.action.BOOT_COMPLETED"
                            ]
                        }
                    }
                },
                "AndroidApplication": 1,
                "permission_details": {
                    "android.permission.SEND_SMS": {
                        "short_description": "send SMS messages",
                        "full_description": "Allows the app to send SMS messages.\n     This may result in unexpected charges. Malicious apps may cost you money by\n     sending messages without your confirmation.",
                        "permission_type": "dangerous"
                    },
                    "android.permission.CALL_PHONE": {
                        "short_description": "directly call phone numbers",
                        "full_description": "Allows the app to call phone numbers\n      without your intervention. This may result in unexpected charges or calls.\n      Note that this doesn't allow the app to call emergency numbers.\n      Malicious apps may cost you money by making calls without your\n      confirmation.",
                        "permission_type": "dangerous"
                    },
                    "android.permission.RECEIVE_BOOT_COMPLETED": {
                        "short_description": "run at startup",
                        "full_description": "Allows the app to\n        have itself started as soon as the system has finished booting.\n        This can make it take longer to start the phone and allow the\n        app to slow down the overall phone by always running.",
                        "permission_type": "normal"
                    },
                    "android.permission.READ_PHONE_STATE": {
                        "short_description": "read phone status and identity",
                        "full_description": "Allows the app to access the phone\n      features of the device.  This permission allows the app to determine the\n      phone number and device IDs, whether a call is active, and the remote number\n      connected by a call.",
                        "permission_type": "dangerous"
                    }
                },
                "AndroidApplicationError": false,
                "AndroidVersionName": "1.0",
                "RiskIndicator": {
                    "APK": {
                        "DEX": 1
                    },
                    "PERM": {
                        "MONEY": 1,
                        "NORMAL": 1,
                        "SMS": 1,
                        "DANGEROUS": 1,
                        "PRIVACY": 1
                    }
                },
                "MinSdkVersion": "7",
                "Receivers": [
                    "beelon.android.alarm.AlarmReceiver"
                ],
                "AndroguardVersion": "3.4.0a1",
                "AndroidApplicationInfo": "APK"
            },
            "magic": "Zip archive data, at least v2.0 to extract",
            "last_analysis_stats": {
                "harmless": 0,
                "type-unsupported": 10,
                "suspicious": 0,
                "confirmed-timeout": 0,
                "timeout": 0,
                "failure": 0,
                "malicious": 30,
                "undetected": 32
            },
            "meaningful_name": "00088E191503BBFBD5C56A789A71E8C718E42EA422EC73C760EE2DE489E02B2E.apk",
            "reputation": 0
        },
        "type": "file",
        "id": "00088e191503bbfbd5c56a789a71e8c718e42ea422ec73c760ee2de489e02b2e",
        "links": {
            "self": "https://www.virustotal.com/api/v3/files/00088e191503bbfbd5c56a789a71e8c718e42ea422ec73c760ee2de489e02b2e"
        }
    }
}