{
    "data": {
        "attributes": {
            "type_description": "Android",
            "vhash": "010e3430c2cfa322723f412437ff0187",
            "trid": [
                {
                    "file_type": "Android Package",
                    "probability": 72.9
                },
                {
                    "file_type": "Java Archive",
                    "probability": 20.1
                },
                {
                    "file_type": "ZIP compressed archive",
                    "probability": 5.5
                },
                {
                    "file_type": "PrintFox/Pagefox bitmap (var. P)",
                    "probability": 1.3
                }
            ],
            "names": [
                "tw.musetech.museclinic.apk"
            ],
            "last_modification_date": 1542476146,
            "type_tag": "android",
            "times_submitted": 2,
            "total_votes": {
                "harmless": 0,
                "malicious": 0
            },
            "size": 593258,
            "type_extension": "apk",
            "last_submission_date": 1542440032,
            "last_analysis_results": {
                "Bkav": {
                    "category": "undetected",
                    "engine_name": "Bkav",
                    "engine_version": "1.3.0.9899",
                    "result": null,
                    "method": "blacklist",
                    "engine_update": "20181116"
                },
                "Lionic": {
                    "category": "undetected",
                    "engine_name": "AegisLab",
                    "engine_version": "4.2",
                    "result": null,
                    "method": "blacklist",
                    "engine_update": "20181117"
                },
                "MicroWorld-eScan": {
                    "category": "undetected",
                    "engine_name": "MicroWorld-eScan",
                    "engine_version": "14.0.297.0",
                    "result": null,
                    "method": "blacklist",
                    "engine_update": "20181117"
                },
                "CMC": {
                    "category": "undetected",
                    "engine_name": "CMC",
                    "engine_version": "1.1.0.977",
                    "result": null,
                    "method": "blacklist",
                    "engine_update": "20181116"
                },
                "CAT-QuickHeal": {
                    "category": "undetected",
                    "engine_name": "CAT-QuickHeal",
                    "engine_version": "14.00",
                    "result": null,
                    "method": "blacklist",
                    "engine_update": "20181116"
                },
                "McAfee": {
                    "category": "undetected",
                    "engine_name": "McAfee",
                    "engine_version": "6.0.6.653",
                    "result": null,
                    "method": "blacklist",
                    "engine_update": "20181117"
                },
                "Malwarebytes": {
                    "category": "undetected",
                    "engine_name": "Malwarebytes",
                    "engine_version": "2.1.1.1115",
                    "result": null,
                    "method": "blacklist",
                    "engine_update": "20181117"
                },
                "VIPRE": {
                    "category": "undetected",
                    "engine_name": "VIPRE",
                    "engine_version": "71014",
                    "result": null,
                    "method": "blacklist",
                    "engine_update": "20181116"
                },
                "TheHacker": {
                    "category": "undetected",
                    "engine_name": "TheHacker",
                    "engine_version": "6.8.0.5.3843",
                    "result": null,
                    "method": "blacklist",
                    "engine_update": "20181113"
                },
                "Alibaba": {
                    "category": "undetected",
                    "engine_name": "Alibaba",
                    "engine_version": "0.1.0.2",
                    "result": null,
                    "method": "blacklist",
                    "engine_update": "20180921"
                },
                "K7GW": {
                    "category": "undetected",
                    "engine_name": "K7GW",
                    "engine_version": "11.12.29068",
                    "result": null,
                    "method": "blacklist",
                    "engine_update": "20181117"
                },
                "K7AntiVirus": {
                    "category": "undetected",
                    "engine_name": "K7AntiVirus",
                    "engine_version": "11.12.29068",
                    "result": null,
                    "method": "blacklist",
                    "engine_update": "20181117"
                },
                "Arcabit": {
                    "category": "undetected",
                    "engine_name": "Arcabit",
                    "engine_version": "1.0.0.834",
                    "result": null,
                    "method": "blacklist",
                    "engine_update": "20181117"
                },
                "Invincea": {
                    "category": "type-unsupported",
                    "engine_name": "Invincea",
                    "engine_version": "6.3.6.26157",
                    "result": null,
                    "method": "blacklist",
                    "engine_update": "20181108"
                },
                "Baidu": {
                    "category": "undetected",
                    "engine_name": "Baidu",
                    "engine_version": "1.0.0.2",
                    "result": null,
                    "method": "blacklist",
                    "engine_update": "20181116"
                },
                "Babable": {
                    "category": "undetected",
                    "engine_name": "Babable",
                    "engine_version": "9107201",
                    "result": null,
                    "method": "blacklist",
                    "engine_update": "20180918"
                },
                "F-Prot": {
                    "category": "undetected",
                    "engine_name": "F-Prot",
                    "engine_version": "4.7.1.166",
                    "result": null,
                    "method": "blacklist",
                    "engine_update": "20181117"
                },
                "SymantecMobileInsight": {
                    "category": "undetected",
                    "engine_name": "SymantecMobileInsight",
                    "engine_version": "2.0",
                    "result": null,
                    "method": "blacklist",
                    "engine_update": "20181108"
                },
                "Symantec": {
                    "category": "undetected",
                    "engine_name": "Symantec",
                    "engine_version": "1.8.0.0",
                    "result": null,
                    "method": "blacklist",
                    "engine_update": "20181116"
                },
                "ESET-NOD32": {
                    "category": "undetected",
                    "engine_name": "ESET-NOD32",
                    "engine_version": "18395",
                    "result": null,
                    "method": "blacklist",
                    "engine_update": "20181117"
                },
                "TrendMicro-HouseCall": {
                    "category": "undetected",
                    "engine_name": "TrendMicro-HouseCall",
                    "engine_version": "10.0.0.1040",
                    "result": null,
                    "method": "blacklist",
                    "engine_update": "20181117"
                },
                "Avast": {
                    "category": "undetected",
                    "engine_name": "Avast",
                    "engine_version": "18.4.3895.0",
                    "result": null,
                    "method": "blacklist",
                    "engine_update": "20181117"
                },
                "ClamAV": {
                    "category": "undetected",
                    "engine_name": "ClamAV",
                    "engine_version": "0.100.2.0",
                    "result": null,
                    "method": "blacklist",
                    "engine_update": "20181117"
                },
                "Kaspersky": {
                    "category": "undetected",
                    "engine_name": "Kaspersky",
                    "engine_version": "15.0.1.13",
                    "result": null,
                    "method": "blacklist",
                    "engine_update": "20181117"
                },
                "BitDefender": {
                    "category": "undetected",
                    "engine_name": "BitDefender",
                    "engine_version": "7.2",
                    "result": null,
                    "method": "blacklist",
                    "engine_update": "20181117"
                },
                "NANO-Antivirus": {
                    "category": "undetected",
                    "engine_name": "NANO-Antivirus",
                    "engine_version": "1.0.134.24299",
                    "result": null,
                    "method": "blacklist",
                    "engine_update": "20181117"
                },
                "SUPERAntiSpyware": {
                    "category": "undetected",
                    "engine_name": "SUPERAntiSpyware",
                    "engine_version": "5.6.0.1032",
                    "result": null,
                    "method": "blacklist",
                    "engine_update": "20181114"
                },
                "Rising": {
                    "category": "undetected",
                    "engine_name": "Rising",
                    "engine_version": "25.0.0.24",
                    "result": null,
                    "method": "blacklist",
                    "engine_update": "20181117"
                },
                "Ad-Aware": {
                    "category": "undetected",
                    "engine_name": "Ad-Aware",
                    "engine_version": "3.0.5.370",
                    "result": null,
                    "method": "blacklist",
                    "engine_update": "20181117"
                },
                "Trustlook": {
                    "category": "undetected",
                    "engine_name": "Trustlook",
                    "engine_version": "1.0",
                    "result": null,
                    "method": "blacklist",
                    "engine_update": "20181117"
                },
                "Emsisoft": {
                    "category": "undetected",
                    "engine_name": "Emsisoft",
                    "engine_version": "2018.4.0.1029",
                    "result": null,
                    "method": "blacklist",
                    "engine_update": "20181117"
                },
                "F-Secure": {
                    "category": "undetected",
                    "engine_name": "F-Secure",
                    "engine_version": "11.0.19100.45",
                    "result": null,
                    "method": "blacklist",
                    "engine_update": "20181116"
                },
                "DrWeb": {
                    "category": "undetected",
                    "engine_name": "DrWeb",
                    "engine_version": "7.0.33.6080",
                    "result": null,
                    "method": "blacklist",
                    "engine_update": "20181117"
                },
                "Zillya": {
                    "category": "undetected",
                    "engine_name": "Zillya",
                    "engine_version": "2.0.0.3694",
                    "result": null,
                    "method": "blacklist",
                    "engine_update": "20181116"
                },
                "TrendMicro": {
                    "category": "undetected",
                    "engine_name": "TrendMicro",
                    "engine_version": "10.0.0.1040",
                    "result": null,
                    "method": "blacklist",
                    "engine_update": "20181117"
                },
                "McAfee-GW-Edition": {
                    "category": "undetected",
                    "engine_name": "McAfee-GW-Edition",
                    "engine_version": "v2017.3010",
                    "result": null,
                    "method": "blacklist",
                    "engine_update": "20181117"
                },
                "Sophos": {
                    "category": "undetected",
                    "engine_name": "Sophos",
                    "engine_version": "4.98.0",
                    "result": null,
                    "method": "blacklist",
                    "engine_update": "20181117"
                },
                "Paloalto": {
                    "category": "type-unsupported",
                    "engine_name": "Paloalto",
                    "engine_version": "1.0",
                    "result": null,
                    "method": "blacklist",
                    "engine_update": "20181117"
                },
                "Cyren": {
                    "category": "undetected",
                    "engine_name": "Cyren",
                    "engine_version": "6.2.0.1",
                    "result": null,
                    "method": "blacklist",
                    "engine_update": "20181117"
                },
                "Jiangmin": {
                    "category": "undetected",
                    "engine_name": "Jiangmin",
                    "engine_version": "16.0.100",
                    "result": null,
                    "method": "blacklist",
                    "engine_update": "20181117"
                },
                "Webroot": {
                    "category": "type-unsupported",
                    "engine_name": "Webroot",
                    "engine_version": "1.0.0.403",
                    "result": null,
                    "method": "blacklist",
                    "engine_update": "20181117"
                },
                "Avira": {
                    "category": "undetected",
                    "engine_name": "Avira",
                    "engine_version": "8.3.3.6",
                    "result": null,
                    "method": "blacklist",
                    "engine_update": "20181116"
                },
                "MAX": {
                    "category": "undetected",
                    "engine_name": "MAX",
                    "engine_version": "2018.9.12.1",
                    "result": null,
                    "method": "blacklist",
                    "engine_update": "20181117"
                },
                "Antiy-AVL": {
                    "category": "undetected",
                    "engine_name": "Antiy-AVL",
                    "engine_version": "3.0.0.1",
                    "result": null,
                    "method": "blacklist",
                    "engine_update": "20181117"
                },
                "Kingsoft": {
                    "category": "undetected",
                    "engine_name": "Kingsoft",
                    "engine_version": "2013.8.14.323",
                    "result": null,
                    "method": "blacklist",
                    "engine_update": "20181117"
                },
                "Endgame": {
                    "category": "type-unsupported",
                    "engine_name": "Endgame",
                    "engine_version": "3.0.2",
                    "result": null,
                    "method": "blacklist",
                    "engine_update": "20181108"
                },
                "Microsoft": {
                    "category": "undetected",
                    "engine_name": "Microsoft",
                    "engine_version": "1.1.15400.5",
                    "result": null,
                    "method": "blacklist",
                    "engine_update": "20181117"
                },
                "ViRobot": {
                    "category": "undetected",
                    "engine_name": "ViRobot",
                    "engine_version": "2014.3.20.0",
                    "result": null,
                    "method": "blacklist",
                    "engine_update": "20181116"
                },
                "AhnLab-V3": {
                    "category": "undetected",
                    "engine_name": "AhnLab-V3",
                    "engine_version": "3.13.1.22397",
                    "result": null,
                    "method": "blacklist",
                    "engine_update": "20181116"
                },
                "ZoneAlarm": {
                    "category": "undetected",
                    "engine_name": "ZoneAlarm",
                    "engine_version": "1.0",
                    "result": null,
                    "method": "blacklist",
                    "engine_update": "20181117"
                },
                "Avast-Mobile": {
                    "category": "undetected",
                    "engine_name": "Avast-Mobile",
                    "engine_version": "181117-00",
                    "result": null,
                    "method": "blacklist",
                    "engine_update": "20181117"
                },
                "GData": {
                    "category": "undetected",
                    "engine_name": "GData",
                    "engine_version": "A:25.19432B:25.13691",
                    "result": null,
                    "method": "blacklist",
                    "engine_update": "20181117"
                },
                "SentinelOne": {
                    "category": "type-unsupported",
                    "engine_name": "SentinelOne",
                    "engine_version": "1.0.19.245",
                    "result": null,
                    "method": "blacklist",
                    "engine_update": "20181011"
                },
                "TotalDefense": {
                    "category": "undetected",
                    "engine_name": "TotalDefense",
                    "engine_version": "37.1.62.1",
                    "result": null,
                    "method": "blacklist",
                    "engine_update": "20181117"
                },
                "ALYac": {
                    "category": "undetected",
                    "engine_name": "ALYac",
                    "engine_version": "1.1.1.5",
                    "result": null,
                    "method": "blacklist",
                    "engine_update": "20181117"
                },
                "TACHYON": {
                    "category": "undetected",
                    "engine_name": "TACHYON",
                    "engine_version": "2018-11-17.02",
                    "result": null,
                    "method": "blacklist",
                    "engine_update": "20181117"
                },
                "VBA32": {
                    "category": "undetected",
                    "engine_name": "VBA32",
                    "engine_version": "3.33.0",
                    "result": null,
                    "method": "blacklist",
                    "engine_update": "20181116"
                },
                "Cylance": {
                    "category": "type-unsupported",
                    "engine_name": "Cylance",
                    "engine_version": "2.3.1.101",
                    "result": null,
                    "method": "blacklist",
                    "engine_update": "20181117"
                },
                "Zoner": {
                    "category": "undetected",
                    "engine_name": "Zoner",
                    "engine_version": "1.0",
                    "result": null,
                    "method": "blacklist",
                    "engine_update": "20181117"
                },
                "Tencent": {
                    "category": "undetected",
                    "engine_name": "Tencent",
                    "engine_version": "1.0.0.1",
                    "result": null,
                    "method": "blacklist",
                    "engine_update": "20181117"
                },
                "Yandex": {
                    "category": "undetected",
                    "engine_name": "Yandex",
                    "engine_version": "5.5.1.3",
                    "result": null,
                    "method": "blacklist",
                    "engine_update": "20181116"
                },
                "Ikarus": {
                    "category": "undetected",
                    "engine_name": "Ikarus",
                    "engine_version": "0.1.5.2",
                    "result": null,
                    "method": "blacklist",
                    "engine_update": "20181116"
                },
                "eGambit": {
                    "category": "type-unsupported",
                    "engine_name": "eGambit",
                    "engine_version": null,
                    "result": null,
                    "method": "blacklist",
                    "engine_update": "20181117"
                },
                "Fortinet": {
                    "category": "undetected",
                    "engine_name": "Fortinet",
                    "engine_version": "5.4.247.0",
                    "result": null,
                    "method": "blacklist",
                    "engine_update": "20181117"
                },
                "AVG": {
                    "category": "undetected",
                    "engine_name": "AVG",
                    "engine_version": "18.4.3895.0",
                    "result": null,
                    "method": "blacklist",
                    "engine_update": "20181117"
                },
                "Cybereason": {
                    "category": "type-unsupported",
                    "engine_name": "Cybereason",
                    "engine_version": null,
                    "result": null,
                    "method": "blacklist",
                    "engine_update": "20180308"
                },
                "Panda": {
                    "category": "undetected",
                    "engine_name": "Panda",
                    "engine_version": "4.6.4.2",
                    "result": null,
                    "method": "blacklist",
                    "engine_update": "20181116"
                },
                "CrowdStrike": {
                    "category": "type-unsupported",
                    "engine_name": "CrowdStrike",
                    "engine_version": "1.0",
                    "result": null,
                    "method": "blacklist",
                    "engine_update": "20180202"
                },
                "Qihoo-360": {
                    "category": "undetected",
                    "engine_name": "Qihoo-360",
                    "engine_version": "1.0.0.1120",
                    "result": null,
                    "method": "blacklist",
                    "engine_update": "20181117"
                }
            },
            "sha256": "000a0397564123673d14131be4b7aa8bc2d10efc57eccb5da83915b7692c6eb5",
            "tags": [
                "apk",
                "android",
                "dyn-class"
            ],
            "last_analysis_date": 1542440032,
            "unique_sources": 2,
            "first_submission_date": 1445766292,
            "sha1": "fb5afef1761d840dd323f4962c240cd16877190b",
            "ssdeep": "12288:1ztJ10vbYgv2ehL3nZ8LM5mNR2+Nhkv0xE+D7C8XCvsA701jQD3DW8F9DfyDYbE:NmfjZ3uAmNR2ghkgHC8XWx7agzVewE",
            "bundle_info": {
                "highest_datetime": "2014-11-02 13:13:38",
                "lowest_datetime": "2012-07-29 11:51:34",
                "num_children": 51,
                "extensions": {
                    "xml": 13,
                    "dex": 1,
                    "MF": 1,
                    "htm": 1,
                    "RSA": 1,
                    "jpg": 1,
                    "SF": 1,
                    "png": 31
                },
                "file_types": {
                    "XML": 11,
                    "unknown": 7,
                    "DEX": 1,
                    "JPG": 1,
                    "PNG": 31
                },
                "type": "APK",
                "uncompressed_size": 1673160
            },
            "packers": {
                "F-PROT": "UTF-8"
            },
            "md5": "fb35696202d1bc5e2708f0a37ea30d5e",
            "androguard": {
                "Activities": [
                    "tw.musetech.museclinic.ItemListActivity",
                    "tw.musetech.museclinic.ItemDetailActivity",
                    "com.google.ads.AdActivity"
                ],
                "AndroidVersionCode": "38",
                "main_activity": "tw.musetech.museclinic.ItemListActivity",
                "certificate": {
                    "Subject": {
                        "DN": "C:TW, CN:Roger Yang, L:Taipei, O:MUSE TECHNOLOGY CO., LTD., ST:Taiwan, OU:R & D",
                        "C": "TW",
                        "CN": "Roger Yang",
                        "L": "Taipei",
                        "O": "MUSE TECHNOLOGY CO., LTD.",
                        "ST": "Taiwan",
                        "OU": "R & D"
                    },
                    "validto": "01:02 AM 01/14/2066",
                    "serialnumber": "4da4f62b",
                    "thumbprint": "c5b760d6454389bbd56f8ef4cd3fdfa1823312f9",
                    "validfrom": "01:02 AM 04/13/2011",
                    "Issuer": {
                        "DN": "C:TW, CN:Roger Yang, L:Taipei, O:MUSE TECHNOLOGY CO., LTD., ST:Taiwan, OU:R & D",
                        "C": "TW",
                        "CN": "Roger Yang",
                        "L": "Taipei",
                        "O": "MUSE TECHNOLOGY CO., LTD.",
                        "ST": "Taiwan",
                        "OU": "R & D"
                    }
                },
                "VTAndroidInfo": 1.41,
                "Package": "tw.musetech.museclinic",
                "intent_filters": {
                    "Services": {},
                    "Activities": {
                        "tw.musetech.museclinic.ItemListActivity": {
                            "action": [
                                "android.intent.action.MAIN"
                            ],
                            "category": [
                                "android.intent.category.LAUNCHER"
                            ]
                        }
                    },
                    "Receivers": {}
                },
                "AndroidApplication": 1,
                "permission_details": {
                    "android.permission.INTERNET": {
                        "short_description": "full Internet access",
                        "full_description": "Allows an application to create network sockets.",
                        "permission_type": "dangerous"
                    },
                    "android.permission.ACCESS_NETWORK_STATE": {
                        "short_description": "view network status",
                        "full_description": "Allows an application to view the status of all networks.",
                        "permission_type": "normal"
                    }
                },
                "SourceFile": "r:\\sav6\\work_channel1_6\\48814171",
                "StringsInformation": [
                    "http://114.33.175.178/",
                    "http://124.219.53.35/his/opdq500.asp",
                    "http://124.219.53.35/lgfrm.asp?Dir2=1",
                    "http://163.29.77.236/OINetReg/OINetReg.Reg/Reg_NetReg.aspx",
                    "http://1637.tw/07-7676688/Theme/time.html",
                    "http://203.71.89.14/newreg.php",
                    "http://210.69.56.13/lgfrm.asp?Dir2=1",
                    "http://211.79.132.2/lgfrm.asp?Dir2=1",
                    "http://211.79.132.2/stepF1.asp",
                    "http://59.120.35.134/NetReg/KQueryStatus/QueryStatusList.aspx",
                    "http://59.120.35.134/NetReg/KReg/DivList.aspx?Func=Reg",
                    "http://59.124.15.199/register/his/opdq500.asp",
                    "http://59.124.15.199/register/lgfrm.asp?Dir2=1",
                    "http://59.124.169.149",
                    "http://59.124.169.149:8080/lgfrm.asp?Dir2=1",
                    "http://59.125.151.69/netreg/sub_page03.asp",
                    "http://59.125.151.69/netreg/sub_page06.asp",
                    "http://59.125.169.100/khcmv/RssFeed.aspx",
                    "http://59.125.169.100/khcmv/main.htm",
                    "http://59.125.233.215/matou/RT01/SLHPage7.aspx",
                    "http://59.125.233.215/matou/rt01/",
                    "http://59.125.233.216/sinlau/rt01/",
                    "http://59.125.233.216/sinlau/rt01/SLHPage7.aspx",
                    "http://60.249.72.227/nowNumber/clinic_number.php",
                    "http://60.249.72.231/er/index.asp",
                    "http://61.66.117.10/cmuh/introduction/layout_4/?did=11111&id=846",
                    "http://61.66.117.10/taipei/regmain.htm",
                    "http://806.mnd.gov.tw/p/index.php?t=b",
                    "http://806.mnd.gov.tw:8080/register/lgfrm.asp?Dir2=1+pk8v",
                    "http://app2.weigong.org.tw/WebReg/ym/reg/Reg?act=select&task=divisionreg",
                    "http://app2.weigong.org.tw/WebReg/ym/reg/Reg?act=select&task=viewinfo",
                    "http://bhapp.ntuh.gov.tw/ntuh_web/",
                    "http://bsobs-yoyo.vision.com.tw/ScheduleRegis.aspx",
                    "http://chyiwww01.chyi.mohw.gov.tw/ChooseDep.asp?subseq=Y",
                    "http://chyiwww01.chyi.mohw.gov.tw/QryNum.asp",
                    "http://d6www.hosp.ncku.edu.tw/prorate.asp",
                    "http://d6www.hosp.ncku.edu.tw/tg.web/Appointment/frmAppointment_Divisions.aspx",
                    "http://dsdn.aftygh.gov.tw/mnd804_web/index.html",
                    "http://e.admob.com/clk?ad_loc=@gw_adlocid@&qdata=@gw_qdata@&ad_network_id=@gw_adnetid@&js=@gw_sdkver@&session_id=@gw_sessid@&seq_num=@gw_seqnum@&nr=@gw_adnetrefresh@",
                    "http://e.admob.com/imp?ad_loc=@gw_adlocid@&qdata=@gw_qdata@&ad_network_id=@gw_adnetid@&js=@gw_sdkver@&session_id=@gw_sessid@&seq_num=@gw_seqnum@&nr=@gw_adnetrefresh@&adt=@gw_adt@&aec=@gw_aec@",
                    "http://e.admob.com/nofill?ad_loc=@gw_adlocid@&qdata=@gw_qdata@&js=@gw_sdkver@&session_id=@gw_sessid@&seq_num=@gw_seqnum@&adt=@gw_adt@&aec=@gw_aec@",
                    "http://eng.shh.org.tw/reg/UI/C/C10400.aspx",
                    "http://media.admob.com/",
                    "http://media.admob.com/mraid/v1/mraid_app_banner.js",
                    "http://media.admob.com/mraid/v1/mraid_app_expanded_banner.js",
                    "http://media.admob.com/mraid/v1/mraid_app_interstitial.js",
                    "http://musetech.azurewebsites.net/musedoc/musemap.asp?N=25.003795&E=121.540943&Z=17&T=0",
                    "http://musetech.azurewebsites.net/musedoc/musemap.asp?T=0&Z=16&",
                    "http://netreg.e-ms.com.tw/netreg/",
                    "http://netreg.kln.mohw.gov.tw/ChooseDep.asp?subseq=Y",
                    "http://netreg.kln.mohw.gov.tw/kln/outpatient_data.aspx",
                    "http://netreg.kmhp.mohw.gov.tw/netreg/ChooseDep.asp?subseq=Y",
                    "http://netreg.kmhp.mohw.gov.tw/netreg/QryNum.asp",
                    "http://netreg.pngh.mohw.gov.tw/netreg/ChooseDep.asp?subseq=Y",
                    "http://netreg.pngh.mohw.gov.tw/netreg/QryNum.asp",
                    "http://netreg.pnhb.doh.gov.tw/netreg/ChooseDep.asp?subseq=Y",
                    "http://netreg.pnhb.doh.gov.tw/netreg/QryNum.asp",
                    "http://netreg.pnhb.mohw.gov.tw/netreg/ChooseDep.asp?subseq=Y",
                    "http://netreg.pnhb.mohw.gov.tw/netreg/QryNum.asp",
                    "http://netreg.smh.org.tw/OINetReg/OINetReg.Reg/Reg_NetReg.aspx",
                    "http://netreg.smh.org.tw/OINetReg/OINetReg.Reg/Reg_NumberInq.aspx",
                    "http://netreg.tait.mohw.gov.tw/netreg/ChooseDep.asp?subseq=Y",
                    "http://netreg.tait.mohw.gov.tw/netreg/QryNum.asp",
                    "http://netreg01.nant.mohw.gov.tw/OINetReg/OINetReg.Reg/Reg_NetReg.aspx",
                    "http://netreg01.nant.mohw.gov.tw/OINetReg/OINetReg.Reg/Reg_OutpatientInq.aspx",
                    "http://newnetreg.chis.doh.gov.tw/netreg/ChooseDep.asp?subseq=Y",
                    "http://newnetreg.chis.doh.gov.tw/netreg/QryNum.asp",
                    "http://order.ylh.gov.tw/NR/Outpatient_hwData.aspx",
                    "http://order.ylh.gov.tw/netreg/ChooseDep.asp?subseq=Y",
                    "http://pali.bali.doh.gov.tw/netreg/ChooseDep.asp?subseq=Y",
                    "http://pali.bali.doh.gov.tw/netreg/QryNum.asp",
                    "http://pali.balipc.gov.tw/netreg/ChooseDep.asp?subseq=Y",
                    "http://pali.balipc.gov.tw/netreg/QryNum.asp",
                    "http://reg.805.mnd.gov.tw/his/opdq500.asp",
                    "http://reg.805.mnd.gov.tw/lgfrm.asp?Dir2=1",
                    "http://reg.814.mnd.gov.tw/his/opdq500.asp",
                    "http://reg.814.mnd.gov.tw/lgfrm.asp?Dir2=1+TOAZ",
                    "http://reg.tph.mohw.gov.tw/OINetReg/OINetReg.Reg/Reg_NetReg.aspx",
                    "http://reg.vhwc.gov.tw/lgfrm.asp?Dir2=1",
                    "http://reg.vhwc.gov.tw/stepF1.asp",
                    "http://reg.vhyk.gov.tw/lgfrm.asp?Dir2=1",
                    "http://reg.vhyk.gov.tw/stepF1.asp",
                    "http://reg05.mmh.org.tw/reg05/OpdProgress.aspx",
                    "http://reg05.mmh.org.tw/reg05/default.aspx?Lang=C",
                    "http://reg07.mmh.org.tw/reg07/",
                    "http://reg07.mmh.org.tw/reg07/OpdProgress.aspx",
                    "http://reg1.stm.org.tw/reg.htm",
                    "http://reg1.stm.org.tw/search.asp",
                    "http://register.flvh.gov.tw/stepF1.asp",
                    "http://register.vghtc.gov.tw/register/",
                    "http://register.vhyl.gov.tw/tre/lgfrm.asp?Dir2=1",
                    "http://register.vhyl.gov.tw/tre/stepF1.asp",
                    "http://registration.aftygh.gov.tw/lgfrm.asp?Dir2=1",
                    "http://registry.pulivh.gov.tw/lgfrm.asp?Dir2=1",
                    "http://registry.pulivh.gov.tw/stepF1.asp",
                    "http://rg.sltung.com.tw/",
                    "http://rg.sltung.com.tw/division2.htm",
                    "http://rms.sph.org.tw/sphrms/rms-sph.htm",
                    "http://rms.sph.org.tw/sphrms/rms_querysp.asp",
                    "http://schemas.android.com/apk/lib/com.google.ads"
                ],
                "AndroidApplicationError": false,
                "AndroidVersionName": "1.3.7",
                "RiskIndicator": {
                    "APK": {
                        "DEX": 1
                    },
                    "PERM": {
                        "INTERNET": 1,
                        "NORMAL": 1
                    }
                },
                "MinSdkVersion": "14",
                "TargetSdkVersion": "17",
                "AndroguardVersion": "3.0-dev",
                "AndroidApplicationInfo": "APK"
            },
            "magic": "Zip archive data, at least v2.0 to extract",
            "last_analysis_stats": {
                "harmless": 0,
                "type-unsupported": 9,
                "suspicious": 0,
                "confirmed-timeout": 0,
                "timeout": 0,
                "failure": 0,
                "malicious": 0,
                "undetected": 60
            },
            "meaningful_name": "tw.musetech.museclinic.apk",
            "reputation": 0
        },
        "type": "file",
        "id": "000a0397564123673d14131be4b7aa8bc2d10efc57eccb5da83915b7692c6eb5",
        "links": {
            "self": "https://www.virustotal.com/api/v3/files/000a0397564123673d14131be4b7aa8bc2d10efc57eccb5da83915b7692c6eb5"
        }
    }
}