{
    "data": {
        "attributes": {
            "type_description": "Android",
            "tlsh": "T1BDE2C00BAEBA6A14F673A775477E22D172BBB6402B388F1DC20FD418041B6751B84ED6",
            "vhash": "b9e35edf5d41ec6b80b45c77396e7026",
            "trid": [
                {
                    "file_type": "Android Package",
                    "probability": 67.5
                },
                {
                    "file_type": "Java Archive",
                    "probability": 23.6
                },
                {
                    "file_type": "ZIP compressed archive",
                    "probability": 7.0
                },
                {
                    "file_type": "PrintFox/Pagefox bitmap (640x800)",
                    "probability": 1.7
                }
            ],
            "names": [
                "000e0948176bdec2b6e19d0f03e23f37910676a9b7e7709954614bac79269c36.apk",
                "000E0948176BDEC2B6E19D0F03E23F37910676A9B7E7709954614BAC79269C36.apk",
                "app4206.apk",
                "myfile.apk",
                "000e0948176bdec2b6e19d0f03e23f37910676a9b7e7709954614bac79269c36",
                "jfake1.apk",
                "438ec40dbc9cbb62878c1ad46a03fcb0.apk",
                "736df724e1f4d90a4cb1b3e5b16e054382a926c3.apk",
                "file-7686717_",
                "000e0948176bdec2b6e19d0f03e23f37910676a9b7e7709954614bac79269c36.bin",
                "438ec40dbc9cbb62878c1ad46a03fcb0_000e0948176bdec2b6e19d0f03e23f37910676a9b7e7709954614bac79269c36",
                "000E0948176BDEC2B6E19D0F03E23F37910676A9B7E7709954614BAC79269C36.log",
                "jimm1.apk"
            ],
            "last_modification_date": 1641781322,
            "type_tag": "android",
            "times_submitted": 104,
            "total_votes": {
                "harmless": 0,
                "malicious": 0
            },
            "size": 32363,
            "popular_threat_classification": {
                "suggested_threat_label": "trojan.jifake/fakeinst",
                "popular_threat_category": [
                    {
                        "count": 16,
                        "value": "trojan"
                    }
                ],
                "popular_threat_name": [
                    {
                        "count": 9,
                        "value": "jifake"
                    },
                    {
                        "count": 6,
                        "value": "fakeinst"
                    },
                    {
                        "count": 2,
                        "value": "trojansms"
                    }
                ]
            },
            "last_submission_date": 1637913442,
            "last_analysis_results": {
                "Bkav": {
                    "category": "undetected",
                    "engine_name": "Bkav",
                    "engine_version": "1.3.0.9899",
                    "result": null,
                    "method": "blacklist",
                    "engine_update": "20220108"
                },
                "Lionic": {
                    "category": "malicious",
                    "engine_name": "Lionic",
                    "engine_version": "4.2",
                    "result": "SUSPICIOUS",
                    "method": "blacklist",
                    "engine_update": "20220109"
                },
                "Elastic": {
                    "category": "type-unsupported",
                    "engine_name": "Elastic",
                    "engine_version": "4.0.32",
                    "result": null,
                    "method": "blacklist",
                    "engine_update": "20211223"
                },
                "MicroWorld-eScan": {
                    "category": "undetected",
                    "engine_name": "MicroWorld-eScan",
                    "engine_version": "14.0.409.0",
                    "result": null,
                    "method": "blacklist",
                    "engine_update": "20220109"
                },
                "CMC": {
                    "category": "undetected",
                    "engine_name": "CMC",
                    "engine_version": "2.10.2019.1",
                    "result": null,
                    "method": "blacklist",
                    "engine_update": "20211026"
                },
                "CAT-QuickHeal": {
                    "category": "malicious",
                    "engine_name": "CAT-QuickHeal",
                    "engine_version": "14.00",
                    "result": "Android.FakeInst.J",
                    "method": "blacklist",
                    "engine_update": "20220109"
                },
                "ALYac": {
                    "category": "undetected",
                    "engine_name": "ALYac",
                    "engine_version": "1.1.3.1",
                    "result": null,
                    "method": "blacklist",
                    "engine_update": "20220109"
                },
                "Malwarebytes": {
                    "category": "undetected",
                    "engine_name": "Malwarebytes",
                    "engine_version": "4.2.2.27",
                    "result": null,
                    "method": "blacklist",
                    "engine_update": "20220109"
                },
                "Zillya": {
                    "category": "malicious",
                    "engine_name": "Zillya",
                    "engine_version": "2.0.0.4542",
                    "result": "Trojan.Agent.Android.134742",
                    "method": "blacklist",
                    "engine_update": "20220109"
                },
                "Paloalto": {
                    "category": "type-unsupported",
                    "engine_name": "Paloalto",
                    "engine_version": "1.0",
                    "result": null,
                    "method": "blacklist",
                    "engine_update": "20220110"
                },
                "Sangfor": {
                    "category": "undetected",
                    "engine_name": "Sangfor",
                    "engine_version": "2.9.0.0",
                    "result": null,
                    "method": "blacklist",
                    "engine_update": "20211224"
                },
                "K7AntiVirus": {
                    "category": "undetected",
                    "engine_name": "K7AntiVirus",
                    "engine_version": "11.240.40254",
                    "result": null,
                    "method": "blacklist",
                    "engine_update": "20220109"
                },
                "Alibaba": {
                    "category": "malicious",
                    "engine_name": "Alibaba",
                    "engine_version": "0.3.0.5",
                    "result": "Trojan:Android/Jifake.aa24a4c9",
                    "method": "blacklist",
                    "engine_update": "20190527"
                },
                "K7GW": {
                    "category": "malicious",
                    "engine_name": "K7GW",
                    "engine_version": "11.240.40257",
                    "result": "Trojan ( 0055685e1 )",
                    "method": "blacklist",
                    "engine_update": "20220109"
                },
                "Trustlook": {
                    "category": "malicious",
                    "engine_name": "Trustlook",
                    "engine_version": "1.0",
                    "result": "Android.Malware.Trojan",
                    "method": "blacklist",
                    "engine_update": "20220110"
                },
                "BitDefenderTheta": {
                    "category": "undetected",
                    "engine_name": "BitDefenderTheta",
                    "engine_version": "7.2.37796.0",
                    "result": null,
                    "method": "blacklist",
                    "engine_update": "20211223"
                },
                "VirIT": {
                    "category": "malicious",
                    "engine_name": "VirIT",
                    "engine_version": "9.5.107",
                    "result": "Android.Trj.SMSAgent.EBM",
                    "method": "blacklist",
                    "engine_update": "20220107"
                },
                "Cyren": {
                    "category": "malicious",
                    "engine_name": "Cyren",
                    "engine_version": "6.5.1.2",
                    "result": "AndroidOS/Jifake.D",
                    "method": "blacklist",
                    "engine_update": "20220109"
                },
                "SymantecMobileInsight": {
                    "category": "failure",
                    "engine_name": "SymantecMobileInsight",
                    "engine_version": "2.0",
                    "result": null,
                    "method": "blacklist",
                    "engine_update": "20211119"
                },
                "Symantec": {
                    "category": "malicious",
                    "engine_name": "Symantec",
                    "engine_version": "1.16.0.0",
                    "result": "Trojan.Gen.MBT",
                    "method": "blacklist",
                    "engine_update": "20220109"
                },
                "ESET-NOD32": {
                    "category": "malicious",
                    "engine_name": "ESET-NOD32",
                    "engine_version": "24593",
                    "result": "Android/TrojanSMS.Agent.A",
                    "method": "blacklist",
                    "engine_update": "20220109"
                },
                "Baidu": {
                    "category": "undetected",
                    "engine_name": "Baidu",
                    "engine_version": "1.0.0.2",
                    "result": null,
                    "method": "blacklist",
                    "engine_update": "20190318"
                },
                "TrendMicro-HouseCall": {
                    "category": "malicious",
                    "engine_name": "TrendMicro-HouseCall",
                    "engine_version": "10.0.0.1040",
                    "result": "AndroidOS_JIFAKE.EV",
                    "method": "blacklist",
                    "engine_update": "20220109"
                },
                "Avast": {
                    "category": "malicious",
                    "engine_name": "Avast",
                    "engine_version": "21.1.5827.0",
                    "result": "Android:FakeInst-ASF [Trj]",
                    "method": "blacklist",
                    "engine_update": "20220109"
                },
                "ClamAV": {
                    "category": "malicious",
                    "engine_name": "ClamAV",
                    "engine_version": "0.104.1.0",
                    "result": "Andr.Trojan.Jifake-10",
                    "method": "blacklist",
                    "engine_update": "20220109"
                },
                "Kaspersky": {
                    "category": "malicious",
                    "engine_name": "Kaspersky",
                    "engine_version": "21.0.1.45",
                    "result": "HEUR:Trojan-SMS.AndroidOS.Jifake.a",
                    "method": "blacklist",
                    "engine_update": "20220109"
                },
                "BitDefender": {
                    "category": "undetected",
                    "engine_name": "BitDefender",
                    "engine_version": "7.2",
                    "result": null,
                    "method": "blacklist",
                    "engine_update": "20220109"
                },
                "NANO-Antivirus": {
                    "category": "malicious",
                    "engine_name": "NANO-Antivirus",
                    "engine_version": "1.0.146.25520",
                    "result": "Trojan.Android.Jifake.ejxnwp",
                    "method": "blacklist",
                    "engine_update": "20220109"
                },
                "SUPERAntiSpyware": {
                    "category": "undetected",
                    "engine_name": "SUPERAntiSpyware",
                    "engine_version": "5.6.0.1032",
                    "result": null,
                    "method": "blacklist",
                    "engine_update": "20220108"
                },
                "Tencent": {
                    "category": "malicious",
                    "engine_name": "Tencent",
                    "engine_version": "1.0.0.1",
                    "result": "Trojan.Android.Jifake.c",
                    "method": "blacklist",
                    "engine_update": "20220110"
                },
                "Ad-Aware": {
                    "category": "undetected",
                    "engine_name": "Ad-Aware",
                    "engine_version": "3.0.21.193",
                    "result": null,
                    "method": "blacklist",
                    "engine_update": "20220109"
                },
                "TACHYON": {
                    "category": "undetected",
                    "engine_name": "TACHYON",
                    "engine_version": "2022-01-09.02",
                    "result": null,
                    "method": "blacklist",
                    "engine_update": "20220109"
                },
                "Emsisoft": {
                    "category": "undetected",
                    "engine_name": "Emsisoft",
                    "engine_version": "2021.5.0.7597",
                    "result": null,
                    "method": "blacklist",
                    "engine_update": "20220109"
                },
                "Comodo": {
                    "category": "malicious",
                    "engine_name": "Comodo",
                    "engine_version": "34249",
                    "result": "Malware@#nw8uo4bwthsl",
                    "method": "blacklist",
                    "engine_update": "20220109"
                },
                "F-Secure": {
                    "category": "undetected",
                    "engine_name": "F-Secure",
                    "engine_version": "12.0.86.52",
                    "result": null,
                    "method": "blacklist",
                    "engine_update": "20220109"
                },
                "DrWeb": {
                    "category": "malicious",
                    "engine_name": "DrWeb",
                    "engine_version": "7.0.52.8270",
                    "result": "Android.SmsSend.136",
                    "method": "blacklist",
                    "engine_update": "20220109"
                },
                "VIPRE": {
                    "category": "undetected",
                    "engine_name": "VIPRE",
                    "engine_version": "98262",
                    "result": null,
                    "method": "blacklist",
                    "engine_update": "20220109"
                },
                "TrendMicro": {
                    "category": "malicious",
                    "engine_name": "TrendMicro",
                    "engine_version": "11.0.0.1006",
                    "result": "AndroidOS_JIFAKE.EV",
                    "method": "blacklist",
                    "engine_update": "20220109"
                },
                "McAfee-GW-Edition": {
                    "category": "malicious",
                    "engine_name": "McAfee-GW-Edition",
                    "engine_version": "v2019.1.2+3728",
                    "result": "Artemis!Trojan",
                    "method": "blacklist",
                    "engine_update": "20220109"
                },
                "SentinelOne": {
                    "category": "type-unsupported",
                    "engine_name": "SentinelOne",
                    "engine_version": "7.0.0.7",
                    "result": null,
                    "method": "blacklist",
                    "engine_update": "20211129"
                },
                "FireEye": {
                    "category": "undetected",
                    "engine_name": "FireEye",
                    "engine_version": "32.44.1.0",
                    "result": null,
                    "method": "blacklist",
                    "engine_update": "20220109"
                },
                "Sophos": {
                    "category": "malicious",
                    "engine_name": "Sophos",
                    "engine_version": "1.4.1.0",
                    "result": "Andr/FakeICQ-A",
                    "method": "blacklist",
                    "engine_update": "20220109"
                },
                "APEX": {
                    "category": "type-unsupported",
                    "engine_name": "APEX",
                    "engine_version": "6.247",
                    "result": null,
                    "method": "blacklist",
                    "engine_update": "20220107"
                },
                "GData": {
                    "category": "undetected",
                    "engine_name": "GData",
                    "engine_version": "A:25.31976B:27.25810",
                    "result": null,
                    "method": "blacklist",
                    "engine_update": "20220109"
                },
                "Jiangmin": {
                    "category": "malicious",
                    "engine_name": "Jiangmin",
                    "engine_version": "16.0.100",
                    "result": "Trojan/AndroidOS.du",
                    "method": "blacklist",
                    "engine_update": "20220109"
                },
                "Webroot": {
                    "category": "type-unsupported",
                    "engine_name": "Webroot",
                    "engine_version": "1.0.0.403",
                    "result": null,
                    "method": "blacklist",
                    "engine_update": "20220110"
                },
                "Avira": {
                    "category": "malicious",
                    "engine_name": "Avira",
                    "engine_version": "8.3.3.12",
                    "result": "ANDROID/TrojanSMS.BAA.Gen",
                    "method": "blacklist",
                    "engine_update": "20220109"
                },
                "eGambit": {
                    "category": "type-unsupported",
                    "engine_name": "eGambit",
                    "engine_version": null,
                    "result": null,
                    "method": "blacklist",
                    "engine_update": "20220110"
                },
                "Antiy-AVL": {
                    "category": "malicious",
                    "engine_name": "Antiy-AVL",
                    "engine_version": "3.0.0.1",
                    "result": "Trojan/Generic.ASMalwAD.19",
                    "method": "blacklist",
                    "engine_update": "20220109"
                },
                "Kingsoft": {
                    "category": "undetected",
                    "engine_name": "Kingsoft",
                    "engine_version": "2017.9.26.565",
                    "result": null,
                    "method": "blacklist",
                    "engine_update": "20220110"
                },
                "Microsoft": {
                    "category": "malicious",
                    "engine_name": "Microsoft",
                    "engine_version": "1.1.18800.4",
                    "result": "PUA:Win32/Vigua.A",
                    "method": "blacklist",
                    "engine_update": "20220109"
                },
                "Gridinsoft": {
                    "category": "undetected",
                    "engine_name": "Gridinsoft",
                    "engine_version": "1.0.68.170",
                    "result": null,
                    "method": "blacklist",
                    "engine_update": "20220109"
                },
                "Arcabit": {
                    "category": "undetected",
                    "engine_name": "Arcabit",
                    "engine_version": "1.0.0.888",
                    "result": null,
                    "method": "blacklist",
                    "engine_update": "20220109"
                },
                "ViRobot": {
                    "category": "undetected",
                    "engine_name": "ViRobot",
                    "engine_version": "2014.3.20.0",
                    "result": null,
                    "method": "blacklist",
                    "engine_update": "20220109"
                },
                "Avast-Mobile": {
                    "category": "malicious",
                    "engine_name": "Avast-Mobile",
                    "engine_version": "220109-02",
                    "result": "Android:Evo-gen [Trj]",
                    "method": "blacklist",
                    "engine_update": "20220109"
                },
                "Cynet": {
                    "category": "malicious",
                    "engine_name": "Cynet",
                    "engine_version": "4.0.0.27",
                    "result": "Malicious (score: 99)",
                    "method": "blacklist",
                    "engine_update": "20220109"
                },
                "BitDefenderFalx": {
                    "category": "malicious",
                    "engine_name": "BitDefenderFalx",
                    "engine_version": "2.0.936",
                    "result": "Android.Trojan.FakeInst.E",
                    "method": "blacklist",
                    "engine_update": "20220103"
                },
                "AhnLab-V3": {
                    "category": "malicious",
                    "engine_name": "AhnLab-V3",
                    "engine_version": "3.21.2.10258",
                    "result": "Trojan/Android.FakeInst.8449",
                    "method": "blacklist",
                    "engine_update": "20220109"
                },
                "Acronis": {
                    "category": "type-unsupported",
                    "engine_name": "Acronis",
                    "engine_version": "1.1.1.82",
                    "result": null,
                    "method": "blacklist",
                    "engine_update": "20210512"
                },
                "McAfee": {
                    "category": "malicious",
                    "engine_name": "McAfee",
                    "engine_version": "6.0.6.653",
                    "result": "Artemis!438EC40DBC9C",
                    "method": "blacklist",
                    "engine_update": "20220109"
                },
                "MAX": {
                    "category": "malicious",
                    "engine_name": "MAX",
                    "engine_version": "2019.9.16.1",
                    "result": "malware (ai score=100)",
                    "method": "blacklist",
                    "engine_update": "20220110"
                },
                "VBA32": {
                    "category": "malicious",
                    "engine_name": "VBA32",
                    "engine_version": "5.0.0",
                    "result": "Trojan-SMS.AndroidOS.Jifake.aa",
                    "method": "blacklist",
                    "engine_update": "20220106"
                },
                "Cylance": {
                    "category": "type-unsupported",
                    "engine_name": "Cylance",
                    "engine_version": "2.3.1.101",
                    "result": null,
                    "method": "blacklist",
                    "engine_update": "20220110"
                },
                "Zoner": {
                    "category": "undetected",
                    "engine_name": "Zoner",
                    "engine_version": "2.2.2.0",
                    "result": null,
                    "method": "blacklist",
                    "engine_update": "20220109"
                },
                "Rising": {
                    "category": "undetected",
                    "engine_name": "Rising",
                    "engine_version": "25.0.0.27",
                    "result": null,
                    "method": "blacklist",
                    "engine_update": "20220109"
                },
                "Yandex": {
                    "category": "undetected",
                    "engine_name": "Yandex",
                    "engine_version": "5.5.2.24",
                    "result": null,
                    "method": "blacklist",
                    "engine_update": "20220109"
                },
                "Ikarus": {
                    "category": "malicious",
                    "engine_name": "Ikarus",
                    "engine_version": "0.1.5.2",
                    "result": "Trojan-SMS.AndroidOS.Agent",
                    "method": "blacklist",
                    "engine_update": "20220109"
                },
                "MaxSecure": {
                    "category": "undetected",
                    "engine_name": "MaxSecure",
                    "engine_version": "1.0.0.1",
                    "result": null,
                    "method": "blacklist",
                    "engine_update": "20220105"
                },
                "Fortinet": {
                    "category": "malicious",
                    "engine_name": "Fortinet",
                    "engine_version": "6.2.142.0",
                    "result": "Android/FakeInst.E!tr",
                    "method": "blacklist",
                    "engine_update": "20220109"
                },
                "AVG": {
                    "category": "malicious",
                    "engine_name": "AVG",
                    "engine_version": "21.1.5827.0",
                    "result": "Android:FakeInst-ASF [Trj]",
                    "method": "blacklist",
                    "engine_update": "20220109"
                },
                "Cybereason": {
                    "category": "type-unsupported",
                    "engine_name": "Cybereason",
                    "engine_version": "1.2.449",
                    "result": null,
                    "method": "blacklist",
                    "engine_update": "20210330"
                },
                "Panda": {
                    "category": "undetected",
                    "engine_name": "Panda",
                    "engine_version": "4.6.4.2",
                    "result": null,
                    "method": "blacklist",
                    "engine_update": "20220109"
                },
                "CrowdStrike": {
                    "category": "type-unsupported",
                    "engine_name": "CrowdStrike",
                    "engine_version": "1.0",
                    "result": null,
                    "method": "blacklist",
                    "engine_update": null
                }
            },
            "sha256": "000e0948176bdec2b6e19d0f03e23f37910676a9b7e7709954614bac79269c36",
            "type_extension": "apk",
            "tags": [
                "apk",
                "android"
            ],
            "last_analysis_date": 1641774087,
            "unique_sources": 40,
            "first_submission_date": 1318000291,
            "sha1": "736df724e1f4d90a4cb1b3e5b16e054382a926c3",
            "ssdeep": "384:jma0pMoQdp6eENmhsPtJdIirJNjWWzIgiGVm+nXmfaKi+tJwwtLi3PORQ6+8TQtx:d9J2e3yPGirP3BVn6wwt4Oy8TgCItCZw",
            "bundle_info": {
                "highest_datetime": "2011-10-03 12:59:42",
                "lowest_datetime": "2011-10-03 12:59:42",
                "num_children": 11,
                "extensions": {
                    "xml": 2,
                    "dex": 1,
                    "MF": 1,
                    "SF": 1,
                    "png": 4,
                    "DSA": 1
                },
                "file_types": {
                    "XML": 2,
                    "unknown": 4,
                    "DEX": 1,
                    "PNG": 4
                },
                "type": "APK",
                "uncompressed_size": 39252
            },
            "md5": "438ec40dbc9cbb62878c1ad46a03fcb0",
            "androguard": {
                "Activities": [
                    "QueiD9ej.ezahS1gi.App"
                ],
                "AndroidVersionCode": "1",
                "main_activity": "QueiD9ej.ezahS1gi.App",
                "certificate": {
                    "Subject": {
                        "DN": "C:KK, CN:kk, O:kk, OU:kk",
                        "C": "KK",
                        "OU": "kk",
                        "O": "kk",
                        "CN": "kk"
                    },
                    "validto": "2039-01-15 16:09:49",
                    "serialnumber": "4e5d0b4d",
                    "thumbprint": "184ab55237bb822a4175b62155ff209b822b785e",
                    "validfrom": "2011-08-30 16:09:49",
                    "Issuer": {
                        "DN": "C:KK, CN:kk, O:kk, OU:kk",
                        "C": "KK",
                        "OU": "kk",
                        "O": "kk",
                        "CN": "kk"
                    }
                },
                "VTAndroidInfo": 2.0,
                "Package": "QueiD9ej.ezahS1gi",
                "intent_filters": {
                    "Activities": {
                        "QueiD9ej.ezahS1gi.App": {
                            "action": [
                                "android.intent.action.MAIN"
                            ],
                            "category": [
                                "android.intent.category.LAUNCHER"
                            ]
                        }
                    }
                },
                "AndroidApplication": 1,
                "permission_details": {
                    "android.permission.WRITE_CONTACTS": {
                        "short_description": "modify your contacts",
                        "full_description": "Allows the app to\n    modify the data about your contacts stored on your phone, including the\n    frequency with which you've called, emailed, or communicated in other ways\n    with specific contacts. This permission allows apps to delete contact\n    data.",
                        "permission_type": "dangerous"
                    },
                    "android.permission.SEND_SMS": {
                        "short_description": "send SMS messages",
                        "full_description": "Allows the app to send SMS messages.\n     This may result in unexpected charges. Malicious apps may cost you money by\n     sending messages without your confirmation.",
                        "permission_type": "dangerous"
                    },
                    "android.permission.INTERNET": {
                        "short_description": "full network access",
                        "full_description": "Allows the app to create\n     network sockets and use custom network protocols. The browser and other\n     applications provide means to send data to the internet, so this\n     permission is not required to send data to the internet.",
                        "permission_type": "dangerous"
                    },
                    "android.permission.CONTROL_LOCATION_UPDATES": {
                        "short_description": "control location update notifications",
                        "full_description": "Allows the app to enable/disable location\n        update notifications from the radio.  Not for use by normal apps.",
                        "permission_type": "signature|system"
                    },
                    "android.permission.INSTALL_PACKAGES": {
                        "short_description": "directly install apps",
                        "full_description": "Allows the app to install new or updated\n        Android packages. Malicious apps may use this to add new apps with arbitrarily\n        powerful permissions.",
                        "permission_type": "signature|system"
                    },
                    "android.permission.BATTERY_STATS": {
                        "short_description": "modify battery statistics",
                        "full_description": "Allows the app to modify\n        collected battery statistics. Not for use by normal apps.",
                        "permission_type": "normal"
                    },
                    "android.permission.CAMERA": {
                        "short_description": "take pictures and videos",
                        "full_description": "Allows the app to take pictures and videos\n      with the camera.  This permission allows the app to use the camera at any\n      time without your confirmation.",
                        "permission_type": "dangerous"
                    },
                    "android.permission.READ_CALENDAR": {
                        "short_description": "read calendar events plus confidential information",
                        "full_description": "Allows the app to\n       read all calendar events stored on your phone, including those of friends\n       or co-workers. This may allow the app to share or save your calendar data,\n       regardless of confidentiality or sensitivity.",
                        "permission_type": "dangerous"
                    },
                    "android.permission.READ_LOGS": {
                        "short_description": "read sensitive log data",
                        "full_description": "Allows the app to read from the\n        system's various log files.  This allows it to discover general\n        information about what you are doing with the phone, potentially\n        including personal or private information.",
                        "permission_type": "signature|system|development"
                    },
                    "android.permission.READ_FRAME_BUFFER": {
                        "short_description": "read frame buffer",
                        "full_description": "Allows the app to read the content of the frame buffer.",
                        "permission_type": "signature|system"
                    },
                    "android.permission.ACCESS_WIFI_STATE": {
                        "short_description": "view Wi-Fi connections",
                        "full_description": "Allows the app to view information\n      about Wi-Fi networking, such as whether Wi-Fi is enabled and name of\n      connected Wi-Fi devices.",
                        "permission_type": "normal"
                    },
                    "android.permission.VIBRATE": {
                        "short_description": "control vibration",
                        "full_description": "Allows the app to control the vibrator.",
                        "permission_type": "normal"
                    },
                    "android.permission.STATUS_BAR": {
                        "short_description": "disable or modify status bar",
                        "full_description": "Allows the app to disable the status bar or add and remove system icons.",
                        "permission_type": "signature|system"
                    },
                    "android.permission.ACCESS_NETWORK_STATE": {
                        "short_description": "view network connections",
                        "full_description": "Allows the app to view\n      information about network connections such as which networks exist and are\n      connected.",
                        "permission_type": "normal"
                    },
                    "android.permission.READ_CONTACTS": {
                        "short_description": "read your contacts",
                        "full_description": "Allows the app to\n      read data about your contacts stored on your phone, including the\n      frequency with which you've called, emailed, or communicated in other ways\n      with specific individuals. This permission allows apps to save your\n      contact data, and malicious apps may share contact data without your\n      knowledge.",
                        "permission_type": "dangerous"
                    },
                    "com.android.browser.permission.READ_HISTORY_BOOKMARKS": {
                        "short_description": "read your Web bookmarks and history",
                        "full_description": "Allows the app to read the\n     history of all URLs that the Browser has visited, and all of the Browser's\n     bookmarks. Note: this permission may not be enforced by third-party\n     browsers or other  applications with web browsing capabilities.",
                        "permission_type": "dangerous"
                    },
                    "android.permission.CHANGE_CONFIGURATION": {
                        "short_description": "change system display settings",
                        "full_description": "Allows the app to\n        change the current configuration, such as the locale or overall font\n        size.",
                        "permission_type": "dangerous"
                    },
                    "android.permission.SYSTEM_ALERT_WINDOW": {
                        "short_description": "draw over other apps",
                        "full_description": "Allows the app to show system\n      alert windows.  Some alert windows may take over the entire screen.\n      ",
                        "permission_type": "dangerous"
                    },
                    "android.permission.EXPAND_STATUS_BAR": {
                        "short_description": "expand/collapse status bar",
                        "full_description": "Allows the app to expand or collapse the status bar.",
                        "permission_type": "normal"
                    },
                    "android.permission.GET_ACCOUNTS": {
                        "short_description": "find accounts on the device",
                        "full_description": "Allows the app to get\n      the list of accounts known by the phone.  This may include any accounts\n      created by applications you have installed.",
                        "permission_type": "normal"
                    },
                    "android.permission.WRITE_CALENDAR": {
                        "short_description": "add or modify calendar events and send email to guests without owners' knowledge",
                        "full_description": "Allows the app to\n     add, remove, change events that you can modify on your phone, including\n     those of friends or co-workers. This may allow the app to send messages\n     that appear to come from calendar owners, or modify events without the\n     owners' knowledge.",
                        "permission_type": "dangerous"
                    }
                },
                "AndroidApplicationError": false,
                "AndroidVersionName": "1.0",
                "RiskIndicator": {
                    "APK": {
                        "DEX": 1
                    },
                    "PERM": {
                        "DEVELOPMENT": 1,
                        "PRIVACY": 7,
                        "DANGEROUS": 2,
                        "INTERNET": 1,
                        "SMS": 1,
                        "SYSTEM": 5,
                        "MONEY": 1,
                        "SIGNATURE": 5,
                        "NORMAL": 5
                    }
                },
                "AndroguardVersion": "3.4.0a1",
                "AndroidApplicationInfo": "APK"
            },
            "magic": "Zip archive data, at least v2.0 to extract",
            "last_analysis_stats": {
                "harmless": 0,
                "type-unsupported": 10,
                "suspicious": 0,
                "confirmed-timeout": 0,
                "timeout": 0,
                "failure": 1,
                "malicious": 35,
                "undetected": 27
            },
            "meaningful_name": "000e0948176bdec2b6e19d0f03e23f37910676a9b7e7709954614bac79269c36.apk",
            "reputation": 0
        },
        "type": "file",
        "id": "000e0948176bdec2b6e19d0f03e23f37910676a9b7e7709954614bac79269c36",
        "links": {
            "self": "https://www.virustotal.com/api/v3/files/000e0948176bdec2b6e19d0f03e23f37910676a9b7e7709954614bac79269c36"
        }
    }
}