{
    "data": {
        "attributes": {
            "type_description": "Android",
            "tlsh": "T1A753BF134A86D782D6F4D2F1225B3C211E03AF84D410AB9B2D9A94DFAFE5DE11FC494C",
            "vhash": "4b49a1d5f53e1cb69f4f32e508105c59",
            "trid": [
                {
                    "file_type": "Android Package",
                    "probability": 67.5
                },
                {
                    "file_type": "Java Archive",
                    "probability": 23.6
                },
                {
                    "file_type": "ZIP compressed archive",
                    "probability": 7.0
                },
                {
                    "file_type": "PrintFox/Pagefox bitmap (640x800)",
                    "probability": 1.7
                }
            ],
            "names": [
                "4d183ae669287848c63386e15c0f1051.apk"
            ],
            "last_modification_date": 1613474887,
            "type_tag": "android",
            "times_submitted": 11,
            "total_votes": {
                "harmless": 0,
                "malicious": 0
            },
            "size": 62342,
            "popular_threat_classification": {
                "suggested_threat_label": "trojan.congur/slocker",
                "popular_threat_category": [
                    {
                        "count": 18,
                        "value": "trojan"
                    },
                    {
                        "count": 6,
                        "value": "ransomware"
                    }
                ],
                "popular_threat_name": [
                    {
                        "count": 8,
                        "value": "congur"
                    },
                    {
                        "count": 4,
                        "value": "slocker"
                    },
                    {
                        "count": 4,
                        "value": "lockscreen"
                    }
                ]
            },
            "last_submission_date": 1613225471,
            "last_analysis_results": {
                "Bkav": {
                    "category": "undetected",
                    "engine_name": "Bkav",
                    "engine_version": "1.3.0.9899",
                    "result": null,
                    "method": "blacklist",
                    "engine_update": "20210208"
                },
                "Lionic": {
                    "category": "malicious",
                    "engine_name": "AegisLab",
                    "engine_version": "4.2",
                    "result": "Trojan.AndroidOS.Congur.C!c",
                    "method": "blacklist",
                    "engine_update": "20210213"
                },
                "Elastic": {
                    "category": "type-unsupported",
                    "engine_name": "Elastic",
                    "engine_version": "4.0.16",
                    "result": null,
                    "method": "blacklist",
                    "engine_update": "20210121"
                },
                "DrWeb": {
                    "category": "malicious",
                    "engine_name": "DrWeb",
                    "engine_version": "7.0.49.9080",
                    "result": "Android.Locker.2013",
                    "method": "blacklist",
                    "engine_update": "20210213"
                },
                "MicroWorld-eScan": {
                    "category": "undetected",
                    "engine_name": "MicroWorld-eScan",
                    "engine_version": "14.0.409.0",
                    "result": null,
                    "method": "blacklist",
                    "engine_update": "20210213"
                },
                "FireEye": {
                    "category": "undetected",
                    "engine_name": "FireEye",
                    "engine_version": "32.44.1.0",
                    "result": null,
                    "method": "blacklist",
                    "engine_update": "20210213"
                },
                "CAT-QuickHeal": {
                    "category": "malicious",
                    "engine_name": "CAT-QuickHeal",
                    "engine_version": "14.00",
                    "result": "Android.Congur.A",
                    "method": "blacklist",
                    "engine_update": "20210213"
                },
                "McAfee": {
                    "category": "malicious",
                    "engine_name": "McAfee",
                    "engine_version": "6.0.6.653",
                    "result": "Artemis!4D183AE66928",
                    "method": "blacklist",
                    "engine_update": "20210213"
                },
                "Malwarebytes": {
                    "category": "undetected",
                    "engine_name": "Malwarebytes",
                    "engine_version": "4.2.1.18",
                    "result": null,
                    "method": "blacklist",
                    "engine_update": "20210213"
                },
                "Zillya": {
                    "category": "malicious",
                    "engine_name": "Zillya",
                    "engine_version": "2.0.0.4292",
                    "result": "Trojan.Congur.Android.84",
                    "method": "blacklist",
                    "engine_update": "20210213"
                },
                "Paloalto": {
                    "category": "type-unsupported",
                    "engine_name": "Paloalto",
                    "engine_version": "1.0",
                    "result": null,
                    "method": "blacklist",
                    "engine_update": "20210213"
                },
                "Sangfor": {
                    "category": "undetected",
                    "engine_name": "Sangfor",
                    "engine_version": "2.9.0.0",
                    "result": null,
                    "method": "blacklist",
                    "engine_update": "20210204"
                },
                "Trustlook": {
                    "category": "malicious",
                    "engine_name": "Trustlook",
                    "engine_version": "1.0",
                    "result": "Android.PUA.DebugKey",
                    "method": "blacklist",
                    "engine_update": "20210213"
                },
                "Alibaba": {
                    "category": "malicious",
                    "engine_name": "Alibaba",
                    "engine_version": "0.3.0.5",
                    "result": "Ransom:Android/Congur.6fedc4d3",
                    "method": "blacklist",
                    "engine_update": "20190527"
                },
                "K7GW": {
                    "category": "malicious",
                    "engine_name": "K7GW",
                    "engine_version": "11.165.36453",
                    "result": "Trojan ( 0054dc161 )",
                    "method": "blacklist",
                    "engine_update": "20210213"
                },
                "K7AntiVirus": {
                    "category": "undetected",
                    "engine_name": "K7AntiVirus",
                    "engine_version": "11.165.36452",
                    "result": null,
                    "method": "blacklist",
                    "engine_update": "20210213"
                },
                "Arcabit": {
                    "category": "undetected",
                    "engine_name": "Arcabit",
                    "engine_version": "1.0.0.881",
                    "result": null,
                    "method": "blacklist",
                    "engine_update": "20210213"
                },
                "BitDefenderTheta": {
                    "category": "undetected",
                    "engine_name": "BitDefenderTheta",
                    "engine_version": "7.2.37796.0",
                    "result": null,
                    "method": "blacklist",
                    "engine_update": "20210201"
                },
                "Cyren": {
                    "category": "undetected",
                    "engine_name": "Cyren",
                    "engine_version": "6.3.0.2",
                    "result": null,
                    "method": "blacklist",
                    "engine_update": "20210213"
                },
                "SymantecMobileInsight": {
                    "category": "malicious",
                    "engine_name": "SymantecMobileInsight",
                    "engine_version": "2.0",
                    "result": "Trojan:LockScreen",
                    "method": "blacklist",
                    "engine_update": "20210126"
                },
                "Symantec": {
                    "category": "malicious",
                    "engine_name": "Symantec",
                    "engine_version": "1.13.0.0",
                    "result": "Trojan.Gen.2",
                    "method": "blacklist",
                    "engine_update": "20210212"
                },
                "ESET-NOD32": {
                    "category": "malicious",
                    "engine_name": "ESET-NOD32",
                    "engine_version": "22807",
                    "result": "a variant of Android/LockScreen.Jisut.AP",
                    "method": "blacklist",
                    "engine_update": "20210213"
                },
                "APEX": {
                    "category": "type-unsupported",
                    "engine_name": "APEX",
                    "engine_version": "6.131",
                    "result": null,
                    "method": "blacklist",
                    "engine_update": "20210213"
                },
                "TrendMicro-HouseCall": {
                    "category": "undetected",
                    "engine_name": "TrendMicro-HouseCall",
                    "engine_version": "10.0.0.1040",
                    "result": null,
                    "method": "blacklist",
                    "engine_update": "20210213"
                },
                "Avast": {
                    "category": "malicious",
                    "engine_name": "Avast",
                    "engine_version": "21.1.5827.0",
                    "result": "Android:Jisut-AJ [Trj]",
                    "method": "blacklist",
                    "engine_update": "20210213"
                },
                "ClamAV": {
                    "category": "malicious",
                    "engine_name": "ClamAV",
                    "engine_version": "0.103.1.0",
                    "result": "Andr.Ransomware.Slocker-6803885-0",
                    "method": "blacklist",
                    "engine_update": "20210213"
                },
                "Kaspersky": {
                    "category": "malicious",
                    "engine_name": "Kaspersky",
                    "engine_version": "15.0.1.13",
                    "result": "HEUR:Trojan-Ransom.AndroidOS.Congur.ap",
                    "method": "blacklist",
                    "engine_update": "20210213"
                },
                "BitDefender": {
                    "category": "undetected",
                    "engine_name": "BitDefender",
                    "engine_version": "7.2",
                    "result": null,
                    "method": "blacklist",
                    "engine_update": "20210213"
                },
                "NANO-Antivirus": {
                    "category": "malicious",
                    "engine_name": "NANO-Antivirus",
                    "engine_version": "1.0.146.25261",
                    "result": "Trojan.Android.Agent.ebavrk",
                    "method": "blacklist",
                    "engine_update": "20210213"
                },
                "SUPERAntiSpyware": {
                    "category": "undetected",
                    "engine_name": "SUPERAntiSpyware",
                    "engine_version": "5.6.0.1032",
                    "result": null,
                    "method": "blacklist",
                    "engine_update": "20210212"
                },
                "Tencent": {
                    "category": "malicious",
                    "engine_name": "Tencent",
                    "engine_version": "1.0.0.1",
                    "result": "Trojan.Android.SLocker.naf",
                    "method": "blacklist",
                    "engine_update": "20210213"
                },
                "Ad-Aware": {
                    "category": "undetected",
                    "engine_name": "Ad-Aware",
                    "engine_version": "3.0.16.117",
                    "result": null,
                    "method": "blacklist",
                    "engine_update": "20210213"
                },
                "Emsisoft": {
                    "category": "undetected",
                    "engine_name": "Emsisoft",
                    "engine_version": "2018.12.0.1641",
                    "result": null,
                    "method": "blacklist",
                    "engine_update": "20210213"
                },
                "Comodo": {
                    "category": "undetected",
                    "engine_name": "Comodo",
                    "engine_version": "33257",
                    "result": null,
                    "method": "blacklist",
                    "engine_update": "20210213"
                },
                "F-Secure": {
                    "category": "malicious",
                    "engine_name": "F-Secure",
                    "engine_version": "12.0.86.52",
                    "result": "Malware.ANDROID/Locker.DU.Gen",
                    "method": "blacklist",
                    "engine_update": "20210213"
                },
                "Baidu": {
                    "category": "undetected",
                    "engine_name": "Baidu",
                    "engine_version": "1.0.0.2",
                    "result": null,
                    "method": "blacklist",
                    "engine_update": "20190318"
                },
                "VIPRE": {
                    "category": "undetected",
                    "engine_name": "VIPRE",
                    "engine_version": "90382",
                    "result": null,
                    "method": "blacklist",
                    "engine_update": "20210213"
                },
                "TrendMicro": {
                    "category": "undetected",
                    "engine_name": "TrendMicro",
                    "engine_version": "11.0.0.1006",
                    "result": null,
                    "method": "blacklist",
                    "engine_update": "20210213"
                },
                "McAfee-GW-Edition": {
                    "category": "malicious",
                    "engine_name": "McAfee-GW-Edition",
                    "engine_version": "v2019.1.2+3728",
                    "result": "Artemis!Trojan",
                    "method": "blacklist",
                    "engine_update": "20210213"
                },
                "SentinelOne": {
                    "category": "type-unsupported",
                    "engine_name": "SentinelOne",
                    "engine_version": "5.0.0.9",
                    "result": null,
                    "method": "blacklist",
                    "engine_update": "20210131"
                },
                "Trapmine": {
                    "category": "type-unsupported",
                    "engine_name": "Trapmine",
                    "engine_version": "3.5.0.1023",
                    "result": null,
                    "method": "blacklist",
                    "engine_update": "20200727"
                },
                "CMC": {
                    "category": "undetected",
                    "engine_name": "CMC",
                    "engine_version": "2.10.2019.1",
                    "result": null,
                    "method": "blacklist",
                    "engine_update": "20210208"
                },
                "Sophos": {
                    "category": "malicious",
                    "engine_name": "Sophos",
                    "engine_version": "1.0.2.0",
                    "result": "Andr/Xgen2-AC",
                    "method": "blacklist",
                    "engine_update": "20210213"
                },
                "Ikarus": {
                    "category": "malicious",
                    "engine_name": "Ikarus",
                    "engine_version": "0.1.5.2",
                    "result": "Trojan.AndroidOS.LockScreen",
                    "method": "blacklist",
                    "engine_update": "20210213"
                },
                "Avast-Mobile": {
                    "category": "malicious",
                    "engine_name": "Avast-Mobile",
                    "engine_version": "210212-04",
                    "result": "Android:Evo-gen [Trj]",
                    "method": "blacklist",
                    "engine_update": "20210213"
                },
                "Jiangmin": {
                    "category": "malicious",
                    "engine_name": "Jiangmin",
                    "engine_version": "16.0.100",
                    "result": "Trojan.AndroidOS.avop",
                    "method": "blacklist",
                    "engine_update": "20210213"
                },
                "Webroot": {
                    "category": "type-unsupported",
                    "engine_name": "Webroot",
                    "engine_version": "1.0.0.403",
                    "result": null,
                    "method": "blacklist",
                    "engine_update": "20210213"
                },
                "Avira": {
                    "category": "malicious",
                    "engine_name": "Avira",
                    "engine_version": "8.3.3.10",
                    "result": "ANDROID/Locker.FL.Gen",
                    "method": "blacklist",
                    "engine_update": "20210213"
                },
                "eGambit": {
                    "category": "type-unsupported",
                    "engine_name": "eGambit",
                    "engine_version": null,
                    "result": null,
                    "method": "blacklist",
                    "engine_update": "20210213"
                },
                "Antiy-AVL": {
                    "category": "malicious",
                    "engine_name": "Antiy-AVL",
                    "engine_version": "3.0.0.1",
                    "result": "Trojan[Ransom]/Android.Jisut.ap",
                    "method": "blacklist",
                    "engine_update": "20210213"
                },
                "Kingsoft": {
                    "category": "malicious",
                    "engine_name": "Kingsoft",
                    "engine_version": "2017.9.26.565",
                    "result": "Android.Troj.at_LockScreen.a.(kcloud)",
                    "method": "blacklist",
                    "engine_update": "20210213"
                },
                "Gridinsoft": {
                    "category": "undetected",
                    "engine_name": "Gridinsoft",
                    "engine_version": "1.0.28.119",
                    "result": null,
                    "method": "blacklist",
                    "engine_update": "20210213"
                },
                "Microsoft": {
                    "category": "malicious",
                    "engine_name": "Microsoft",
                    "engine_version": "1.1.17800.5",
                    "result": "Ransom:AndroidOS/Congur.A",
                    "method": "blacklist",
                    "engine_update": "20210213"
                },
                "ViRobot": {
                    "category": "undetected",
                    "engine_name": "ViRobot",
                    "engine_version": "2014.3.20.0",
                    "result": null,
                    "method": "blacklist",
                    "engine_update": "20210213"
                },
                "AhnLab-V3": {
                    "category": "malicious",
                    "engine_name": "AhnLab-V3",
                    "engine_version": "3.19.4.10106",
                    "result": "Trojan/Android.Slocker.102064",
                    "method": "blacklist",
                    "engine_update": "20210213"
                },
                "ZoneAlarm": {
                    "category": "malicious",
                    "engine_name": "ZoneAlarm",
                    "engine_version": "1.0",
                    "result": "HEUR:Trojan-Ransom.AndroidOS.Congur.ap",
                    "method": "blacklist",
                    "engine_update": "20210213"
                },
                "GData": {
                    "category": "undetected",
                    "engine_name": "GData",
                    "engine_version": "A:25.28627B:27.21945",
                    "result": null,
                    "method": "blacklist",
                    "engine_update": "20210213"
                },
                "Cynet": {
                    "category": "malicious",
                    "engine_name": "Cynet",
                    "engine_version": "4.0.0.25",
                    "result": "Malicious (score: 85)",
                    "method": "blacklist",
                    "engine_update": "20210213"
                },
                "BitDefenderFalx": {
                    "category": "malicious",
                    "engine_name": "BitDefenderFalx",
                    "engine_version": "2.0.936",
                    "result": "Android.Trojan.SLocker.ZA",
                    "method": "blacklist",
                    "engine_update": "20200916"
                },
                "TotalDefense": {
                    "category": "undetected",
                    "engine_name": "TotalDefense",
                    "engine_version": "37.1.62.1",
                    "result": null,
                    "method": "blacklist",
                    "engine_update": "20210213"
                },
                "Acronis": {
                    "category": "type-unsupported",
                    "engine_name": "Acronis",
                    "engine_version": "1.1.1.81",
                    "result": null,
                    "method": "blacklist",
                    "engine_update": "20210211"
                },
                "VBA32": {
                    "category": "undetected",
                    "engine_name": "VBA32",
                    "engine_version": "4.4.1",
                    "result": null,
                    "method": "blacklist",
                    "engine_update": "20210212"
                },
                "ALYac": {
                    "category": "undetected",
                    "engine_name": "ALYac",
                    "engine_version": "1.1.3.1",
                    "result": null,
                    "method": "blacklist",
                    "engine_update": "20210213"
                },
                "MAX": {
                    "category": "malicious",
                    "engine_name": "MAX",
                    "engine_version": "2019.9.16.1",
                    "result": "malware (ai score=97)",
                    "method": "blacklist",
                    "engine_update": "20210213"
                },
                "Cylance": {
                    "category": "type-unsupported",
                    "engine_name": "Cylance",
                    "engine_version": "2.3.1.101",
                    "result": null,
                    "method": "blacklist",
                    "engine_update": "20210213"
                },
                "Zoner": {
                    "category": "malicious",
                    "engine_name": "Zoner",
                    "engine_version": "0.0.0.0",
                    "result": "Trojan.Android.Gen.1180132",
                    "method": "blacklist",
                    "engine_update": "20210212"
                },
                "Rising": {
                    "category": "undetected",
                    "engine_name": "Rising",
                    "engine_version": "25.0.0.26",
                    "result": null,
                    "method": "blacklist",
                    "engine_update": "20210213"
                },
                "Yandex": {
                    "category": "undetected",
                    "engine_name": "Yandex",
                    "engine_version": "5.5.2.24",
                    "result": null,
                    "method": "blacklist",
                    "engine_update": "20210211"
                },
                "TACHYON": {
                    "category": "undetected",
                    "engine_name": "TACHYON",
                    "engine_version": "2021-02-13.02",
                    "result": null,
                    "method": "blacklist",
                    "engine_update": "20210213"
                },
                "MaxSecure": {
                    "category": "malicious",
                    "engine_name": "MaxSecure",
                    "engine_version": "1.0.0.1",
                    "result": "Android.Congur.cw",
                    "method": "blacklist",
                    "engine_update": "20210212"
                },
                "Fortinet": {
                    "category": "malicious",
                    "engine_name": "Fortinet",
                    "engine_version": "6.2.142.0",
                    "result": "Android/Generic.AP.D5CA!tr",
                    "method": "blacklist",
                    "engine_update": "20210213"
                },
                "AVG": {
                    "category": "malicious",
                    "engine_name": "AVG",
                    "engine_version": "21.1.5827.0",
                    "result": "Android:Jisut-AJ [Trj]",
                    "method": "blacklist",
                    "engine_update": "20210213"
                },
                "Cybereason": {
                    "category": "type-unsupported",
                    "engine_name": "Cybereason",
                    "engine_version": "1.2.449",
                    "result": null,
                    "method": "blacklist",
                    "engine_update": "20210208"
                },
                "Panda": {
                    "category": "undetected",
                    "engine_name": "Panda",
                    "engine_version": "4.6.4.2",
                    "result": null,
                    "method": "blacklist",
                    "engine_update": "20210213"
                },
                "CrowdStrike": {
                    "category": "type-unsupported",
                    "engine_name": "CrowdStrike",
                    "engine_version": "1.0",
                    "result": null,
                    "method": "blacklist",
                    "engine_update": "20210203"
                },
                "Qihoo-360": {
                    "category": "malicious",
                    "engine_name": "Qihoo-360",
                    "engine_version": "1.0.0.1120",
                    "result": "Trojan.Android.Gen",
                    "method": "blacklist",
                    "engine_update": "20210213"
                }
            },
            "sandbox_verdicts": {
                "Tencent HABO": {
                    "category": "malicious",
                    "sandbox_name": "Tencent HABO",
                    "malware_classification": [
                        "MALWARE"
                    ]
                }
            },
            "sha256": "0012da08d94de6fb62ecb01c3d25dd31288d08fe40c471afde1ec7069b632377",
            "type_extension": "apk",
            "tags": [
                "apk",
                "android",
                "reflection"
            ],
            "last_analysis_date": 1613225471,
            "unique_sources": 6,
            "first_submission_date": 1460621124,
            "sha1": "d7ebb791c7a3e0bb91e1c46e29a14511953bd3cd",
            "ssdeep": "768:0u0NbInoeHmrHk0Itc2iQFMOGA/BmrHjaXEUHGGE7EGni5/MJ:0rbIoeGrHk0IMQ9GA/IrHuXEUtERi5/Y",
            "bundle_info": {
                "highest_datetime": "2016-03-20 13:26:46",
                "lowest_datetime": "2008-02-29 10:33:46",
                "num_children": 22,
                "extensions": {
                    "xml": 12,
                    "dex": 1,
                    "MF": 1,
                    "RSA": 1,
                    "jpg": 2,
                    "SF": 1,
                    "png": 3
                },
                "file_types": {
                    "XML": 12,
                    "DEX": 1,
                    "JPG": 2,
                    "PNG": 3,
                    "unknown": 4
                },
                "type": "APK",
                "uncompressed_size": 76842
            },
            "md5": "4d183ae669287848c63386e15c0f1051",
            "androguard": {
                "Activities": [
                    "com.h.M"
                ],
                "AndroidVersionCode": "80",
                "main_activity": "com.h.M",
                "certificate": {
                    "Subject": {
                        "DN": "C:US, CN:Android, L:Mountain View, O:Android, ST:California, OU:Android, email:android@android.com",
                        "C": "US",
                        "CN": "Android",
                        "L": "Mountain View",
                        "O": "Android",
                        "ST": "California",
                        "OU": "Android",
                        "email": "android@android.com"
                    },
                    "validto": "2035-07-17 01:33:46",
                    "serialnumber": "936eacbe07f201df",
                    "thumbprint": "61ed377e85d386a8dfee6b864bd85b0bfaa5af81",
                    "validfrom": "2008-02-29 01:33:46",
                    "Issuer": {
                        "DN": "C:US, CN:Android, L:Mountain View, O:Android, ST:California, OU:Android, email:android@android.com",
                        "C": "US",
                        "CN": "Android",
                        "L": "Mountain View",
                        "O": "Android",
                        "ST": "California",
                        "OU": "Android",
                        "email": "android@android.com"
                    }
                },
                "VTAndroidInfo": 1.41,
                "Package": "com.h",
                "intent_filters": {
                    "Services": {},
                    "Activities": {
                        "com.h.M": {
                            "action": [
                                "android.intent.action.MAIN"
                            ],
                            "category": [
                                "android.intent.category.LAUNCHER"
                            ]
                        }
                    },
                    "Receivers": {
                        "com.h.MyAdmin": {
                            "action": [
                                "android.app.action.DEVICE_ADMIN_ENABLED"
                            ]
                        },
                        "com.h.bbb": {
                            "action": [
                                "android.intent.action.BOOT_COMPLETED"
                            ]
                        }
                    }
                },
                "permission_details": {
                    "android.permission.SEND_SMS": {
                        "short_description": "send SMS messages",
                        "full_description": "Allows application to send SMS messages. Malicious applications may cost you money by sending messages without your confirmation.",
                        "permission_type": "dangerous"
                    },
                    "android.permission.RECEIVE_BOOT_COMPLETED": {
                        "short_description": "automatically start at boot",
                        "full_description": "Allows an application to start itself as soon as the system has finished booting. This can make it take longer to start the phone and allow the application to slow down the overall phone by always running.",
                        "permission_type": "normal"
                    },
                    "android.permission.SYSTEM_ALERT_WINDOW": {
                        "short_description": "display system-level alerts",
                        "full_description": "Allows an application to show system-alert windows. Malicious applications can take over the entire screen of the phone.",
                        "permission_type": "dangerous"
                    },
                    "android.permission.ACCESS_NETWORK_STATE": {
                        "short_description": "view network status",
                        "full_description": "Allows an application to view the status of all networks.",
                        "permission_type": "normal"
                    },
                    "android.permission.INTERNET": {
                        "short_description": "full Internet access",
                        "full_description": "Allows an application to create network sockets.",
                        "permission_type": "dangerous"
                    },
                    "android.permission.MOUNT_UNMOUNT_FILESYSTEMS": {
                        "short_description": "mount and unmount file systems",
                        "full_description": "Allows the application to mount and unmount file systems for removable storage.",
                        "permission_type": "signatureOrSystem"
                    },
                    "android.permission.WRITE_EXTERNAL_STORAGE": {
                        "short_description": "modify/delete SD card contents",
                        "full_description": "Allows an application to write to the SD card.",
                        "permission_type": "dangerous"
                    }
                },
                "AndroidApplication": 1,
                "AndroidApplicationError": false,
                "AndroidVersionName": "3.1.3",
                "RiskIndicator": {
                    "APK": {
                        "DEX": 1
                    },
                    "PERM": {
                        "NORMAL": 2,
                        "MONEY": 1,
                        "SMS": 1,
                        "DANGEROUS": 2,
                        "SIGNATUREORSYSTEM": 1,
                        "INTERNET": 1
                    }
                },
                "Services": [
                    "com.h.s"
                ],
                "MinSdkVersion": "8",
                "TargetSdkVersion": "21",
                "Receivers": [
                    "com.h.bbb",
                    "com.h.MyAdmin"
                ],
                "AndroguardVersion": "3.0-dev",
                "AndroidApplicationInfo": "APK"
            },
            "magic": "Zip archive data, at least v1.0 to extract",
            "last_analysis_stats": {
                "harmless": 0,
                "type-unsupported": 11,
                "suspicious": 0,
                "confirmed-timeout": 0,
                "timeout": 0,
                "failure": 0,
                "malicious": 36,
                "undetected": 29
            },
            "meaningful_name": "4d183ae669287848c63386e15c0f1051.apk",
            "reputation": 0
        },
        "type": "file",
        "id": "0012da08d94de6fb62ecb01c3d25dd31288d08fe40c471afde1ec7069b632377",
        "links": {
            "self": "https://www.virustotal.com/api/v3/files/0012da08d94de6fb62ecb01c3d25dd31288d08fe40c471afde1ec7069b632377"
        }
    }
}