{
    "data": {
        "attributes": {
            "type_description": "Android",
            "vhash": "8210534e3ba5b7b1fa7ac8f8d1b8d0c8",
            "trid": [
                {
                    "file_type": "ZIP compressed archive",
                    "probability": 80.0
                },
                {
                    "file_type": "PrintFox/Pagefox bitmap (var. P)",
                    "probability": 20.0
                }
            ],
            "names": [
                "VirusShare_5d879a7c7f791adffe8a99b45d8c85f8",
                "5d879a7c7f791adffe8a99b45d8c85f8.apk",
                "0016b3d270a9c97e2a5df8c7f063dabecb09bbf93be090f9de2be65e91e178be.log",
                "0016B3D270A9C97E2A5DF8C7F063DABECB09BBF93BE090F9DE2BE65E91E178BE.apk.log",
                "downapk.php",
                "512d0769b7164825fb6f88a215ce706f05b770e7",
                "aa",
                "1VU73.xltx",
                "OBwd2.bmp",
                "iojF.doc"
            ],
            "last_modification_date": 1656391199,
            "type_tag": "android",
            "times_submitted": 6,
            "total_votes": {
                "harmless": 0,
                "malicious": 0
            },
            "size": 22268,
            "popular_threat_classification": {
                "suggested_threat_label": "trojan.gedma/artemis",
                "popular_threat_category": [
                    {
                        "count": 20,
                        "value": "trojan"
                    }
                ],
                "popular_threat_name": [
                    {
                        "count": 18,
                        "value": "gedma"
                    },
                    {
                        "count": 2,
                        "value": "artemis"
                    },
                    {
                        "count": 2,
                        "value": "trojansms"
                    }
                ]
            },
            "last_submission_date": 1528123739,
            "last_analysis_results": {
                "Bkav": {
                    "category": "undetected",
                    "engine_name": "Bkav",
                    "engine_version": "1.3.0.9466",
                    "result": null,
                    "method": "blacklist",
                    "engine_update": "20180604"
                },
                "Lionic": {
                    "category": "malicious",
                    "engine_name": "AegisLab",
                    "engine_version": "4.2",
                    "result": "SUSPICIOUS",
                    "method": "blacklist",
                    "engine_update": "20180604"
                },
                "TotalDefense": {
                    "category": "undetected",
                    "engine_name": "TotalDefense",
                    "engine_version": "37.1.62.1",
                    "result": null,
                    "method": "blacklist",
                    "engine_update": "20180604"
                },
                "MicroWorld-eScan": {
                    "category": "malicious",
                    "engine_name": "MicroWorld-eScan",
                    "engine_version": "14.0.297.0",
                    "result": "Android.Trojan.Gedma.A",
                    "method": "blacklist",
                    "engine_update": "20180604"
                },
                "nProtect": {
                    "category": "undetected",
                    "engine_name": "nProtect",
                    "engine_version": "2018-06-04.02",
                    "result": null,
                    "method": "blacklist",
                    "engine_update": "20180604"
                },
                "CMC": {
                    "category": "undetected",
                    "engine_name": "CMC",
                    "engine_version": "1.1.0.977",
                    "result": null,
                    "method": "blacklist",
                    "engine_update": "20180604"
                },
                "CAT-QuickHeal": {
                    "category": "malicious",
                    "engine_name": "CAT-QuickHeal",
                    "engine_version": "14.00",
                    "result": "Android.Gedma.A",
                    "method": "blacklist",
                    "engine_update": "20180604"
                },
                "McAfee": {
                    "category": "malicious",
                    "engine_name": "McAfee",
                    "engine_version": "6.0.6.653",
                    "result": "Artemis!5D879A7C7F79",
                    "method": "blacklist",
                    "engine_update": "20180604"
                },
                "Malwarebytes": {
                    "category": "undetected",
                    "engine_name": "Malwarebytes",
                    "engine_version": "2.1.1.1115",
                    "result": null,
                    "method": "blacklist",
                    "engine_update": "20180604"
                },
                "VIPRE": {
                    "category": "undetected",
                    "engine_name": "VIPRE",
                    "engine_version": "67028",
                    "result": null,
                    "method": "blacklist",
                    "engine_update": "20180604"
                },
                "TheHacker": {
                    "category": "undetected",
                    "engine_name": "TheHacker",
                    "engine_version": "6.8.0.5.3045",
                    "result": null,
                    "method": "blacklist",
                    "engine_update": "20180531"
                },
                "Alibaba": {
                    "category": "undetected",
                    "engine_name": "Alibaba",
                    "engine_version": "1.0",
                    "result": null,
                    "method": "blacklist",
                    "engine_update": "20180604"
                },
                "K7GW": {
                    "category": "malicious",
                    "engine_name": "K7GW",
                    "engine_version": "10.48.27348",
                    "result": "Trojan ( 0001140e1 )",
                    "method": "blacklist",
                    "engine_update": "20180604"
                },
                "K7AntiVirus": {
                    "category": "undetected",
                    "engine_name": "K7AntiVirus",
                    "engine_version": "10.48.27351",
                    "result": null,
                    "method": "blacklist",
                    "engine_update": "20180604"
                },
                "Invincea": {
                    "category": "type-unsupported",
                    "engine_name": "Invincea",
                    "engine_version": "6.3.5.26121",
                    "result": null,
                    "method": "blacklist",
                    "engine_update": "20180601"
                },
                "Baidu": {
                    "category": "malicious",
                    "engine_name": "Baidu",
                    "engine_version": "1.0.0.2",
                    "result": "Android.Backdoor.SecCert.a",
                    "method": "blacklist",
                    "engine_update": "20180604"
                },
                "Babable": {
                    "category": "malicious",
                    "engine_name": "Babable",
                    "engine_version": "9107201",
                    "result": "Malware.HighConfidence",
                    "method": "blacklist",
                    "engine_update": "20180406"
                },
                "F-Prot": {
                    "category": "malicious",
                    "engine_name": "F-Prot",
                    "engine_version": "4.7.1.166",
                    "result": "AndroidOS/Gedma.A",
                    "method": "blacklist",
                    "engine_update": "20180604"
                },
                "SymantecMobileInsight": {
                    "category": "malicious",
                    "engine_name": "SymantecMobileInsight",
                    "engine_version": "1.0.0.35_220",
                    "result": "Trojan:Malapp",
                    "method": "blacklist",
                    "engine_update": "20180601"
                },
                "Symantec": {
                    "category": "malicious",
                    "engine_name": "Symantec",
                    "engine_version": "1.6.0.0",
                    "result": "Trojan.Gen.2",
                    "method": "blacklist",
                    "engine_update": "20180604"
                },
                "ESET-NOD32": {
                    "category": "malicious",
                    "engine_name": "ESET-NOD32",
                    "engine_version": "17495",
                    "result": "a variant of Android/Gedma.A potentially unsafe",
                    "method": "blacklist",
                    "engine_update": "20180604"
                },
                "TrendMicro-HouseCall": {
                    "category": "malicious",
                    "engine_name": "TrendMicro-HouseCall",
                    "engine_version": "9.950.0.1006",
                    "result": "Suspicious_GEN.F47V0529",
                    "method": "blacklist",
                    "engine_update": "20180604"
                },
                "Avast": {
                    "category": "malicious",
                    "engine_name": "Avast",
                    "engine_version": "18.4.3895.0",
                    "result": "Android:Gedma-C [Trj]",
                    "method": "blacklist",
                    "engine_update": "20180604"
                },
                "ClamAV": {
                    "category": "undetected",
                    "engine_name": "ClamAV",
                    "engine_version": "0.99.2.0",
                    "result": null,
                    "method": "blacklist",
                    "engine_update": "20180604"
                },
                "Kaspersky": {
                    "category": "undetected",
                    "engine_name": "Kaspersky",
                    "engine_version": "15.0.1.13",
                    "result": null,
                    "method": "blacklist",
                    "engine_update": "20180604"
                },
                "BitDefender": {
                    "category": "malicious",
                    "engine_name": "BitDefender",
                    "engine_version": "7.2",
                    "result": "Android.Trojan.Gedma.A",
                    "method": "blacklist",
                    "engine_update": "20180604"
                },
                "NANO-Antivirus": {
                    "category": "malicious",
                    "engine_name": "NANO-Antivirus",
                    "engine_version": "1.0.106.22618",
                    "result": "Trojan.Android.SmsSend.cwzggv",
                    "method": "blacklist",
                    "engine_update": "20180604"
                },
                "SUPERAntiSpyware": {
                    "category": "undetected",
                    "engine_name": "SUPERAntiSpyware",
                    "engine_version": "5.6.0.1032",
                    "result": null,
                    "method": "blacklist",
                    "engine_update": "20180604"
                },
                "Rising": {
                    "category": "undetected",
                    "engine_name": "Rising",
                    "engine_version": "25.0.0.1",
                    "result": null,
                    "method": "blacklist",
                    "engine_update": "20180604"
                },
                "Ad-Aware": {
                    "category": "malicious",
                    "engine_name": "Ad-Aware",
                    "engine_version": "3.0.5.370",
                    "result": "Android.Trojan.Gedma.A",
                    "method": "blacklist",
                    "engine_update": "20180604"
                },
                "Trustlook": {
                    "category": "undetected",
                    "engine_name": "Trustlook",
                    "engine_version": "2",
                    "result": null,
                    "method": "blacklist",
                    "engine_update": "20180604"
                },
                "Emsisoft": {
                    "category": "malicious",
                    "engine_name": "Emsisoft",
                    "engine_version": "4.0.2.899",
                    "result": "Android.Trojan.Gedma.A (B)",
                    "method": "blacklist",
                    "engine_update": "20180604"
                },
                "Comodo": {
                    "category": "malicious",
                    "engine_name": "Comodo",
                    "engine_version": "29132",
                    "result": "UnclassifiedMalware",
                    "method": "blacklist",
                    "engine_update": "20180604"
                },
                "F-Secure": {
                    "category": "malicious",
                    "engine_name": "F-Secure",
                    "engine_version": "11.0.19100.45",
                    "result": "Trojan:Android/Gemni.A",
                    "method": "blacklist",
                    "engine_update": "20180604"
                },
                "DrWeb": {
                    "category": "undetected",
                    "engine_name": "DrWeb",
                    "engine_version": "7.0.28.2020",
                    "result": null,
                    "method": "blacklist",
                    "engine_update": "20180604"
                },
                "Zillya": {
                    "category": "undetected",
                    "engine_name": "Zillya",
                    "engine_version": "2.0.0.3566",
                    "result": null,
                    "method": "blacklist",
                    "engine_update": "20180604"
                },
                "TrendMicro": {
                    "category": "undetected",
                    "engine_name": "TrendMicro",
                    "engine_version": "10.0.0.1040",
                    "result": null,
                    "method": "blacklist",
                    "engine_update": "20180604"
                },
                "McAfee-GW-Edition": {
                    "category": "malicious",
                    "engine_name": "McAfee-GW-Edition",
                    "engine_version": "v2017.2786",
                    "result": "Artemis!Trojan",
                    "method": "blacklist",
                    "engine_update": "20180604"
                },
                "Sophos": {
                    "category": "malicious",
                    "engine_name": "Sophos",
                    "engine_version": "4.98.0",
                    "result": "Andr/Gedma-A",
                    "method": "blacklist",
                    "engine_update": "20180604"
                },
                "Paloalto": {
                    "category": "type-unsupported",
                    "engine_name": "Paloalto",
                    "engine_version": "1.0",
                    "result": null,
                    "method": "blacklist",
                    "engine_update": "20180604"
                },
                "Cyren": {
                    "category": "malicious",
                    "engine_name": "Cyren",
                    "engine_version": "6.0.0.4",
                    "result": "AndroidOS/Gedma.A",
                    "method": "blacklist",
                    "engine_update": "20180604"
                },
                "Jiangmin": {
                    "category": "undetected",
                    "engine_name": "Jiangmin",
                    "engine_version": "16.0.100",
                    "result": null,
                    "method": "blacklist",
                    "engine_update": "20180604"
                },
                "Webroot": {
                    "category": "undetected",
                    "engine_name": "Webroot",
                    "engine_version": "1.0.0.403",
                    "result": null,
                    "method": "blacklist",
                    "engine_update": "20180604"
                },
                "Avira": {
                    "category": "malicious",
                    "engine_name": "Avira",
                    "engine_version": "8.3.3.6",
                    "result": "ANDROID/TrojanSMS.Gedma.B.Gen",
                    "method": "blacklist",
                    "engine_update": "20180604"
                },
                "Fortinet": {
                    "category": "malicious",
                    "engine_name": "Fortinet",
                    "engine_version": "5.4.247.0",
                    "result": "Android/Gedma.E!tr",
                    "method": "blacklist",
                    "engine_update": "20180604"
                },
                "Antiy-AVL": {
                    "category": "malicious",
                    "engine_name": "Antiy-AVL",
                    "engine_version": "3.0.0.1",
                    "result": "Trojan/Android.TSGeneric",
                    "method": "blacklist",
                    "engine_update": "20180604"
                },
                "Kingsoft": {
                    "category": "malicious",
                    "engine_name": "Kingsoft",
                    "engine_version": "2013.8.14.323",
                    "result": "Android.Troj.generic.a.(kcloud)",
                    "method": "blacklist",
                    "engine_update": "20180604"
                },
                "Endgame": {
                    "category": "type-unsupported",
                    "engine_name": "Endgame",
                    "engine_version": "2.1.2",
                    "result": null,
                    "method": "blacklist",
                    "engine_update": "20180507"
                },
                "Arcabit": {
                    "category": "malicious",
                    "engine_name": "Arcabit",
                    "engine_version": "1.0.0.831",
                    "result": "Android.Trojan.Gedma.A",
                    "method": "blacklist",
                    "engine_update": "20180604"
                },
                "ViRobot": {
                    "category": "undetected",
                    "engine_name": "ViRobot",
                    "engine_version": "2014.3.20.0",
                    "result": null,
                    "method": "blacklist",
                    "engine_update": "20180604"
                },
                "ZoneAlarm": {
                    "category": "undetected",
                    "engine_name": "ZoneAlarm",
                    "engine_version": "1.0",
                    "result": null,
                    "method": "blacklist",
                    "engine_update": "20180604"
                },
                "Avast-Mobile": {
                    "category": "malicious",
                    "engine_name": "Avast-Mobile",
                    "engine_version": "180604-04",
                    "result": "Android:Gedma-C [Trj]",
                    "method": "blacklist",
                    "engine_update": "20180604"
                },
                "Microsoft": {
                    "category": "undetected",
                    "engine_name": "Microsoft",
                    "engine_version": "1.1.14901.4",
                    "result": null,
                    "method": "blacklist",
                    "engine_update": "20180604"
                },
                "SentinelOne": {
                    "category": "type-unsupported",
                    "engine_name": "SentinelOne",
                    "engine_version": "1.0.15.206",
                    "result": null,
                    "method": "blacklist",
                    "engine_update": "20180225"
                },
                "AhnLab-V3": {
                    "category": "malicious",
                    "engine_name": "AhnLab-V3",
                    "engine_version": "3.12.1.20996",
                    "result": "Android-Trojan/SmsReg.1bab",
                    "method": "blacklist",
                    "engine_update": "20180604"
                },
                "VBA32": {
                    "category": "undetected",
                    "engine_name": "VBA32",
                    "engine_version": "3.12.32.0",
                    "result": null,
                    "method": "blacklist",
                    "engine_update": "20180604"
                },
                "AVware": {
                    "category": "malicious",
                    "engine_name": "AVware",
                    "engine_version": "1.5.0.42",
                    "result": "Trojan.AndroidOS.Generic.A",
                    "method": "blacklist",
                    "engine_update": "20180604"
                },
                "MAX": {
                    "category": "malicious",
                    "engine_name": "MAX",
                    "engine_version": "2017.11.15.1",
                    "result": "malware (ai score=97)",
                    "method": "blacklist",
                    "engine_update": "20180604"
                },
                "Cylance": {
                    "category": "type-unsupported",
                    "engine_name": "Cylance",
                    "engine_version": "2.3.1.101",
                    "result": null,
                    "method": "blacklist",
                    "engine_update": "20180604"
                },
                "Zoner": {
                    "category": "malicious",
                    "engine_name": "Zoner",
                    "engine_version": "1.0",
                    "result": "Trojan.AndroidOS.Gedma.A",
                    "method": "blacklist",
                    "engine_update": "20180604"
                },
                "Tencent": {
                    "category": "malicious",
                    "engine_name": "Tencent",
                    "engine_version": "1.0.0.1",
                    "result": "Android.Trojan.Trojansms.Sysd",
                    "method": "blacklist",
                    "engine_update": "20180604"
                },
                "Yandex": {
                    "category": "undetected",
                    "engine_name": "Yandex",
                    "engine_version": "5.5.1.3",
                    "result": null,
                    "method": "blacklist",
                    "engine_update": "20180529"
                },
                "Ikarus": {
                    "category": "malicious",
                    "engine_name": "Ikarus",
                    "engine_version": "0.1.5.2",
                    "result": "PUA.AndroidOS.Gedma",
                    "method": "blacklist",
                    "engine_update": "20180604"
                },
                "eGambit": {
                    "category": "type-unsupported",
                    "engine_name": "eGambit",
                    "engine_version": null,
                    "result": null,
                    "method": "blacklist",
                    "engine_update": "20180604"
                },
                "GData": {
                    "category": "malicious",
                    "engine_name": "GData",
                    "engine_version": "A:25.17313B:25.12413",
                    "result": "Android.Trojan.Gedma.A",
                    "method": "blacklist",
                    "engine_update": "20180604"
                },
                "AVG": {
                    "category": "malicious",
                    "engine_name": "AVG",
                    "engine_version": "18.4.3895.0",
                    "result": "Android:Gedma-C [Trj]",
                    "method": "blacklist",
                    "engine_update": "20180604"
                },
                "Cybereason": {
                    "category": "type-unsupported",
                    "engine_name": "Cybereason",
                    "engine_version": null,
                    "result": null,
                    "method": "blacklist",
                    "engine_update": null
                },
                "Panda": {
                    "category": "undetected",
                    "engine_name": "Panda",
                    "engine_version": "4.6.4.2",
                    "result": null,
                    "method": "blacklist",
                    "engine_update": "20180603"
                },
                "CrowdStrike": {
                    "category": "type-unsupported",
                    "engine_name": "CrowdStrike",
                    "engine_version": "1.0",
                    "result": null,
                    "method": "blacklist",
                    "engine_update": "20180202"
                },
                "Qihoo-360": {
                    "category": "malicious",
                    "engine_name": "Qihoo-360",
                    "engine_version": "1.0.0.1120",
                    "result": "Trojan.Android.Gen",
                    "method": "blacklist",
                    "engine_update": "20180604"
                }
            },
            "sha256": "0016b3d270a9c97e2a5df8c7f063dabecb09bbf93be090f9de2be65e91e178be",
            "type_extension": "apk",
            "tags": [
                "apk",
                "android"
            ],
            "last_analysis_date": 1528123739,
            "unique_sources": 5,
            "first_submission_date": 1377927215,
            "sha1": "512d0769b7164825fb6f88a215ce706f05b770e7",
            "ssdeep": "384:1S2+fKrbZ8ewkfonA+wg9wzhdpzE5EcWClcDTjEvfvtHwH2FtL:yK2Fa+wgqNTbca70mHQt",
            "bundle_info": {
                "highest_datetime": "2008-02-29 10:33:46",
                "lowest_datetime": "2008-02-29 10:33:46",
                "num_children": 8,
                "extensions": {
                    "xml": 2,
                    "dex": 1,
                    "MF": 1,
                    "RSA": 1,
                    "SF": 1,
                    "png": 1
                },
                "file_types": {
                    "XML": 2,
                    "unknown": 4,
                    "DEX": 1,
                    "PNG": 1
                },
                "type": "APK",
                "uncompressed_size": 43926
            },
            "md5": "5d879a7c7f791adffe8a99b45d8c85f8",
            "androguard": {
                "permission_details": {
                    "android.permission.SEND_SMS": {
                        "short_description": "send SMS messages",
                        "full_description": "Allows application to send SMS messages. Malicious applications may cost you money by sending messages without your confirmation.",
                        "permission_type": "dangerous"
                    },
                    "android.permission.RECEIVE_DM_REGISTER_SMS": {
                        "short_description": "Unknown permission from android reference",
                        "full_description": "Unknown permission from android reference",
                        "permission_type": "normal"
                    },
                    "android.permission.READ_PHONE_STATE": {
                        "short_description": "read phone state and identity",
                        "full_description": "Allows the application to access the phone features of the device. An application with this permission can determine the phone number and serial number of this phone, whether a call is active, the number that call is connected to and so on.",
                        "permission_type": "dangerous"
                    }
                },
                "AndroidVersionCode": "1",
                "certificate": {
                    "Subject": {
                        "DN": "C:US, CN:Android, L:Mountain View, O:Android, ST:California, OU:Android, email:android@android.com",
                        "C": "US",
                        "CN": "Android",
                        "L": "Mountain View",
                        "O": "Android",
                        "ST": "California",
                        "OU": "Android",
                        "email": "android@android.com"
                    },
                    "validto": "01:33 AM 07/17/2035",
                    "serialnumber": "936eacbe07f201df",
                    "thumbprint": "61ed377e85d386a8dfee6b864bd85b0bfaa5af81",
                    "validfrom": "01:33 AM 02/29/2008",
                    "Issuer": {
                        "DN": "C:US, CN:Android, L:Mountain View, O:Android, ST:California, OU:Android, email:android@android.com",
                        "C": "US",
                        "CN": "Android",
                        "L": "Mountain View",
                        "O": "Android",
                        "ST": "California",
                        "OU": "Android",
                        "email": "android@android.com"
                    }
                },
                "VTAndroidInfo": 1.41,
                "Package": "com.Android.SmsReg",
                "intent_filters": {
                    "Services": {},
                    "Activities": {},
                    "Receivers": {
                        "com.Android.SmsReg.SmsRegReceiver": {
                            "action": [
                                "android.intent.action.BOOT_COMPLETED",
                                "android.intent.action.DM_REGISTER_SMS_RECEIVED",
                                "android.intent.action.SIM_STATE_CHANGED"
                            ],
                            "category": [
                                "android.intent.category.DEFAULT"
                            ]
                        }
                    }
                },
                "AndroidApplication": 1,
                "SourceFile": "r:\\sav6\\work_channel0_12\\06901756",
                "AndroidApplicationError": false,
                "AndroidVersionName": "1.0",
                "RiskIndicator": {
                    "APK": {
                        "DEX": 1
                    },
                    "PERM": {
                        "MONEY": 1,
                        "SMS": 1,
                        "PRIVACY": 1
                    }
                },
                "Services": [
                    "com.Android.SmsReg.SmsRegService"
                ],
                "MinSdkVersion": "8",
                "TargetSdkVersion": "10",
                "Receivers": [
                    "com.Android.SmsReg.SmsRegReceiver"
                ],
                "AndroguardVersion": "3.0-dev",
                "AndroidApplicationInfo": "APK"
            },
            "magic": "Zip archive data, at least v2.0 to extract",
            "last_analysis_stats": {
                "harmless": 0,
                "type-unsupported": 8,
                "suspicious": 0,
                "confirmed-timeout": 0,
                "timeout": 0,
                "failure": 0,
                "malicious": 37,
                "undetected": 25
            },
            "meaningful_name": "VirusShare_5d879a7c7f791adffe8a99b45d8c85f8",
            "reputation": 0
        },
        "type": "file",
        "id": "0016b3d270a9c97e2a5df8c7f063dabecb09bbf93be090f9de2be65e91e178be",
        "links": {
            "self": "https://www.virustotal.com/api/v3/files/0016b3d270a9c97e2a5df8c7f063dabecb09bbf93be090f9de2be65e91e178be"
        }
    }
}