{
    "data": {
        "attributes": {
            "type_description": "Android",
            "vhash": "46187c8e818ccf99d2beb53d338a9f5e",
            "trid": [
                {
                    "file_type": "Android Package",
                    "probability": 72.9
                },
                {
                    "file_type": "Java Archive",
                    "probability": 20.1
                },
                {
                    "file_type": "ZIP compressed archive",
                    "probability": 5.5
                },
                {
                    "file_type": "PrintFox/Pagefox bitmap (var. P)",
                    "probability": 1.3
                }
            ],
            "names": [
                "amss6xdmQRMkj0xlMOwaqjERPSI0yXSF9K"
            ],
            "last_modification_date": 1565048528,
            "type_tag": "android",
            "times_submitted": 1,
            "total_votes": {
                "harmless": 0,
                "malicious": 0
            },
            "size": 952218,
            "type_extension": "apk",
            "last_submission_date": 1522197424,
            "last_analysis_results": {
                "Bkav": {
                    "category": "undetected",
                    "engine_name": "Bkav",
                    "engine_version": "1.3.0.10239",
                    "result": null,
                    "method": "blacklist",
                    "engine_update": "20190801"
                },
                "Lionic": {
                    "category": "undetected",
                    "engine_name": "AegisLab",
                    "engine_version": "4.2",
                    "result": null,
                    "method": "blacklist",
                    "engine_update": "20190805"
                },
                "TotalDefense": {
                    "category": "undetected",
                    "engine_name": "TotalDefense",
                    "engine_version": "37.1.62.1",
                    "result": null,
                    "method": "blacklist",
                    "engine_update": "20190805"
                },
                "MicroWorld-eScan": {
                    "category": "undetected",
                    "engine_name": "MicroWorld-eScan",
                    "engine_version": "14.0.297.0",
                    "result": null,
                    "method": "blacklist",
                    "engine_update": "20190805"
                },
                "FireEye": {
                    "category": "undetected",
                    "engine_name": "FireEye",
                    "engine_version": "29.7.0.0",
                    "result": null,
                    "method": "blacklist",
                    "engine_update": "20190805"
                },
                "CAT-QuickHeal": {
                    "category": "undetected",
                    "engine_name": "CAT-QuickHeal",
                    "engine_version": "14.00",
                    "result": null,
                    "method": "blacklist",
                    "engine_update": "20190805"
                },
                "McAfee": {
                    "category": "undetected",
                    "engine_name": "McAfee",
                    "engine_version": "6.0.6.653",
                    "result": null,
                    "method": "blacklist",
                    "engine_update": "20190805"
                },
                "Malwarebytes": {
                    "category": "undetected",
                    "engine_name": "Malwarebytes",
                    "engine_version": "2.1.1.1115",
                    "result": null,
                    "method": "blacklist",
                    "engine_update": "20190805"
                },
                "Zillya": {
                    "category": "undetected",
                    "engine_name": "Zillya",
                    "engine_version": "2.0.0.3867",
                    "result": null,
                    "method": "blacklist",
                    "engine_update": "20190802"
                },
                "Trustlook": {
                    "category": "undetected",
                    "engine_name": "Trustlook",
                    "engine_version": "1.0",
                    "result": null,
                    "method": "blacklist",
                    "engine_update": "20190805"
                },
                "Alibaba": {
                    "category": "undetected",
                    "engine_name": "Alibaba",
                    "engine_version": "0.3.0.5",
                    "result": null,
                    "method": "blacklist",
                    "engine_update": "20190527"
                },
                "K7GW": {
                    "category": "undetected",
                    "engine_name": "K7GW",
                    "engine_version": "11.58.31633",
                    "result": null,
                    "method": "blacklist",
                    "engine_update": "20190805"
                },
                "K7AntiVirus": {
                    "category": "undetected",
                    "engine_name": "K7AntiVirus",
                    "engine_version": "11.59.31637",
                    "result": null,
                    "method": "blacklist",
                    "engine_update": "20190805"
                },
                "Invincea": {
                    "category": "type-unsupported",
                    "engine_name": "Invincea",
                    "engine_version": "6.3.6.26157",
                    "result": null,
                    "method": "blacklist",
                    "engine_update": "20190717"
                },
                "Baidu": {
                    "category": "undetected",
                    "engine_name": "Baidu",
                    "engine_version": "1.0.0.2",
                    "result": null,
                    "method": "blacklist",
                    "engine_update": "20190318"
                },
                "F-Prot": {
                    "category": "undetected",
                    "engine_name": "F-Prot",
                    "engine_version": "4.7.1.166",
                    "result": null,
                    "method": "blacklist",
                    "engine_update": "20190805"
                },
                "SymantecMobileInsight": {
                    "category": "undetected",
                    "engine_name": "SymantecMobileInsight",
                    "engine_version": "2.0",
                    "result": null,
                    "method": "blacklist",
                    "engine_update": "20190724"
                },
                "Symantec": {
                    "category": "undetected",
                    "engine_name": "Symantec",
                    "engine_version": "1.10.0.0",
                    "result": null,
                    "method": "blacklist",
                    "engine_update": "20190805"
                },
                "ESET-NOD32": {
                    "category": "undetected",
                    "engine_name": "ESET-NOD32",
                    "engine_version": "19802",
                    "result": null,
                    "method": "blacklist",
                    "engine_update": "20190805"
                },
                "APEX": {
                    "category": "type-unsupported",
                    "engine_name": "APEX",
                    "engine_version": "5.47",
                    "result": null,
                    "method": "blacklist",
                    "engine_update": "20190804"
                },
                "TrendMicro-HouseCall": {
                    "category": "undetected",
                    "engine_name": "TrendMicro-HouseCall",
                    "engine_version": "10.0.0.1040",
                    "result": null,
                    "method": "blacklist",
                    "engine_update": "20190805"
                },
                "Avast": {
                    "category": "undetected",
                    "engine_name": "Avast",
                    "engine_version": "18.4.3895.0",
                    "result": null,
                    "method": "blacklist",
                    "engine_update": "20190805"
                },
                "ClamAV": {
                    "category": "undetected",
                    "engine_name": "ClamAV",
                    "engine_version": "0.101.2.0",
                    "result": null,
                    "method": "blacklist",
                    "engine_update": "20190805"
                },
                "Kaspersky": {
                    "category": "undetected",
                    "engine_name": "Kaspersky",
                    "engine_version": "15.0.1.13",
                    "result": null,
                    "method": "blacklist",
                    "engine_update": "20190805"
                },
                "BitDefender": {
                    "category": "undetected",
                    "engine_name": "BitDefender",
                    "engine_version": "7.2",
                    "result": null,
                    "method": "blacklist",
                    "engine_update": "20190805"
                },
                "NANO-Antivirus": {
                    "category": "undetected",
                    "engine_name": "NANO-Antivirus",
                    "engine_version": "1.0.134.24859",
                    "result": null,
                    "method": "blacklist",
                    "engine_update": "20190805"
                },
                "SUPERAntiSpyware": {
                    "category": "undetected",
                    "engine_name": "SUPERAntiSpyware",
                    "engine_version": "5.6.0.1032",
                    "result": null,
                    "method": "blacklist",
                    "engine_update": "20190802"
                },
                "Tencent": {
                    "category": "undetected",
                    "engine_name": "Tencent",
                    "engine_version": "1.0.0.1",
                    "result": null,
                    "method": "blacklist",
                    "engine_update": "20190805"
                },
                "Ad-Aware": {
                    "category": "undetected",
                    "engine_name": "Ad-Aware",
                    "engine_version": "3.0.5.370",
                    "result": null,
                    "method": "blacklist",
                    "engine_update": "20190805"
                },
                "Emsisoft": {
                    "category": "undetected",
                    "engine_name": "Emsisoft",
                    "engine_version": "2018.12.0.1641",
                    "result": null,
                    "method": "blacklist",
                    "engine_update": "20190805"
                },
                "Comodo": {
                    "category": "undetected",
                    "engine_name": "Comodo",
                    "engine_version": "31279",
                    "result": null,
                    "method": "blacklist",
                    "engine_update": "20190805"
                },
                "F-Secure": {
                    "category": "undetected",
                    "engine_name": "F-Secure",
                    "engine_version": "12.0.86.52",
                    "result": null,
                    "method": "blacklist",
                    "engine_update": "20190805"
                },
                "DrWeb": {
                    "category": "undetected",
                    "engine_name": "DrWeb",
                    "engine_version": "7.0.41.7240",
                    "result": null,
                    "method": "blacklist",
                    "engine_update": "20190805"
                },
                "VIPRE": {
                    "category": "undetected",
                    "engine_name": "VIPRE",
                    "engine_version": "76922",
                    "result": null,
                    "method": "blacklist",
                    "engine_update": "20190805"
                },
                "TrendMicro": {
                    "category": "undetected",
                    "engine_name": "TrendMicro",
                    "engine_version": "11.0.0.1006",
                    "result": null,
                    "method": "blacklist",
                    "engine_update": "20190805"
                },
                "McAfee-GW-Edition": {
                    "category": "undetected",
                    "engine_name": "McAfee-GW-Edition",
                    "engine_version": "v2017.3010",
                    "result": null,
                    "method": "blacklist",
                    "engine_update": "20190805"
                },
                "SentinelOne": {
                    "category": "type-unsupported",
                    "engine_name": "SentinelOne",
                    "engine_version": "1.0.27.333",
                    "result": null,
                    "method": "blacklist",
                    "engine_update": "20190604"
                },
                "Trapmine": {
                    "category": "type-unsupported",
                    "engine_name": "Trapmine",
                    "engine_version": "3.1.62.789",
                    "result": null,
                    "method": "blacklist",
                    "engine_update": "20190522"
                },
                "CMC": {
                    "category": "undetected",
                    "engine_name": "CMC",
                    "engine_version": "1.1.0.977",
                    "result": null,
                    "method": "blacklist",
                    "engine_update": "20190321"
                },
                "Sophos": {
                    "category": "undetected",
                    "engine_name": "Sophos",
                    "engine_version": "4.98.0",
                    "result": null,
                    "method": "blacklist",
                    "engine_update": "20190805"
                },
                "Paloalto": {
                    "category": "type-unsupported",
                    "engine_name": "Paloalto",
                    "engine_version": "1.0",
                    "result": null,
                    "method": "blacklist",
                    "engine_update": "20190805"
                },
                "Cyren": {
                    "category": "undetected",
                    "engine_name": "Cyren",
                    "engine_version": "6.2.0.1",
                    "result": null,
                    "method": "blacklist",
                    "engine_update": "20190805"
                },
                "Jiangmin": {
                    "category": "undetected",
                    "engine_name": "Jiangmin",
                    "engine_version": "16.0.100",
                    "result": null,
                    "method": "blacklist",
                    "engine_update": "20190805"
                },
                "Webroot": {
                    "category": "type-unsupported",
                    "engine_name": "Webroot",
                    "engine_version": "1.0.0.403",
                    "result": null,
                    "method": "blacklist",
                    "engine_update": "20190805"
                },
                "Avira": {
                    "category": "undetected",
                    "engine_name": "Avira",
                    "engine_version": "8.3.3.8",
                    "result": null,
                    "method": "blacklist",
                    "engine_update": "20190805"
                },
                "Fortinet": {
                    "category": "undetected",
                    "engine_name": "Fortinet",
                    "engine_version": "5.4.247.0",
                    "result": null,
                    "method": "blacklist",
                    "engine_update": "20190805"
                },
                "Antiy-AVL": {
                    "category": "undetected",
                    "engine_name": "Antiy-AVL",
                    "engine_version": "3.0.0.1",
                    "result": null,
                    "method": "blacklist",
                    "engine_update": "20190805"
                },
                "Kingsoft": {
                    "category": "undetected",
                    "engine_name": "Kingsoft",
                    "engine_version": "2013.8.14.323",
                    "result": null,
                    "method": "blacklist",
                    "engine_update": "20190805"
                },
                "Endgame": {
                    "category": "type-unsupported",
                    "engine_name": "Endgame",
                    "engine_version": "3.0.13",
                    "result": null,
                    "method": "blacklist",
                    "engine_update": "20190802"
                },
                "Arcabit": {
                    "category": "undetected",
                    "engine_name": "Arcabit",
                    "engine_version": "1.0.0.850",
                    "result": null,
                    "method": "blacklist",
                    "engine_update": "20190805"
                },
                "ViRobot": {
                    "category": "undetected",
                    "engine_name": "ViRobot",
                    "engine_version": "2014.3.20.0",
                    "result": null,
                    "method": "blacklist",
                    "engine_update": "20190805"
                },
                "ZoneAlarm": {
                    "category": "undetected",
                    "engine_name": "ZoneAlarm",
                    "engine_version": "1.0",
                    "result": null,
                    "method": "blacklist",
                    "engine_update": "20190805"
                },
                "Avast-Mobile": {
                    "category": "undetected",
                    "engine_name": "Avast-Mobile",
                    "engine_version": "190805-00",
                    "result": null,
                    "method": "blacklist",
                    "engine_update": "20190805"
                },
                "Microsoft": {
                    "category": "undetected",
                    "engine_name": "Microsoft",
                    "engine_version": "1.1.16200.1",
                    "result": null,
                    "method": "blacklist",
                    "engine_update": "20190805"
                },
                "TACHYON": {
                    "category": "undetected",
                    "engine_name": "TACHYON",
                    "engine_version": "2019-08-05.02",
                    "result": null,
                    "method": "blacklist",
                    "engine_update": "20190805"
                },
                "AhnLab-V3": {
                    "category": "undetected",
                    "engine_name": "AhnLab-V3",
                    "engine_version": "3.15.3.24531",
                    "result": null,
                    "method": "blacklist",
                    "engine_update": "20190805"
                },
                "Acronis": {
                    "category": "type-unsupported",
                    "engine_name": "Acronis",
                    "engine_version": "1.0.1.51",
                    "result": null,
                    "method": "blacklist",
                    "engine_update": "20190805"
                },
                "VBA32": {
                    "category": "undetected",
                    "engine_name": "VBA32",
                    "engine_version": "4.0.0",
                    "result": null,
                    "method": "blacklist",
                    "engine_update": "20190805"
                },
                "MAX": {
                    "category": "undetected",
                    "engine_name": "MAX",
                    "engine_version": "2018.9.12.1",
                    "result": null,
                    "method": "blacklist",
                    "engine_update": "20190805"
                },
                "Cylance": {
                    "category": "type-unsupported",
                    "engine_name": "Cylance",
                    "engine_version": "2.3.1.101",
                    "result": null,
                    "method": "blacklist",
                    "engine_update": "20190805"
                },
                "Zoner": {
                    "category": "undetected",
                    "engine_name": "Zoner",
                    "engine_version": "1.0.0.1",
                    "result": null,
                    "method": "blacklist",
                    "engine_update": "20190804"
                },
                "Rising": {
                    "category": "undetected",
                    "engine_name": "Rising",
                    "engine_version": "25.0.0.24",
                    "result": null,
                    "method": "blacklist",
                    "engine_update": "20190805"
                },
                "Yandex": {
                    "category": "undetected",
                    "engine_name": "Yandex",
                    "engine_version": "5.5.2.24",
                    "result": null,
                    "method": "blacklist",
                    "engine_update": "20190804"
                },
                "Ikarus": {
                    "category": "undetected",
                    "engine_name": "Ikarus",
                    "engine_version": "0.1.5.2",
                    "result": null,
                    "method": "blacklist",
                    "engine_update": "20190805"
                },
                "eGambit": {
                    "category": "type-unsupported",
                    "engine_name": "eGambit",
                    "engine_version": "v4.3.6",
                    "result": null,
                    "method": "blacklist",
                    "engine_update": "20190805"
                },
                "GData": {
                    "category": "undetected",
                    "engine_name": "GData",
                    "engine_version": "A:25.22989B:26.15715",
                    "result": null,
                    "method": "blacklist",
                    "engine_update": "20190805"
                },
                "AVG": {
                    "category": "undetected",
                    "engine_name": "AVG",
                    "engine_version": "18.4.3895.0",
                    "result": null,
                    "method": "blacklist",
                    "engine_update": "20190805"
                },
                "Cybereason": {
                    "category": "type-unsupported",
                    "engine_name": "Cybereason",
                    "engine_version": "1.2.449",
                    "result": null,
                    "method": "blacklist",
                    "engine_update": "20190616"
                },
                "Panda": {
                    "category": "undetected",
                    "engine_name": "Panda",
                    "engine_version": "4.6.4.2",
                    "result": null,
                    "method": "blacklist",
                    "engine_update": "20190805"
                },
                "CrowdStrike": {
                    "category": "type-unsupported",
                    "engine_name": "CrowdStrike",
                    "engine_version": "1.0",
                    "result": null,
                    "method": "blacklist",
                    "engine_update": "20190212"
                },
                "Qihoo-360": {
                    "category": "undetected",
                    "engine_name": "Qihoo-360",
                    "engine_version": "1.0.0.1120",
                    "result": null,
                    "method": "blacklist",
                    "engine_update": "20190805"
                }
            },
            "sha256": "0018ea6e7cea36e61b0383b451938eed22bcd473be4fa9860692985944b720e5",
            "tags": [
                "apk",
                "android",
                "contains-elf"
            ],
            "last_analysis_date": 1565009887,
            "unique_sources": 1,
            "first_submission_date": 1522197424,
            "sha1": "09cd75ad1e11a29092a78d01eccb112e2f623455",
            "ssdeep": "24576:KcxBxkwLsCdHeo1+vIova1DDvE+tdzK6BZaKbndbDyqVz:PxB6OLd+o1+vITDvPtdu6X/pC2z",
            "bundle_info": {
                "highest_datetime": "2015-01-01 16:54:26",
                "lowest_datetime": "2015-01-01 16:43:16",
                "num_children": 156,
                "extensions": {
                    "xml": 83,
                    "dex": 1,
                    "MF": 1,
                    "RSA": 1,
                    "so": 1,
                    "SF": 1,
                    "png": 67
                },
                "file_types": {
                    "XML": 83,
                    "unknown": 4,
                    "DEX": 1,
                    "ELF": 1,
                    "PNG": 67
                },
                "type": "APK",
                "uncompressed_size": 1620867
            },
            "md5": "df7eac3a53c1632c3190d0a23b62a2b8",
            "androguard": {
                "VTAndroidInfo": 1.41,
                "AndroidApplicationError": false,
                "MinSdkVersion": "4",
                "AndroguardVersion": "3.0-dev",
                "Activities": [
                    "com.aiicons.main.MainTabActivity",
                    "com.aiicons.main.SplashActivity",
                    "com.aiicons.activity.BannerActivity",
                    "com.aiicons.main.MainActivity",
                    "com.aiicons.activity.CategoryActivity",
                    "com.aiicons.activity.ShortCutActivity",
                    "com.aiicons.activity.AboutusActivity",
                    "com.umeng.update.UpdateDialogActivity"
                ],
                "certificate": {
                    "Subject": {
                        "DN": "C:100020, CN:\u56fe\u6807\u6362\u6362, L:\u4e2d\u56fd\u5317\u4eac, O:\u56fe\u6807\u6362\u6362, ST:\u4e2d\u56fd\u5317\u4eac, OU:\u79fb\u52a8\u5e94\u7528",
                        "C": "100020",
                        "CN": "\u56fe\u6807\u6362\u6362",
                        "L": "\u4e2d\u56fd\u5317\u4eac",
                        "O": "\u56fe\u6807\u6362\u6362",
                        "ST": "\u4e2d\u56fd\u5317\u4eac",
                        "OU": "\u79fb\u52a8\u5e94\u7528"
                    },
                    "validto": "01:15 PM 10/31/2114",
                    "serialnumber": "54732f77",
                    "thumbprint": "b716721400dd3f6a1c76e2fb4c231fc12529fbbc",
                    "validfrom": "01:15 PM 11/24/2014",
                    "Issuer": {
                        "DN": "C:100020, CN:\u56fe\u6807\u6362\u6362, L:\u4e2d\u56fd\u5317\u4eac, O:\u56fe\u6807\u6362\u6362, ST:\u4e2d\u56fd\u5317\u4eac, OU:\u79fb\u52a8\u5e94\u7528",
                        "C": "100020",
                        "CN": "\u56fe\u6807\u6362\u6362",
                        "L": "\u4e2d\u56fd\u5317\u4eac",
                        "O": "\u56fe\u6807\u6362\u6362",
                        "ST": "\u4e2d\u56fd\u5317\u4eac",
                        "OU": "\u79fb\u52a8\u5e94\u7528"
                    }
                },
                "AndroidApplication": 1,
                "RiskIndicator": {
                    "APK": {
                        "DEX": 1,
                        "SHARED LIBRARIES": 1
                    },
                    "PERM": {
                        "DANGEROUS": 1,
                        "PRIVACY": 1,
                        "INTERNET": 1,
                        "NORMAL": 5
                    }
                },
                "Services": [
                    "com.umeng.update.net.DownloadingService"
                ],
                "AndroidVersionCode": "1202010",
                "main_activity": "com.aiicons.main.SplashActivity",
                "Package": "com.aiicons",
                "intent_filters": {
                    "Services": {},
                    "Activities": {
                        "com.aiicons.activity.ShortCutActivity": {
                            "action": [
                                "com.aiicons.shortcut"
                            ],
                            "category": [
                                "android.intent.category.DEFAULT"
                            ]
                        },
                        "com.aiicons.main.SplashActivity": {
                            "action": [
                                "android.intent.action.MAIN"
                            ],
                            "category": [
                                "android.intent.category.LAUNCHER"
                            ]
                        }
                    },
                    "Receivers": {
                        "com.aiicons.receiver.AutoRunReceiver": {
                            "action": [
                                "android.net.conn.CONNECTIVITY_CHANGE",
                                "android.intent.action.BOOT_COMPLETED",
                                "com.aiicons"
                            ]
                        }
                    }
                },
                "AndroidVersionName": "1.2.rel.010",
                "TargetSdkVersion": "4",
                "AndroidApplicationInfo": "APK",
                "permission_details": {
                    "android.permission.READ_EXTERNAL_STORAGE": {
                        "short_description": "read from external storage",
                        "full_description": "Allows an application to read from external storage",
                        "permission_type": "normal"
                    },
                    "android.permission.RECEIVE_BOOT_COMPLETED": {
                        "short_description": "automatically start at boot",
                        "full_description": "Allows an application to start itself as soon as the system has finished booting. This can make it take longer to start the phone and allow the application to slow down the overall phone by always running.",
                        "permission_type": "normal"
                    },
                    "com.android.launcher.permission.UNINSTALL_SHORTCUT": {
                        "short_description": "Unknown permission from android reference",
                        "full_description": "Unknown permission from android reference",
                        "permission_type": "normal"
                    },
                    "android.permission.INTERNET": {
                        "short_description": "full Internet access",
                        "full_description": "Allows an application to create network sockets.",
                        "permission_type": "dangerous"
                    },
                    "com.android.launcher.permission.INSTALL_SHORTCUT": {
                        "short_description": "Unknown permission from android reference",
                        "full_description": "Unknown permission from android reference",
                        "permission_type": "normal"
                    },
                    "com.android.launcher.permission.READ_SETTINGS": {
                        "short_description": "Unknown permission from android reference",
                        "full_description": "Unknown permission from android reference",
                        "permission_type": "normal"
                    },
                    "com.android.launcher.permission.WRITE_SETTINGS": {
                        "short_description": "modify global system settings",
                        "full_description": "Allows an application to modify the system's settings data. Malicious applications can corrupt your system's configuration.",
                        "permission_type": "normal"
                    },
                    "android.permission.ACCESS_WIFI_STATE": {
                        "short_description": "view Wi-Fi status",
                        "full_description": "Allows an application to view the information about the status of Wi-Fi.",
                        "permission_type": "normal"
                    },
                    "android.permission.ACCESS_NETWORK_STATE": {
                        "short_description": "view network status",
                        "full_description": "Allows an application to view the status of all networks.",
                        "permission_type": "normal"
                    },
                    "android.permission.READ_PHONE_STATE": {
                        "short_description": "read phone state and identity",
                        "full_description": "Allows the application to access the phone features of the device. An application with this permission can determine the phone number and serial number of this phone, whether a call is active, the number that call is connected to and so on.",
                        "permission_type": "dangerous"
                    },
                    "android.permission.WRITE_INTERNAL_STORAGE": {
                        "short_description": "Unknown permission from android reference",
                        "full_description": "Unknown permission from android reference",
                        "permission_type": "normal"
                    },
                    "android.permission.WRITE_EXTERNAL_STORAGE": {
                        "short_description": "modify/delete SD card contents",
                        "full_description": "Allows an application to write to the SD card.",
                        "permission_type": "dangerous"
                    }
                },
                "Receivers": [
                    "com.aiicons.receiver.AutoRunReceiver"
                ],
                "StringsInformation": [
                    "http://",
                    "http://aiicons.com/appcategory.json",
                    "http://aiicons.com/bannerdetail.json",
                    "http://aiicons.com/categorydetail.json",
                    "http://aiicons.com/home.json",
                    "http://aiicons.com/newest.json",
                    "http://aiicons.com/popularity.json",
                    "http://aiicons.com/stylecategory.json",
                    "http://alog.umeng.co/app_logs",
                    "http://alog.umeng.com/app_logs",
                    "http://au.umeng.co/api/check_app_update",
                    "http://au.umeng.com/api/check_app_update",
                    "http://log.umsns.com/",
                    "http://log.umsns.com/share/api/",
                    "http://oc.umeng.co/check_config_update",
                    "http://oc.umeng.com/check_config_update",
                    "http://qm.qq.com/cgi-bin/qm/qr?k=LnkRP5hcfHKRS9NTvBxz6M_OcP_4rSLP",
                    "http://t.cn/RzfxgED",
                    "http://v.t.sina.com.cn/share/share.php?title=",
                    "https://"
                ]
            },
            "magic": "Zip archive data, at least v2.0 to extract",
            "last_analysis_stats": {
                "harmless": 0,
                "type-unsupported": 12,
                "suspicious": 0,
                "confirmed-timeout": 0,
                "timeout": 0,
                "failure": 0,
                "malicious": 0,
                "undetected": 59
            },
            "meaningful_name": "amss6xdmQRMkj0xlMOwaqjERPSI0yXSF9K",
            "reputation": 0
        },
        "type": "file",
        "id": "0018ea6e7cea36e61b0383b451938eed22bcd473be4fa9860692985944b720e5",
        "links": {
            "self": "https://www.virustotal.com/api/v3/files/0018ea6e7cea36e61b0383b451938eed22bcd473be4fa9860692985944b720e5"
        }
    }
}