{
    "data": {
        "attributes": {
            "type_description": "Android",
            "vhash": "4d03732ec1c5e2db97d04fad9b0990cc",
            "trid": [
                {
                    "file_type": "Android Package",
                    "probability": 73.9
                },
                {
                    "file_type": "Java Archive",
                    "probability": 20.4
                },
                {
                    "file_type": "ZIP compressed archive",
                    "probability": 5.6
                }
            ],
            "names": [
                "D343800B96328CED8EBA6426B7BB4149",
                "com.yc360.college.pps.pps.apk"
            ],
            "last_modification_date": 1523291681,
            "type_tag": "android",
            "times_submitted": 4,
            "total_votes": {
                "harmless": 0,
                "malicious": 0
            },
            "size": 630003,
            "type_extension": "apk",
            "last_submission_date": 1521277902,
            "last_analysis_results": {
                "Bkav": {
                    "category": "undetected",
                    "engine_name": "Bkav",
                    "engine_version": "1.3.0.9466",
                    "result": null,
                    "method": "blacklist",
                    "engine_update": "20180317"
                },
                "Lionic": {
                    "category": "undetected",
                    "engine_name": "AegisLab",
                    "engine_version": "4.2",
                    "result": null,
                    "method": "blacklist",
                    "engine_update": "20180317"
                },
                "TotalDefense": {
                    "category": "undetected",
                    "engine_name": "TotalDefense",
                    "engine_version": "37.1.62.1",
                    "result": null,
                    "method": "blacklist",
                    "engine_update": "20180315"
                },
                "MicroWorld-eScan": {
                    "category": "undetected",
                    "engine_name": "MicroWorld-eScan",
                    "engine_version": "14.0.297.0",
                    "result": null,
                    "method": "blacklist",
                    "engine_update": "20180317"
                },
                "nProtect": {
                    "category": "undetected",
                    "engine_name": "nProtect",
                    "engine_version": "2018-03-17.02",
                    "result": null,
                    "method": "blacklist",
                    "engine_update": "20180317"
                },
                "CMC": {
                    "category": "undetected",
                    "engine_name": "CMC",
                    "engine_version": "1.1.0.977",
                    "result": null,
                    "method": "blacklist",
                    "engine_update": "20180317"
                },
                "CAT-QuickHeal": {
                    "category": "undetected",
                    "engine_name": "CAT-QuickHeal",
                    "engine_version": "14.00",
                    "result": null,
                    "method": "blacklist",
                    "engine_update": "20180316"
                },
                "McAfee": {
                    "category": "undetected",
                    "engine_name": "McAfee",
                    "engine_version": "6.0.6.653",
                    "result": null,
                    "method": "blacklist",
                    "engine_update": "20180317"
                },
                "Malwarebytes": {
                    "category": "undetected",
                    "engine_name": "Malwarebytes",
                    "engine_version": "2.1.1.1115",
                    "result": null,
                    "method": "blacklist",
                    "engine_update": "20180317"
                },
                "TheHacker": {
                    "category": "undetected",
                    "engine_name": "TheHacker",
                    "engine_version": "6.8.0.5.2542",
                    "result": null,
                    "method": "blacklist",
                    "engine_update": "20180316"
                },
                "K7GW": {
                    "category": "undetected",
                    "engine_name": "K7GW",
                    "engine_version": "10.42.26521",
                    "result": null,
                    "method": "blacklist",
                    "engine_update": "20180316"
                },
                "K7AntiVirus": {
                    "category": "undetected",
                    "engine_name": "K7AntiVirus",
                    "engine_version": "10.42.26526",
                    "result": null,
                    "method": "blacklist",
                    "engine_update": "20180317"
                },
                "Invincea": {
                    "category": "type-unsupported",
                    "engine_name": "Invincea",
                    "engine_version": "6.3.4.26036",
                    "result": null,
                    "method": "blacklist",
                    "engine_update": "20180121"
                },
                "Baidu": {
                    "category": "undetected",
                    "engine_name": "Baidu",
                    "engine_version": "1.0.0.2",
                    "result": null,
                    "method": "blacklist",
                    "engine_update": "20180317"
                },
                "F-Prot": {
                    "category": "undetected",
                    "engine_name": "F-Prot",
                    "engine_version": "4.7.1.166",
                    "result": null,
                    "method": "blacklist",
                    "engine_update": "20180317"
                },
                "SymantecMobileInsight": {
                    "category": "undetected",
                    "engine_name": "SymantecMobileInsight",
                    "engine_version": "1.0.0.35_220",
                    "result": null,
                    "method": "blacklist",
                    "engine_update": "20180311"
                },
                "Symantec": {
                    "category": "undetected",
                    "engine_name": "Symantec",
                    "engine_version": "1.5.0.0",
                    "result": null,
                    "method": "blacklist",
                    "engine_update": "20180316"
                },
                "ESET-NOD32": {
                    "category": "undetected",
                    "engine_name": "ESET-NOD32",
                    "engine_version": "17071",
                    "result": null,
                    "method": "blacklist",
                    "engine_update": "20180317"
                },
                "TrendMicro-HouseCall": {
                    "category": "timeout",
                    "engine_name": "TrendMicro-HouseCall",
                    "engine_version": "9.950.0.1006",
                    "result": null,
                    "method": "blacklist",
                    "engine_update": "20180317"
                },
                "Avast": {
                    "category": "undetected",
                    "engine_name": "Avast",
                    "engine_version": "18.2.3827.0",
                    "result": null,
                    "method": "blacklist",
                    "engine_update": "20180317"
                },
                "ClamAV": {
                    "category": "undetected",
                    "engine_name": "ClamAV",
                    "engine_version": "0.99.2.0",
                    "result": null,
                    "method": "blacklist",
                    "engine_update": "20180316"
                },
                "Kaspersky": {
                    "category": "undetected",
                    "engine_name": "Kaspersky",
                    "engine_version": "15.0.1.13",
                    "result": null,
                    "method": "blacklist",
                    "engine_update": "20180317"
                },
                "BitDefender": {
                    "category": "undetected",
                    "engine_name": "BitDefender",
                    "engine_version": "7.2",
                    "result": null,
                    "method": "blacklist",
                    "engine_update": "20180317"
                },
                "NANO-Antivirus": {
                    "category": "undetected",
                    "engine_name": "NANO-Antivirus",
                    "engine_version": "1.0.100.21498",
                    "result": null,
                    "method": "blacklist",
                    "engine_update": "20180317"
                },
                "SUPERAntiSpyware": {
                    "category": "undetected",
                    "engine_name": "SUPERAntiSpyware",
                    "engine_version": "5.6.0.1032",
                    "result": null,
                    "method": "blacklist",
                    "engine_update": "20180317"
                },
                "Tencent": {
                    "category": "undetected",
                    "engine_name": "Tencent",
                    "engine_version": "1.0.0.1",
                    "result": null,
                    "method": "blacklist",
                    "engine_update": "20180317"
                },
                "Ad-Aware": {
                    "category": "undetected",
                    "engine_name": "Ad-Aware",
                    "engine_version": "3.0.3.1010",
                    "result": null,
                    "method": "blacklist",
                    "engine_update": "20180317"
                },
                "Trustlook": {
                    "category": "undetected",
                    "engine_name": "Trustlook",
                    "engine_version": "2",
                    "result": null,
                    "method": "blacklist",
                    "engine_update": "20180317"
                },
                "Sophos": {
                    "category": "undetected",
                    "engine_name": "Sophos",
                    "engine_version": "4.98.0",
                    "result": null,
                    "method": "blacklist",
                    "engine_update": "20180317"
                },
                "Comodo": {
                    "category": "undetected",
                    "engine_name": "Comodo",
                    "engine_version": null,
                    "result": null,
                    "method": "blacklist",
                    "engine_update": "20180317"
                },
                "F-Secure": {
                    "category": "undetected",
                    "engine_name": "F-Secure",
                    "engine_version": "11.0.19100.45",
                    "result": null,
                    "method": "blacklist",
                    "engine_update": "20180317"
                },
                "DrWeb": {
                    "category": "undetected",
                    "engine_name": "DrWeb",
                    "engine_version": "7.0.28.2020",
                    "result": null,
                    "method": "blacklist",
                    "engine_update": "20180317"
                },
                "VIPRE": {
                    "category": "undetected",
                    "engine_name": "VIPRE",
                    "engine_version": "65322",
                    "result": null,
                    "method": "blacklist",
                    "engine_update": "20180317"
                },
                "TrendMicro": {
                    "category": "timeout",
                    "engine_name": "TrendMicro",
                    "engine_version": "9.862.0.1074",
                    "result": null,
                    "method": "blacklist",
                    "engine_update": "20180317"
                },
                "McAfee-GW-Edition": {
                    "category": "undetected",
                    "engine_name": "McAfee-GW-Edition",
                    "engine_version": "v2015",
                    "result": null,
                    "method": "blacklist",
                    "engine_update": "20180317"
                },
                "Emsisoft": {
                    "category": "undetected",
                    "engine_name": "Emsisoft",
                    "engine_version": "4.0.2.899",
                    "result": null,
                    "method": "blacklist",
                    "engine_update": "20180317"
                },
                "Paloalto": {
                    "category": "type-unsupported",
                    "engine_name": "Paloalto",
                    "engine_version": "1.0",
                    "result": null,
                    "method": "blacklist",
                    "engine_update": "20180317"
                },
                "Cyren": {
                    "category": "undetected",
                    "engine_name": "Cyren",
                    "engine_version": "5.4.30.7",
                    "result": null,
                    "method": "blacklist",
                    "engine_update": "20180317"
                },
                "Jiangmin": {
                    "category": "undetected",
                    "engine_name": "Jiangmin",
                    "engine_version": "16.0.100",
                    "result": null,
                    "method": "blacklist",
                    "engine_update": "20180317"
                },
                "Webroot": {
                    "category": "timeout",
                    "engine_name": "Webroot",
                    "engine_version": "1.0.0.400",
                    "result": null,
                    "method": "blacklist",
                    "engine_update": "20180317"
                },
                "Avira": {
                    "category": "undetected",
                    "engine_name": "Avira",
                    "engine_version": "8.3.3.6",
                    "result": null,
                    "method": "blacklist",
                    "engine_update": "20180317"
                },
                "Fortinet": {
                    "category": "undetected",
                    "engine_name": "Fortinet",
                    "engine_version": "5.4.247.0",
                    "result": null,
                    "method": "blacklist",
                    "engine_update": "20180317"
                },
                "Antiy-AVL": {
                    "category": "undetected",
                    "engine_name": "Antiy-AVL",
                    "engine_version": "3.0.0.1",
                    "result": null,
                    "method": "blacklist",
                    "engine_update": "20180317"
                },
                "Kingsoft": {
                    "category": "undetected",
                    "engine_name": "Kingsoft",
                    "engine_version": "2013.8.14.323",
                    "result": null,
                    "method": "blacklist",
                    "engine_update": "20180317"
                },
                "Endgame": {
                    "category": "type-unsupported",
                    "engine_name": "Endgame",
                    "engine_version": "2.0.5",
                    "result": null,
                    "method": "blacklist",
                    "engine_update": "20180316"
                },
                "Arcabit": {
                    "category": "undetected",
                    "engine_name": "Arcabit",
                    "engine_version": "1.0.0.830",
                    "result": null,
                    "method": "blacklist",
                    "engine_update": "20180317"
                },
                "ViRobot": {
                    "category": "undetected",
                    "engine_name": "ViRobot",
                    "engine_version": "2014.3.20.0",
                    "result": null,
                    "method": "blacklist",
                    "engine_update": "20180317"
                },
                "ZoneAlarm": {
                    "category": "undetected",
                    "engine_name": "ZoneAlarm",
                    "engine_version": "1.0",
                    "result": null,
                    "method": "blacklist",
                    "engine_update": "20180317"
                },
                "Avast-Mobile": {
                    "category": "undetected",
                    "engine_name": "Avast-Mobile",
                    "engine_version": "180316-04",
                    "result": null,
                    "method": "blacklist",
                    "engine_update": "20180316"
                },
                "Microsoft": {
                    "category": "undetected",
                    "engine_name": "Microsoft",
                    "engine_version": "1.1.14600.4",
                    "result": null,
                    "method": "blacklist",
                    "engine_update": "20180317"
                },
                "SentinelOne": {
                    "category": "type-unsupported",
                    "engine_name": "SentinelOne",
                    "engine_version": "1.0.15.206",
                    "result": null,
                    "method": "blacklist",
                    "engine_update": "20180225"
                },
                "AhnLab-V3": {
                    "category": "undetected",
                    "engine_name": "AhnLab-V3",
                    "engine_version": "3.12.0.20130",
                    "result": null,
                    "method": "blacklist",
                    "engine_update": "20180316"
                },
                "ALYac": {
                    "category": "undetected",
                    "engine_name": "ALYac",
                    "engine_version": "1.1.1.5",
                    "result": null,
                    "method": "blacklist",
                    "engine_update": "20180317"
                },
                "AVware": {
                    "category": "undetected",
                    "engine_name": "AVware",
                    "engine_version": "1.5.0.42",
                    "result": null,
                    "method": "blacklist",
                    "engine_update": "20180317"
                },
                "MAX": {
                    "category": "undetected",
                    "engine_name": "MAX",
                    "engine_version": "2017.11.15.1",
                    "result": null,
                    "method": "blacklist",
                    "engine_update": "20180317"
                },
                "VBA32": {
                    "category": "undetected",
                    "engine_name": "VBA32",
                    "engine_version": "3.12.28.0",
                    "result": null,
                    "method": "blacklist",
                    "engine_update": "20180316"
                },
                "Cylance": {
                    "category": "type-unsupported",
                    "engine_name": "Cylance",
                    "engine_version": "2.3.1.101",
                    "result": null,
                    "method": "blacklist",
                    "engine_update": "20180317"
                },
                "Zoner": {
                    "category": "undetected",
                    "engine_name": "Zoner",
                    "engine_version": "1.0",
                    "result": null,
                    "method": "blacklist",
                    "engine_update": "20180317"
                },
                "Rising": {
                    "category": "undetected",
                    "engine_name": "Rising",
                    "engine_version": "25.0.0.1",
                    "result": null,
                    "method": "blacklist",
                    "engine_update": "20180317"
                },
                "Yandex": {
                    "category": "undetected",
                    "engine_name": "Yandex",
                    "engine_version": "5.5.1.3",
                    "result": null,
                    "method": "blacklist",
                    "engine_update": "20180316"
                },
                "Ikarus": {
                    "category": "undetected",
                    "engine_name": "Ikarus",
                    "engine_version": "0.1.5.2",
                    "result": null,
                    "method": "blacklist",
                    "engine_update": "20180317"
                },
                "eGambit": {
                    "category": "type-unsupported",
                    "engine_name": "eGambit",
                    "engine_version": null,
                    "result": null,
                    "method": "blacklist",
                    "engine_update": "20180317"
                },
                "GData": {
                    "category": "undetected",
                    "engine_name": "GData",
                    "engine_version": "A:25.16392B:25.11809",
                    "result": null,
                    "method": "blacklist",
                    "engine_update": "20180317"
                },
                "AVG": {
                    "category": "undetected",
                    "engine_name": "AVG",
                    "engine_version": "18.2.3827.0",
                    "result": null,
                    "method": "blacklist",
                    "engine_update": "20180317"
                },
                "Cybereason": {
                    "category": "type-unsupported",
                    "engine_name": "Cybereason",
                    "engine_version": null,
                    "result": null,
                    "method": "blacklist",
                    "engine_update": null
                },
                "Panda": {
                    "category": "undetected",
                    "engine_name": "Panda",
                    "engine_version": "4.6.4.2",
                    "result": null,
                    "method": "blacklist",
                    "engine_update": "20180317"
                },
                "CrowdStrike": {
                    "category": "type-unsupported",
                    "engine_name": "CrowdStrike",
                    "engine_version": "1.0",
                    "result": null,
                    "method": "blacklist",
                    "engine_update": "20170201"
                },
                "Qihoo-360": {
                    "category": "undetected",
                    "engine_name": "Qihoo-360",
                    "engine_version": "1.0.0.1120",
                    "result": null,
                    "method": "blacklist",
                    "engine_update": "20180317"
                }
            },
            "sha256": "001f0c479d193364c3c9258014186bfdfe8e1837300d0f52a9165eaef12c5846",
            "tags": [
                "apk",
                "android"
            ],
            "last_analysis_date": 1521277902,
            "unique_sources": 3,
            "first_submission_date": 1471642201,
            "sha1": "1804805c7543a46eaa467522199705acc20db027",
            "ssdeep": "12288:qTAEtYHxTcEtYH8TtEtYHoVEtYHPnEtYHRP6U2WNQRo6KGy:q8EYgEdREXVECEyPpYo6KGy",
            "bundle_info": {
                "highest_datetime": "2016-04-29 15:27:42",
                "lowest_datetime": "2016-04-29 15:27:38",
                "num_children": 19,
                "extensions": {
                    "xml": 4,
                    "dex": 1,
                    "MF": 1,
                    "RSA": 1,
                    "SF": 1,
                    "png": 10
                },
                "file_types": {
                    "XML": 4,
                    "unknown": 4,
                    "DEX": 1,
                    "PNG": 10
                },
                "type": "APK",
                "uncompressed_size": 1090931
            },
            "md5": "d343800b96328ced8eba6426b7bb4149",
            "androguard": {
                "Activities": [
                    "com.youvisit.WebViewActivity",
                    "com.youvisit.ExternalWebviewActivity",
                    "com.youvisit.SplashActivity"
                ],
                "AndroidVersionCode": "1",
                "main_activity": "com.youvisit.SplashActivity",
                "certificate": {
                    "Subject": {
                        "DN": "C:US, CN:Taher Baderkhan, L:New York, O:YourCampus360, ST:NY, OU:Development Team",
                        "C": "US",
                        "CN": "Taher Baderkhan",
                        "L": "New York",
                        "O": "YourCampus360",
                        "ST": "NY",
                        "OU": "Development Team"
                    },
                    "validto": "05:38 AM 07/24/2038",
                    "serialnumber": "4d75c0d5",
                    "thumbprint": "20a5017af3dd37b518c3f549d99a40f7cab74121",
                    "validfrom": "05:38 AM 03/08/2011",
                    "Issuer": {
                        "DN": "C:US, CN:Taher Baderkhan, L:New York, O:YourCampus360, ST:NY, OU:Development Team",
                        "C": "US",
                        "CN": "Taher Baderkhan",
                        "L": "New York",
                        "O": "YourCampus360",
                        "ST": "NY",
                        "OU": "Development Team"
                    }
                },
                "VTAndroidInfo": 1.41,
                "Package": "com.yc360.college.pps.pps",
                "intent_filters": {
                    "Services": {},
                    "Activities": {
                        "com.youvisit.SplashActivity": {
                            "action": [
                                "android.intent.action.MAIN"
                            ],
                            "category": [
                                "android.intent.category.LAUNCHER"
                            ]
                        }
                    },
                    "Receivers": {}
                },
                "AndroidApplication": 1,
                "permission_details": {
                    "android.permission.ACCESS_FINE_LOCATION": {
                        "short_description": "fine (GPS) location",
                        "full_description": "Access fine location sources, such as the Global Positioning System on the phone, where available. Malicious applications can use this to determine where you are and may consume additional battery power.",
                        "permission_type": "dangerous"
                    },
                    "android.permission.": {
                        "short_description": "Unknown permission from android reference",
                        "full_description": "Unknown permission from android reference",
                        "permission_type": "normal"
                    },
                    "android.permission.INTERNET": {
                        "short_description": "full Internet access",
                        "full_description": "Allows an application to create network sockets.",
                        "permission_type": "dangerous"
                    },
                    "android.permission.ACCESS_COARSE_LOCATION": {
                        "short_description": "coarse (network-based) location",
                        "full_description": "Access coarse location sources, such as the mobile network database, to determine an approximate phone location, where available. Malicious applications can use this to determine approximately where you are.",
                        "permission_type": "dangerous"
                    }
                },
                "SourceFile": "r:\\sav6\\work_channel0_8\\11811908",
                "StringsInformation": [
                    "http://www.youvisit.com/%s?pl=a&isClientApp=1"
                ],
                "AndroidApplicationError": false,
                "AndroidVersionName": "1.0.0.0",
                "RiskIndicator": {
                    "APK": {
                        "DEX": 1
                    },
                    "PERM": {
                        "GPS": 2,
                        "INTERNET": 1,
                        "PRIVACY": 2
                    }
                },
                "MinSdkVersion": "11",
                "TargetSdkVersion": "21",
                "AndroguardVersion": "3.0-dev",
                "AndroidApplicationInfo": "APK"
            },
            "magic": "Zip archive data, at least v2.0 to extract",
            "last_analysis_stats": {
                "harmless": 0,
                "type-unsupported": 8,
                "suspicious": 0,
                "confirmed-timeout": 0,
                "timeout": 3,
                "failure": 0,
                "malicious": 0,
                "undetected": 57
            },
            "meaningful_name": "com.yc360.college.pps.pps.apk",
            "reputation": 0
        },
        "type": "file",
        "id": "001f0c479d193364c3c9258014186bfdfe8e1837300d0f52a9165eaef12c5846",
        "links": {
            "self": "https://www.virustotal.com/api/v3/files/001f0c479d193364c3c9258014186bfdfe8e1837300d0f52a9165eaef12c5846"
        }
    }
}