{
    "data": {
        "attributes": {
            "type_description": "Android",
            "vhash": "112896f8eebfcefb80b44b0d56004c6d",
            "trid": [
                {
                    "file_type": "Android Package",
                    "probability": 72.9
                },
                {
                    "file_type": "Java Archive",
                    "probability": 20.1
                },
                {
                    "file_type": "ZIP compressed archive",
                    "probability": 5.5
                },
                {
                    "file_type": "PrintFox/Pagefox bitmap (var. P)",
                    "probability": 1.3
                }
            ],
            "names": [],
            "last_modification_date": 1567365471,
            "type_tag": "android",
            "times_submitted": 1,
            "total_votes": {
                "harmless": 0,
                "malicious": 0
            },
            "size": 977853,
            "type_extension": "apk",
            "last_submission_date": 1562135947,
            "reputation": 0,
            "sha256": "0022479ea61d9aa4b0cb7e31441c5466c2a784349a27dd9c60693cdb865496cb",
            "tags": [
                "apk",
                "android"
            ],
            "last_analysis_date": 1567329363,
            "unique_sources": 1,
            "first_submission_date": 1562135947,
            "sha1": "440822a9abebb94c96b9e475680db5346dce3b95",
            "ssdeep": "24576:M1eNYuIHmOtCogBHNQ5oAR9C4aKMX5Z5V9ebcM:0emuIHmOtCogBHNSC4aKMJZ5V9ebcM",
            "bundle_info": {
                "highest_datetime": "2014-06-01 13:50:26",
                "lowest_datetime": "2014-06-01 13:07:32",
                "num_children": 345,
                "extensions": {
                    "xml": 56,
                    "dex": 1,
                    "MF": 1,
                    "RSA": 1,
                    "SF": 1,
                    "png": 284
                },
                "file_types": {
                    "XML": 54,
                    "unknown": 6,
                    "DEX": 1,
                    "PNG": 284
                },
                "type": "APK",
                "uncompressed_size": 1920577
            },
            "md5": "5195f0be819e72f0ef7f39bdaf19024a",
            "androguard": {
                "Activities": [
                    "devoma.coolsummer.MainActivity",
                    "com.google.ads.AdActivity"
                ],
                "AndroidVersionCode": "2",
                "main_activity": "devoma.coolsummer.MainActivity",
                "certificate": {
                    "Subject": {
                        "DN": "C:IN, O:Devoma Technologies",
                        "C": "IN",
                        "O": "Devoma Technologies"
                    },
                    "validto": "02:20 AM 07/11/2073",
                    "serialnumber": "490ccac1",
                    "thumbprint": "aa27a20837b11f6ec86ab09ab40ff1d6307be7ae",
                    "validfrom": "02:20 AM 07/26/2013",
                    "Issuer": {
                        "DN": "C:IN, O:Devoma Technologies",
                        "C": "IN",
                        "O": "Devoma Technologies"
                    }
                },
                "VTAndroidInfo": 1.41,
                "Package": "devoma.coolsummer",
                "intent_filters": {
                    "Services": {},
                    "Activities": {
                        "devoma.coolsummer.MainActivity": {
                            "action": [
                                "android.intent.action.MAIN"
                            ],
                            "category": [
                                "android.intent.category.LAUNCHER"
                            ]
                        }
                    },
                    "Receivers": {}
                },
                "permission_details": {
                    "android.permission.ACCESS_NETWORK_STATE": {
                        "short_description": "view network status",
                        "full_description": "Allows an application to view the status of all networks.",
                        "permission_type": "normal"
                    },
                    "android.permission.INTERNET": {
                        "short_description": "full Internet access",
                        "full_description": "Allows an application to create network sockets.",
                        "permission_type": "dangerous"
                    }
                },
                "AndroidApplication": 1,
                "StringsInformation": [
                    "http://e.admob.com/clk?ad_loc=@gw_adlocid@&qdata=@gw_qdata@&ad_network_id=@gw_adnetid@&js=@gw_sdkver@&session_id=@gw_sessid@&seq_num=@gw_seqnum@&nr=@gw_adnetrefresh@",
                    "http://e.admob.com/imp?ad_loc=@gw_adlocid@&qdata=@gw_qdata@&ad_network_id=@gw_adnetid@&js=@gw_sdkver@&session_id=@gw_sessid@&seq_num=@gw_seqnum@&nr=@gw_adnetrefresh@&adt=@gw_adt@&aec=@gw_aec@",
                    "http://e.admob.com/nofill?ad_loc=@gw_adlocid@&qdata=@gw_qdata@&js=@gw_sdkver@&session_id=@gw_sessid@&seq_num=@gw_seqnum@&adt=@gw_adt@&aec=@gw_aec@",
                    "http://media.admob.com/",
                    "http://media.admob.com/mraid/v1/mraid_app_banner.js",
                    "http://media.admob.com/mraid/v1/mraid_app_expanded_banner.js",
                    "http://media.admob.com/mraid/v1/mraid_app_interstitial.js",
                    "http://schemas.android.com/apk/lib/com.google.ads",
                    "http://www.devoma.com/AppsStore/index.php?id=33",
                    "http://www.gstatic.com/safa/",
                    "https://badad.googleplex.com/s/reportAd"
                ],
                "AndroidApplicationError": false,
                "AndroidVersionName": "1.1",
                "RiskIndicator": {
                    "APK": {},
                    "PERM": {
                        "NORMAL": 1,
                        "INTERNET": 1
                    }
                },
                "MinSdkVersion": "5",
                "TargetSdkVersion": "19",
                "AndroguardVersion": "3.0-dev",
                "AndroidApplicationInfo": "APK"
            },
            "magic": "Zip archive data, at least v2.0 to extract",
            "last_analysis_stats": {
                "harmless": 0,
                "type-unsupported": 12,
                "suspicious": 0,
                "confirmed-timeout": 0,
                "timeout": 1,
                "failure": 0,
                "malicious": 0,
                "undetected": 57
            },
            "last_analysis_results": {
                "Bkav": {
                    "category": "undetected",
                    "engine_name": "Bkav",
                    "engine_version": "1.3.0.10239",
                    "result": null,
                    "method": "blacklist",
                    "engine_update": "20190829"
                },
                "Lionic": {
                    "category": "undetected",
                    "engine_name": "AegisLab",
                    "engine_version": "4.2",
                    "result": null,
                    "method": "blacklist",
                    "engine_update": "20190901"
                },
                "TotalDefense": {
                    "category": "undetected",
                    "engine_name": "TotalDefense",
                    "engine_version": "37.1.62.1",
                    "result": null,
                    "method": "blacklist",
                    "engine_update": "20190901"
                },
                "MicroWorld-eScan": {
                    "category": "undetected",
                    "engine_name": "MicroWorld-eScan",
                    "engine_version": "14.0.297.0",
                    "result": null,
                    "method": "blacklist",
                    "engine_update": "20190901"
                },
                "FireEye": {
                    "category": "undetected",
                    "engine_name": "FireEye",
                    "engine_version": "29.7.0.0",
                    "result": null,
                    "method": "blacklist",
                    "engine_update": "20190901"
                },
                "CAT-QuickHeal": {
                    "category": "undetected",
                    "engine_name": "CAT-QuickHeal",
                    "engine_version": "14.00",
                    "result": null,
                    "method": "blacklist",
                    "engine_update": "20190831"
                },
                "McAfee": {
                    "category": "undetected",
                    "engine_name": "McAfee",
                    "engine_version": "6.0.6.653",
                    "result": null,
                    "method": "blacklist",
                    "engine_update": "20190901"
                },
                "Malwarebytes": {
                    "category": "undetected",
                    "engine_name": "Malwarebytes",
                    "engine_version": "2.1.1.1115",
                    "result": null,
                    "method": "blacklist",
                    "engine_update": "20190901"
                },
                "Zillya": {
                    "category": "undetected",
                    "engine_name": "Zillya",
                    "engine_version": "2.0.0.3889",
                    "result": null,
                    "method": "blacklist",
                    "engine_update": "20190830"
                },
                "Trustlook": {
                    "category": "undetected",
                    "engine_name": "Trustlook",
                    "engine_version": "1.0",
                    "result": null,
                    "method": "blacklist",
                    "engine_update": "20190901"
                },
                "Alibaba": {
                    "category": "undetected",
                    "engine_name": "Alibaba",
                    "engine_version": "0.3.0.5",
                    "result": null,
                    "method": "blacklist",
                    "engine_update": "20190527"
                },
                "K7GW": {
                    "category": "undetected",
                    "engine_name": "K7GW",
                    "engine_version": "11.64.31876",
                    "result": null,
                    "method": "blacklist",
                    "engine_update": "20190901"
                },
                "K7AntiVirus": {
                    "category": "undetected",
                    "engine_name": "K7AntiVirus",
                    "engine_version": "11.64.31876",
                    "result": null,
                    "method": "blacklist",
                    "engine_update": "20190901"
                },
                "Baidu": {
                    "category": "undetected",
                    "engine_name": "Baidu",
                    "engine_version": "1.0.0.2",
                    "result": null,
                    "method": "blacklist",
                    "engine_update": "20190318"
                },
                "F-Prot": {
                    "category": "undetected",
                    "engine_name": "F-Prot",
                    "engine_version": "4.7.1.166",
                    "result": null,
                    "method": "blacklist",
                    "engine_update": "20190901"
                },
                "SymantecMobileInsight": {
                    "category": "undetected",
                    "engine_name": "SymantecMobileInsight",
                    "engine_version": "2.0",
                    "result": null,
                    "method": "blacklist",
                    "engine_update": "20190724"
                },
                "Symantec": {
                    "category": "undetected",
                    "engine_name": "Symantec",
                    "engine_version": "1.10.0.0",
                    "result": null,
                    "method": "blacklist",
                    "engine_update": "20190831"
                },
                "ESET-NOD32": {
                    "category": "undetected",
                    "engine_name": "ESET-NOD32",
                    "engine_version": "19948",
                    "result": null,
                    "method": "blacklist",
                    "engine_update": "20190901"
                },
                "APEX": {
                    "category": "type-unsupported",
                    "engine_name": "APEX",
                    "engine_version": "5.58",
                    "result": null,
                    "method": "blacklist",
                    "engine_update": "20190901"
                },
                "TrendMicro-HouseCall": {
                    "category": "undetected",
                    "engine_name": "TrendMicro-HouseCall",
                    "engine_version": "10.0.0.1040",
                    "result": null,
                    "method": "blacklist",
                    "engine_update": "20190901"
                },
                "Avast": {
                    "category": "undetected",
                    "engine_name": "Avast",
                    "engine_version": "18.4.3895.0",
                    "result": null,
                    "method": "blacklist",
                    "engine_update": "20190901"
                },
                "ClamAV": {
                    "category": "undetected",
                    "engine_name": "ClamAV",
                    "engine_version": "0.101.4.0",
                    "result": null,
                    "method": "blacklist",
                    "engine_update": "20190831"
                },
                "Kaspersky": {
                    "category": "timeout",
                    "engine_name": "Kaspersky",
                    "engine_version": "15.0.1.13",
                    "result": null,
                    "method": "blacklist",
                    "engine_update": "20190901"
                },
                "BitDefender": {
                    "category": "undetected",
                    "engine_name": "BitDefender",
                    "engine_version": "7.2",
                    "result": null,
                    "method": "blacklist",
                    "engine_update": "20190901"
                },
                "NANO-Antivirus": {
                    "category": "undetected",
                    "engine_name": "NANO-Antivirus",
                    "engine_version": "1.0.134.24859",
                    "result": null,
                    "method": "blacklist",
                    "engine_update": "20190901"
                },
                "SUPERAntiSpyware": {
                    "category": "undetected",
                    "engine_name": "SUPERAntiSpyware",
                    "engine_version": "5.6.0.1032",
                    "result": null,
                    "method": "blacklist",
                    "engine_update": "20190830"
                },
                "Tencent": {
                    "category": "undetected",
                    "engine_name": "Tencent",
                    "engine_version": "1.0.0.1",
                    "result": null,
                    "method": "blacklist",
                    "engine_update": "20190901"
                },
                "Ad-Aware": {
                    "category": "undetected",
                    "engine_name": "Ad-Aware",
                    "engine_version": "3.0.5.370",
                    "result": null,
                    "method": "blacklist",
                    "engine_update": "20190901"
                },
                "Emsisoft": {
                    "category": "undetected",
                    "engine_name": "Emsisoft",
                    "engine_version": "2018.12.0.1641",
                    "result": null,
                    "method": "blacklist",
                    "engine_update": "20190901"
                },
                "Comodo": {
                    "category": "undetected",
                    "engine_name": "Comodo",
                    "engine_version": "31407",
                    "result": null,
                    "method": "blacklist",
                    "engine_update": "20190901"
                },
                "F-Secure": {
                    "category": "undetected",
                    "engine_name": "F-Secure",
                    "engine_version": "12.0.86.52",
                    "result": null,
                    "method": "blacklist",
                    "engine_update": "20190901"
                },
                "DrWeb": {
                    "category": "undetected",
                    "engine_name": "DrWeb",
                    "engine_version": "7.0.41.7240",
                    "result": null,
                    "method": "blacklist",
                    "engine_update": "20190901"
                },
                "VIPRE": {
                    "category": "undetected",
                    "engine_name": "VIPRE",
                    "engine_version": "77564",
                    "result": null,
                    "method": "blacklist",
                    "engine_update": "20190901"
                },
                "Invincea": {
                    "category": "type-unsupported",
                    "engine_name": "Invincea",
                    "engine_version": "6.3.6.26157",
                    "result": null,
                    "method": "blacklist",
                    "engine_update": "20190717"
                },
                "McAfee-GW-Edition": {
                    "category": "undetected",
                    "engine_name": "McAfee-GW-Edition",
                    "engine_version": "v2017.3010",
                    "result": null,
                    "method": "blacklist",
                    "engine_update": "20190901"
                },
                "Trapmine": {
                    "category": "type-unsupported",
                    "engine_name": "Trapmine",
                    "engine_version": "3.1.81.800",
                    "result": null,
                    "method": "blacklist",
                    "engine_update": "20190826"
                },
                "CMC": {
                    "category": "undetected",
                    "engine_name": "CMC",
                    "engine_version": "1.1.0.977",
                    "result": null,
                    "method": "blacklist",
                    "engine_update": "20190321"
                },
                "Sophos": {
                    "category": "undetected",
                    "engine_name": "Sophos",
                    "engine_version": "4.98.0",
                    "result": null,
                    "method": "blacklist",
                    "engine_update": "20190901"
                },
                "Paloalto": {
                    "category": "type-unsupported",
                    "engine_name": "Paloalto",
                    "engine_version": "1.0",
                    "result": null,
                    "method": "blacklist",
                    "engine_update": "20190901"
                },
                "Cyren": {
                    "category": "undetected",
                    "engine_name": "Cyren",
                    "engine_version": "6.2.0.1",
                    "result": null,
                    "method": "blacklist",
                    "engine_update": "20190901"
                },
                "Jiangmin": {
                    "category": "undetected",
                    "engine_name": "Jiangmin",
                    "engine_version": "16.0.100",
                    "result": null,
                    "method": "blacklist",
                    "engine_update": "20190901"
                },
                "Webroot": {
                    "category": "type-unsupported",
                    "engine_name": "Webroot",
                    "engine_version": "1.0.0.403",
                    "result": null,
                    "method": "blacklist",
                    "engine_update": "20190901"
                },
                "Avira": {
                    "category": "undetected",
                    "engine_name": "Avira",
                    "engine_version": "8.3.3.8",
                    "result": null,
                    "method": "blacklist",
                    "engine_update": "20190901"
                },
                "Fortinet": {
                    "category": "undetected",
                    "engine_name": "Fortinet",
                    "engine_version": "5.4.247.0",
                    "result": null,
                    "method": "blacklist",
                    "engine_update": "20190901"
                },
                "Antiy-AVL": {
                    "category": "undetected",
                    "engine_name": "Antiy-AVL",
                    "engine_version": "3.0.0.1",
                    "result": null,
                    "method": "blacklist",
                    "engine_update": "20190901"
                },
                "Kingsoft": {
                    "category": "undetected",
                    "engine_name": "Kingsoft",
                    "engine_version": "2013.8.14.323",
                    "result": null,
                    "method": "blacklist",
                    "engine_update": "20190901"
                },
                "Endgame": {
                    "category": "type-unsupported",
                    "engine_name": "Endgame",
                    "engine_version": "3.0.14",
                    "result": null,
                    "method": "blacklist",
                    "engine_update": "20190819"
                },
                "Arcabit": {
                    "category": "undetected",
                    "engine_name": "Arcabit",
                    "engine_version": "1.0.0.856",
                    "result": null,
                    "method": "blacklist",
                    "engine_update": "20190901"
                },
                "ViRobot": {
                    "category": "undetected",
                    "engine_name": "ViRobot",
                    "engine_version": "2014.3.20.0",
                    "result": null,
                    "method": "blacklist",
                    "engine_update": "20190831"
                },
                "ZoneAlarm": {
                    "category": "undetected",
                    "engine_name": "ZoneAlarm",
                    "engine_version": "1.0",
                    "result": null,
                    "method": "blacklist",
                    "engine_update": "20190901"
                },
                "Avast-Mobile": {
                    "category": "undetected",
                    "engine_name": "Avast-Mobile",
                    "engine_version": "190901-00",
                    "result": null,
                    "method": "blacklist",
                    "engine_update": "20190901"
                },
                "Microsoft": {
                    "category": "undetected",
                    "engine_name": "Microsoft",
                    "engine_version": "1.1.16300.1",
                    "result": null,
                    "method": "blacklist",
                    "engine_update": "20190901"
                },
                "SentinelOne": {
                    "category": "type-unsupported",
                    "engine_name": "SentinelOne",
                    "engine_version": "1.0.31.22",
                    "result": null,
                    "method": "blacklist",
                    "engine_update": "20190807"
                },
                "AhnLab-V3": {
                    "category": "undetected",
                    "engine_name": "AhnLab-V3",
                    "engine_version": "3.16.1.25089",
                    "result": null,
                    "method": "blacklist",
                    "engine_update": "20190831"
                },
                "Acronis": {
                    "category": "type-unsupported",
                    "engine_name": "Acronis",
                    "engine_version": "1.0.1.51",
                    "result": null,
                    "method": "blacklist",
                    "engine_update": "20190829"
                },
                "VBA32": {
                    "category": "undetected",
                    "engine_name": "VBA32",
                    "engine_version": "4.0.0",
                    "result": null,
                    "method": "blacklist",
                    "engine_update": "20190830"
                },
                "ALYac": {
                    "category": "undetected",
                    "engine_name": "ALYac",
                    "engine_version": "1.1.1.5",
                    "result": null,
                    "method": "blacklist",
                    "engine_update": "20190901"
                },
                "MAX": {
                    "category": "undetected",
                    "engine_name": "MAX",
                    "engine_version": "2018.9.12.1",
                    "result": null,
                    "method": "blacklist",
                    "engine_update": "20190901"
                },
                "Cylance": {
                    "category": "type-unsupported",
                    "engine_name": "Cylance",
                    "engine_version": "2.3.1.101",
                    "result": null,
                    "method": "blacklist",
                    "engine_update": "20190901"
                },
                "Zoner": {
                    "category": "undetected",
                    "engine_name": "Zoner",
                    "engine_version": "1.0.0.1",
                    "result": null,
                    "method": "blacklist",
                    "engine_update": "20190831"
                },
                "Rising": {
                    "category": "undetected",
                    "engine_name": "Rising",
                    "engine_version": "25.0.0.24",
                    "result": null,
                    "method": "blacklist",
                    "engine_update": "20190901"
                },
                "Yandex": {
                    "category": "undetected",
                    "engine_name": "Yandex",
                    "engine_version": "5.5.2.24",
                    "result": null,
                    "method": "blacklist",
                    "engine_update": "20190822"
                },
                "TACHYON": {
                    "category": "undetected",
                    "engine_name": "TACHYON",
                    "engine_version": "2019-09-01.01",
                    "result": null,
                    "method": "blacklist",
                    "engine_update": "20190901"
                },
                "eGambit": {
                    "category": "type-unsupported",
                    "engine_name": "eGambit",
                    "engine_version": "v4.3.6",
                    "result": null,
                    "method": "blacklist",
                    "engine_update": "20190901"
                },
                "GData": {
                    "category": "undetected",
                    "engine_name": "GData",
                    "engine_version": "A:25.23248B:26.15922",
                    "result": null,
                    "method": "blacklist",
                    "engine_update": "20190901"
                },
                "AVG": {
                    "category": "undetected",
                    "engine_name": "AVG",
                    "engine_version": "18.4.3895.0",
                    "result": null,
                    "method": "blacklist",
                    "engine_update": "20190901"
                },
                "Cybereason": {
                    "category": "type-unsupported",
                    "engine_name": "Cybereason",
                    "engine_version": null,
                    "result": null,
                    "method": "blacklist",
                    "engine_update": "20180308"
                },
                "Panda": {
                    "category": "undetected",
                    "engine_name": "Panda",
                    "engine_version": "4.6.4.2",
                    "result": null,
                    "method": "blacklist",
                    "engine_update": "20190901"
                },
                "CrowdStrike": {
                    "category": "type-unsupported",
                    "engine_name": "CrowdStrike",
                    "engine_version": "1.0",
                    "result": null,
                    "method": "blacklist",
                    "engine_update": "20190702"
                },
                "Qihoo-360": {
                    "category": "undetected",
                    "engine_name": "Qihoo-360",
                    "engine_version": "1.0.0.1120",
                    "result": null,
                    "method": "blacklist",
                    "engine_update": "20190901"
                }
            }
        },
        "type": "file",
        "id": "0022479ea61d9aa4b0cb7e31441c5466c2a784349a27dd9c60693cdb865496cb",
        "links": {
            "self": "https://www.virustotal.com/api/v3/files/0022479ea61d9aa4b0cb7e31441c5466c2a784349a27dd9c60693cdb865496cb"
        }
    }
}