{
    "data": {
        "attributes": {
            "type_description": "Android",
            "tlsh": "T17FF2AFC0D79E9FEDEB96FC368101C76B8D6552428ACCD50E388B9C696AD3D20CE06DD1",
            "vhash": "3c100f6ed20ab9e14db7b3ca3a647cfe",
            "trid": [
                {
                    "file_type": "Android Package",
                    "probability": 67.5
                },
                {
                    "file_type": "Java Archive",
                    "probability": 23.6
                },
                {
                    "file_type": "ZIP compressed archive",
                    "probability": 7.0
                },
                {
                    "file_type": "PrintFox/Pagefox bitmap (640x800)",
                    "probability": 1.7
                }
            ],
            "names": [
                "35ff9232b7232ad5993adb3d318f27ff.apk",
                "0025AD53A2C025E8778B77D2D53AD0E3"
            ],
            "last_modification_date": 1612907919,
            "type_tag": "android",
            "times_submitted": 9,
            "total_votes": {
                "harmless": 0,
                "malicious": 0
            },
            "size": 35505,
            "popular_threat_classification": {
                "suggested_threat_label": "trojan.congur/lockscreen",
                "popular_threat_category": [
                    {
                        "count": 15,
                        "value": "trojan"
                    },
                    {
                        "count": 5,
                        "value": "ransomware"
                    }
                ],
                "popular_threat_name": [
                    {
                        "count": 4,
                        "value": "congur"
                    },
                    {
                        "count": 4,
                        "value": "lockscreen"
                    },
                    {
                        "count": 4,
                        "value": "jisut"
                    }
                ]
            },
            "last_submission_date": 1612860467,
            "last_analysis_results": {
                "Bkav": {
                    "category": "undetected",
                    "engine_name": "Bkav",
                    "engine_version": "1.3.0.9899",
                    "result": null,
                    "method": "blacklist",
                    "engine_update": "20210208"
                },
                "Lionic": {
                    "category": "undetected",
                    "engine_name": "AegisLab",
                    "engine_version": "4.2",
                    "result": null,
                    "method": "blacklist",
                    "engine_update": "20210209"
                },
                "Elastic": {
                    "category": "type-unsupported",
                    "engine_name": "Elastic",
                    "engine_version": "4.0.16",
                    "result": null,
                    "method": "blacklist",
                    "engine_update": "20210121"
                },
                "MicroWorld-eScan": {
                    "category": "undetected",
                    "engine_name": "MicroWorld-eScan",
                    "engine_version": "14.0.409.0",
                    "result": null,
                    "method": "blacklist",
                    "engine_update": "20210209"
                },
                "FireEye": {
                    "category": "undetected",
                    "engine_name": "FireEye",
                    "engine_version": "32.44.1.0",
                    "result": null,
                    "method": "blacklist",
                    "engine_update": "20210209"
                },
                "CAT-QuickHeal": {
                    "category": "malicious",
                    "engine_name": "CAT-QuickHeal",
                    "engine_version": "14.00",
                    "result": "Android.Jisut.A",
                    "method": "blacklist",
                    "engine_update": "20210208"
                },
                "McAfee": {
                    "category": "malicious",
                    "engine_name": "McAfee",
                    "engine_version": "6.0.6.653",
                    "result": "Artemis!35FF9232B723",
                    "method": "blacklist",
                    "engine_update": "20210209"
                },
                "Malwarebytes": {
                    "category": "undetected",
                    "engine_name": "Malwarebytes",
                    "engine_version": "4.2.1.18",
                    "result": null,
                    "method": "blacklist",
                    "engine_update": "20210208"
                },
                "VIPRE": {
                    "category": "undetected",
                    "engine_name": "VIPRE",
                    "engine_version": "90282",
                    "result": null,
                    "method": "blacklist",
                    "engine_update": "20210209"
                },
                "Paloalto": {
                    "category": "type-unsupported",
                    "engine_name": "Paloalto",
                    "engine_version": "1.0",
                    "result": null,
                    "method": "blacklist",
                    "engine_update": "20210209"
                },
                "Sangfor": {
                    "category": "undetected",
                    "engine_name": "Sangfor",
                    "engine_version": "2.9.0.0",
                    "result": null,
                    "method": "blacklist",
                    "engine_update": "20210204"
                },
                "Trustlook": {
                    "category": "malicious",
                    "engine_name": "Trustlook",
                    "engine_version": "1.0",
                    "result": "Android.Malware.General (score:9)",
                    "method": "blacklist",
                    "engine_update": "20210209"
                },
                "BitDefender": {
                    "category": "undetected",
                    "engine_name": "BitDefender",
                    "engine_version": "7.2",
                    "result": null,
                    "method": "blacklist",
                    "engine_update": "20210209"
                },
                "K7GW": {
                    "category": "malicious",
                    "engine_name": "K7GW",
                    "engine_version": "11.165.36398",
                    "result": "Trojan ( 0001140e1 )",
                    "method": "blacklist",
                    "engine_update": "20210209"
                },
                "K7AntiVirus": {
                    "category": "undetected",
                    "engine_name": "K7AntiVirus",
                    "engine_version": "11.165.36397",
                    "result": null,
                    "method": "blacklist",
                    "engine_update": "20210209"
                },
                "BitDefenderTheta": {
                    "category": "undetected",
                    "engine_name": "BitDefenderTheta",
                    "engine_version": "7.2.37796.0",
                    "result": null,
                    "method": "blacklist",
                    "engine_update": "20210201"
                },
                "Cyren": {
                    "category": "malicious",
                    "engine_name": "Cyren",
                    "engine_version": "6.3.0.2",
                    "result": "AndroidOS/SMForw.BZ",
                    "method": "blacklist",
                    "engine_update": "20210209"
                },
                "SymantecMobileInsight": {
                    "category": "malicious",
                    "engine_name": "SymantecMobileInsight",
                    "engine_version": "2.0",
                    "result": "Trojan:Malapp",
                    "method": "blacklist",
                    "engine_update": "20210126"
                },
                "Symantec": {
                    "category": "malicious",
                    "engine_name": "Symantec",
                    "engine_version": "1.13.0.0",
                    "result": "Trojan.Gen.2",
                    "method": "blacklist",
                    "engine_update": "20210208"
                },
                "TotalDefense": {
                    "category": "undetected",
                    "engine_name": "TotalDefense",
                    "engine_version": "37.1.62.1",
                    "result": null,
                    "method": "blacklist",
                    "engine_update": "20210209"
                },
                "Baidu": {
                    "category": "undetected",
                    "engine_name": "Baidu",
                    "engine_version": "1.0.0.2",
                    "result": null,
                    "method": "blacklist",
                    "engine_update": "20190318"
                },
                "TrendMicro-HouseCall": {
                    "category": "undetected",
                    "engine_name": "TrendMicro-HouseCall",
                    "engine_version": "10.0.0.1040",
                    "result": null,
                    "method": "blacklist",
                    "engine_update": "20210209"
                },
                "Avast": {
                    "category": "malicious",
                    "engine_name": "Avast",
                    "engine_version": "21.1.5827.0",
                    "result": "Android:Agent-NHL [Trj]",
                    "method": "blacklist",
                    "engine_update": "20210209"
                },
                "ClamAV": {
                    "category": "failure",
                    "engine_name": "ClamAV",
                    "engine_version": "0.103.1.0",
                    "result": null,
                    "method": "blacklist",
                    "engine_update": "20210208"
                },
                "Kaspersky": {
                    "category": "malicious",
                    "engine_name": "Kaspersky",
                    "engine_version": "15.0.1.13",
                    "result": "HEUR:Trojan-Ransom.AndroidOS.Congur.bx",
                    "method": "blacklist",
                    "engine_update": "20210209"
                },
                "Alibaba": {
                    "category": "malicious",
                    "engine_name": "Alibaba",
                    "engine_version": "0.3.0.5",
                    "result": "Ransom:Android/Congur.d22d1a2c",
                    "method": "blacklist",
                    "engine_update": "20190527"
                },
                "NANO-Antivirus": {
                    "category": "malicious",
                    "engine_name": "NANO-Antivirus",
                    "engine_version": "1.0.146.25261",
                    "result": "Trojan.Android.Ransom.dgqhom",
                    "method": "blacklist",
                    "engine_update": "20210209"
                },
                "ViRobot": {
                    "category": "undetected",
                    "engine_name": "ViRobot",
                    "engine_version": "2014.3.20.0",
                    "result": null,
                    "method": "blacklist",
                    "engine_update": "20210209"
                },
                "APEX": {
                    "category": "type-unsupported",
                    "engine_name": "APEX",
                    "engine_version": "6.129",
                    "result": null,
                    "method": "blacklist",
                    "engine_update": "20210207"
                },
                "Rising": {
                    "category": "undetected",
                    "engine_name": "Rising",
                    "engine_version": "25.0.0.26",
                    "result": null,
                    "method": "blacklist",
                    "engine_update": "20210209"
                },
                "Ad-Aware": {
                    "category": "undetected",
                    "engine_name": "Ad-Aware",
                    "engine_version": "3.0.16.117",
                    "result": null,
                    "method": "blacklist",
                    "engine_update": "20210209"
                },
                "Emsisoft": {
                    "category": "undetected",
                    "engine_name": "Emsisoft",
                    "engine_version": "2018.12.0.1641",
                    "result": null,
                    "method": "blacklist",
                    "engine_update": "20210209"
                },
                "Comodo": {
                    "category": "malicious",
                    "engine_name": "Comodo",
                    "engine_version": "33245",
                    "result": "Malware@#jcnd2zu6tj8o",
                    "method": "blacklist",
                    "engine_update": "20210208"
                },
                "F-Secure": {
                    "category": "malicious",
                    "engine_name": "F-Secure",
                    "engine_version": "12.0.86.52",
                    "result": "Malware.ANDROID/Lockscr.Jisut.B.Gen",
                    "method": "blacklist",
                    "engine_update": "20210209"
                },
                "DrWeb": {
                    "category": "malicious",
                    "engine_name": "DrWeb",
                    "engine_version": "7.0.49.9080",
                    "result": "Android.Locker.131",
                    "method": "blacklist",
                    "engine_update": "20210209"
                },
                "Zillya": {
                    "category": "malicious",
                    "engine_name": "Zillya",
                    "engine_version": "2.0.0.4288",
                    "result": "Trojan.LockScreen.Android.23696",
                    "method": "blacklist",
                    "engine_update": "20210208"
                },
                "TrendMicro": {
                    "category": "undetected",
                    "engine_name": "TrendMicro",
                    "engine_version": "11.0.0.1006",
                    "result": null,
                    "method": "blacklist",
                    "engine_update": "20210209"
                },
                "McAfee-GW-Edition": {
                    "category": "malicious",
                    "engine_name": "McAfee-GW-Edition",
                    "engine_version": "v2019.1.2+3728",
                    "result": "Artemis!Trojan",
                    "method": "blacklist",
                    "engine_update": "20210209"
                },
                "SentinelOne": {
                    "category": "type-unsupported",
                    "engine_name": "SentinelOne",
                    "engine_version": "5.0.0.9",
                    "result": null,
                    "method": "blacklist",
                    "engine_update": "20210131"
                },
                "Trapmine": {
                    "category": "type-unsupported",
                    "engine_name": "Trapmine",
                    "engine_version": "3.5.0.1023",
                    "result": null,
                    "method": "blacklist",
                    "engine_update": "20200727"
                },
                "CMC": {
                    "category": "undetected",
                    "engine_name": "CMC",
                    "engine_version": "2.10.2019.1",
                    "result": null,
                    "method": "blacklist",
                    "engine_update": "20210208"
                },
                "Sophos": {
                    "category": "malicious",
                    "engine_name": "Sophos",
                    "engine_version": "1.0.2.0",
                    "result": "Andr/TkLocker-A",
                    "method": "blacklist",
                    "engine_update": "20210209"
                },
                "Ikarus": {
                    "category": "malicious",
                    "engine_name": "Ikarus",
                    "engine_version": "0.1.5.2",
                    "result": "Trojan.AndroidOS.LockScreen",
                    "method": "blacklist",
                    "engine_update": "20210208"
                },
                "GData": {
                    "category": "undetected",
                    "engine_name": "GData",
                    "engine_version": "A:25.28579B:27.21896",
                    "result": null,
                    "method": "blacklist",
                    "engine_update": "20210209"
                },
                "Jiangmin": {
                    "category": "undetected",
                    "engine_name": "Jiangmin",
                    "engine_version": "16.0.100",
                    "result": null,
                    "method": "blacklist",
                    "engine_update": "20210209"
                },
                "eGambit": {
                    "category": "type-unsupported",
                    "engine_name": "eGambit",
                    "engine_version": null,
                    "result": null,
                    "method": "blacklist",
                    "engine_update": "20210209"
                },
                "Avira": {
                    "category": "malicious",
                    "engine_name": "Avira",
                    "engine_version": "8.3.3.10",
                    "result": "ANDROID/Locker.FK.Gen",
                    "method": "blacklist",
                    "engine_update": "20210209"
                },
                "Antiy-AVL": {
                    "category": "malicious",
                    "engine_name": "Antiy-AVL",
                    "engine_version": "3.0.0.1",
                    "result": "Trojan[Ransom]/Android.Congur",
                    "method": "blacklist",
                    "engine_update": "20210209"
                },
                "Kingsoft": {
                    "category": "undetected",
                    "engine_name": "Kingsoft",
                    "engine_version": "2017.9.26.565",
                    "result": null,
                    "method": "blacklist",
                    "engine_update": "20210209"
                },
                "Microsoft": {
                    "category": "malicious",
                    "engine_name": "Microsoft",
                    "engine_version": "1.1.17800.5",
                    "result": "Trojan:Win32/Occamy.CD4",
                    "method": "blacklist",
                    "engine_update": "20210209"
                },
                "Gridinsoft": {
                    "category": "undetected",
                    "engine_name": "Gridinsoft",
                    "engine_version": "1.0.28.119",
                    "result": null,
                    "method": "blacklist",
                    "engine_update": "20210209"
                },
                "Arcabit": {
                    "category": "undetected",
                    "engine_name": "Arcabit",
                    "engine_version": "1.0.0.881",
                    "result": null,
                    "method": "blacklist",
                    "engine_update": "20210209"
                },
                "SUPERAntiSpyware": {
                    "category": "undetected",
                    "engine_name": "SUPERAntiSpyware",
                    "engine_version": "5.6.0.1032",
                    "result": null,
                    "method": "blacklist",
                    "engine_update": "20210205"
                },
                "ZoneAlarm": {
                    "category": "malicious",
                    "engine_name": "ZoneAlarm",
                    "engine_version": "1.0",
                    "result": "HEUR:Trojan-Ransom.AndroidOS.Congur.bx",
                    "method": "blacklist",
                    "engine_update": "20210209"
                },
                "Avast-Mobile": {
                    "category": "malicious",
                    "engine_name": "Avast-Mobile",
                    "engine_version": "210208-00",
                    "result": "Android:LockScreen-J [Trj]",
                    "method": "blacklist",
                    "engine_update": "20210208"
                },
                "Cynet": {
                    "category": "malicious",
                    "engine_name": "Cynet",
                    "engine_version": "4.0.0.25",
                    "result": "Malicious (score: 85)",
                    "method": "blacklist",
                    "engine_update": "20210209"
                },
                "BitDefenderFalx": {
                    "category": "malicious",
                    "engine_name": "BitDefenderFalx",
                    "engine_version": "2.0.936",
                    "result": "Android.Trojan.SLocker.ZV",
                    "method": "blacklist",
                    "engine_update": "20200916"
                },
                "AhnLab-V3": {
                    "category": "malicious",
                    "engine_name": "AhnLab-V3",
                    "engine_version": "3.19.4.10106",
                    "result": "Trojan/Android.Jimo.66705",
                    "method": "blacklist",
                    "engine_update": "20210209"
                },
                "Acronis": {
                    "category": "type-unsupported",
                    "engine_name": "Acronis",
                    "engine_version": "1.1.1.80",
                    "result": null,
                    "method": "blacklist",
                    "engine_update": "20201023"
                },
                "VBA32": {
                    "category": "undetected",
                    "engine_name": "VBA32",
                    "engine_version": "4.4.1",
                    "result": null,
                    "method": "blacklist",
                    "engine_update": "20210208"
                },
                "ALYac": {
                    "category": "undetected",
                    "engine_name": "ALYac",
                    "engine_version": "1.1.3.1",
                    "result": null,
                    "method": "blacklist",
                    "engine_update": "20210209"
                },
                "MAX": {
                    "category": "malicious",
                    "engine_name": "MAX",
                    "engine_version": "2019.9.16.1",
                    "result": "malware (ai score=98)",
                    "method": "blacklist",
                    "engine_update": "20210209"
                },
                "Cylance": {
                    "category": "type-unsupported",
                    "engine_name": "Cylance",
                    "engine_version": "2.3.1.101",
                    "result": null,
                    "method": "blacklist",
                    "engine_update": "20210209"
                },
                "Zoner": {
                    "category": "undetected",
                    "engine_name": "Zoner",
                    "engine_version": "0.0.0.0",
                    "result": null,
                    "method": "blacklist",
                    "engine_update": "20210208"
                },
                "ESET-NOD32": {
                    "category": "malicious",
                    "engine_name": "ESET-NOD32",
                    "engine_version": "22782",
                    "result": "a variant of Android/LockScreen.Jisut.A",
                    "method": "blacklist",
                    "engine_update": "20210209"
                },
                "Tencent": {
                    "category": "malicious",
                    "engine_name": "Tencent",
                    "engine_version": "1.0.0.1",
                    "result": "Trojan.Android.jisut.s",
                    "method": "blacklist",
                    "engine_update": "20210209"
                },
                "Yandex": {
                    "category": "undetected",
                    "engine_name": "Yandex",
                    "engine_version": "5.5.2.24",
                    "result": null,
                    "method": "blacklist",
                    "engine_update": "20210205"
                },
                "TACHYON": {
                    "category": "undetected",
                    "engine_name": "TACHYON",
                    "engine_version": "2021-02-09.02",
                    "result": null,
                    "method": "blacklist",
                    "engine_update": "20210209"
                },
                "MaxSecure": {
                    "category": "undetected",
                    "engine_name": "MaxSecure",
                    "engine_version": "1.0.0.1",
                    "result": null,
                    "method": "blacklist",
                    "engine_update": "20210209"
                },
                "Fortinet": {
                    "category": "malicious",
                    "engine_name": "Fortinet",
                    "engine_version": "6.2.142.0",
                    "result": "Android/Locker.8425!tr",
                    "method": "blacklist",
                    "engine_update": "20210209"
                },
                "Webroot": {
                    "category": "type-unsupported",
                    "engine_name": "Webroot",
                    "engine_version": "1.0.0.403",
                    "result": null,
                    "method": "blacklist",
                    "engine_update": "20210209"
                },
                "AVG": {
                    "category": "malicious",
                    "engine_name": "AVG",
                    "engine_version": "21.1.5827.0",
                    "result": "Android:Agent-NHL [Trj]",
                    "method": "blacklist",
                    "engine_update": "20210209"
                },
                "Cybereason": {
                    "category": "type-unsupported",
                    "engine_name": "Cybereason",
                    "engine_version": "1.2.449",
                    "result": null,
                    "method": "blacklist",
                    "engine_update": "20210106"
                },
                "Panda": {
                    "category": "undetected",
                    "engine_name": "Panda",
                    "engine_version": "4.6.4.2",
                    "result": null,
                    "method": "blacklist",
                    "engine_update": "20210208"
                },
                "CrowdStrike": {
                    "category": "type-unsupported",
                    "engine_name": "CrowdStrike",
                    "engine_version": "1.0",
                    "result": null,
                    "method": "blacklist",
                    "engine_update": "20210203"
                },
                "Qihoo-360": {
                    "category": "malicious",
                    "engine_name": "Qihoo-360",
                    "engine_version": "1.0.0.1120",
                    "result": "Trojan.Android.Gen",
                    "method": "blacklist",
                    "engine_update": "20210209"
                }
            },
            "sha256": "0025ad53a2c025e8778b77d2d53ad0e3fd47c7a8bcc3282fdeb27ed5928845b4",
            "type_extension": "apk",
            "tags": [
                "apk",
                "android"
            ],
            "last_analysis_date": 1612860467,
            "unique_sources": 6,
            "first_submission_date": 1446690174,
            "sha1": "772fc95c595b8ea92662f475aafa7d12d4c2c8de",
            "ssdeep": "384:j2HdJBZPdPxHdJBZf5dHdJBZk+N4HdJBZZHOIGFe8EW8wZctERfdB1B9WCJvTaf7:j29fPx955d9fN4937SnEWmklrB/mf40",
            "bundle_info": {
                "highest_datetime": "2014-06-08 08:02:20",
                "lowest_datetime": "2014-06-08 05:45:10",
                "num_children": 27,
                "extensions": {
                    "xml": 6,
                    "dex": 1,
                    "MF": 1,
                    "RSA": 1,
                    "SF": 1,
                    "png": 16
                },
                "file_types": {
                    "XML": 6,
                    "DEX": 1,
                    "PNG": 16,
                    "unknown": 4
                },
                "type": "APK",
                "uncompressed_size": 50182
            },
            "md5": "35ff9232b7232ad5993adb3d318f27ff",
            "androguard": {
                "Activities": [
                    "tk.jianmo.study.MainActivity"
                ],
                "AndroidVersionCode": "1",
                "main_activity": "tk.jianmo.study.MainActivity",
                "certificate": {
                    "Subject": {
                        "DN": "0.9.2342.19200300.100.1.1:luomao2000@tom.com",
                        "0.9.2342.19200300.100.1.1": "luomao2000@tom.com"
                    },
                    "validto": "2039-07-01 03:19:39",
                    "serialnumber": "4a4ad5cb",
                    "thumbprint": "2bfc30d14ed0161055f93d07c3c4035c82521457",
                    "validfrom": "2009-07-01 03:19:39",
                    "Issuer": {
                        "DN": "0.9.2342.19200300.100.1.1:luomao2000@tom.com",
                        "0.9.2342.19200300.100.1.1": "luomao2000@tom.com"
                    }
                },
                "VTAndroidInfo": 1.41,
                "Package": "tk.jianmo.study",
                "intent_filters": {
                    "Services": {},
                    "Activities": {
                        "tk.jianmo.study.MainActivity": {
                            "action": [
                                "android.intent.action.MAIN"
                            ],
                            "category": [
                                "android.intent.category.LAUNCHER"
                            ]
                        }
                    },
                    "Receivers": {
                        "tk.jianmo.study.BootBroadcastReceiver": {
                            "action": [
                                "android.intent.action.BOOT_COMPLETED",
                                "android.intent.ACTION_SCREEN_OFF",
                                "android.net.conn.CONNECTIVITY_CHANGE",
                                "android.net.wifi.WIFI_STATE_CHANGED",
                                "android.net.wifi.STATE_CHANGE"
                            ],
                            "category": [
                                "android.intent.category.HOME"
                            ]
                        }
                    }
                },
                "permission_details": {
                    "android.permission.RECEIVE_BOOT_COMPLETED": {
                        "short_description": "automatically start at boot",
                        "full_description": "Allows an application to start itself as soon as the system has finished booting. This can make it take longer to start the phone and allow the application to slow down the overall phone by always running.",
                        "permission_type": "normal"
                    },
                    "android.permission.KILL_BACKGROUND_PROCESSES": {
                        "short_description": "kill background processes",
                        "full_description": "Allows an application to kill background processes of other applications, even if memory is not low.",
                        "permission_type": "normal"
                    },
                    "android.permission.ACCESS_WIFI_STATE": {
                        "short_description": "view Wi-Fi status",
                        "full_description": "Allows an application to view the information about the status of Wi-Fi.",
                        "permission_type": "normal"
                    },
                    "android.permission.WAKE_LOCK": {
                        "short_description": "prevent phone from sleeping",
                        "full_description": "Allows an application to prevent the phone from going to sleep.",
                        "permission_type": "normal"
                    },
                    "android.permission.GET_TASKS": {
                        "short_description": "retrieve running applications",
                        "full_description": "Allows application to retrieve information about currently and recently running tasks. May allow malicious applications to discover private information about other applications.",
                        "permission_type": "dangerous"
                    },
                    "android.permission.CHANGE_WIFI_STATE": {
                        "short_description": "change Wi-Fi status",
                        "full_description": "Allows an application to connect to and disconnect from Wi-Fi access points and to make changes to configured Wi-Fi networks.",
                        "permission_type": "dangerous"
                    }
                },
                "AndroidApplication": 1,
                "AndroidApplicationError": false,
                "AndroidVersionName": "\u5b89\u5353\u514d\u8d39\u5237\u4e50\u6597\u5730\u76d8",
                "RiskIndicator": {
                    "APK": {
                        "DEX": 1
                    },
                    "PERM": {
                        "DANGEROUS": 2,
                        "NORMAL": 4
                    }
                },
                "Services": [
                    "tk.jianmo.study.killpoccessserve"
                ],
                "MinSdkVersion": "8",
                "TargetSdkVersion": "11",
                "Receivers": [
                    "tk.jianmo.study.BootBroadcastReceiver"
                ],
                "AndroguardVersion": "3.0-dev",
                "AndroidApplicationInfo": "APK"
            },
            "magic": "Zip archive data, at least v2.0 to extract",
            "last_analysis_stats": {
                "harmless": 0,
                "type-unsupported": 11,
                "suspicious": 0,
                "confirmed-timeout": 0,
                "timeout": 0,
                "failure": 1,
                "malicious": 32,
                "undetected": 34
            },
            "meaningful_name": "35ff9232b7232ad5993adb3d318f27ff.apk",
            "reputation": 0
        },
        "type": "file",
        "id": "0025ad53a2c025e8778b77d2d53ad0e3fd47c7a8bcc3282fdeb27ed5928845b4",
        "links": {
            "self": "https://www.virustotal.com/api/v3/files/0025ad53a2c025e8778b77d2d53ad0e3fd47c7a8bcc3282fdeb27ed5928845b4"
        }
    }
}