{
    "data": {
        "attributes": {
            "type_description": "Android",
            "vhash": "3f0c0bdf0b82913a6db22c5066b6e898",
            "trid": [
                {
                    "file_type": "Android Package",
                    "probability": 56.2
                },
                {
                    "file_type": "Java Archive",
                    "probability": 21.1
                },
                {
                    "file_type": "Sweet Home 3D design (generic)",
                    "probability": 15.3
                },
                {
                    "file_type": "ZIP compressed archive",
                    "probability": 5.8
                },
                {
                    "file_type": "PrintFox/Pagefox bitmap (var. P)",
                    "probability": 1.4
                }
            ],
            "names": [
                "hk.ucom.printerdemo.apk"
            ],
            "last_modification_date": 1573810812,
            "type_tag": "android",
            "times_submitted": 2,
            "total_votes": {
                "harmless": 0,
                "malicious": 0
            },
            "size": 960959,
            "type_extension": "apk",
            "last_submission_date": 1548126251,
            "last_analysis_results": {
                "Bkav": {
                    "category": "undetected",
                    "engine_name": "Bkav",
                    "engine_version": "1.3.0.9899",
                    "result": null,
                    "method": "blacklist",
                    "engine_update": "20191114"
                },
                "Lionic": {
                    "category": "undetected",
                    "engine_name": "AegisLab",
                    "engine_version": "4.2",
                    "result": null,
                    "method": "blacklist",
                    "engine_update": "20191114"
                },
                "DrWeb": {
                    "category": "undetected",
                    "engine_name": "DrWeb",
                    "engine_version": "7.0.41.7240",
                    "result": null,
                    "method": "blacklist",
                    "engine_update": "20191114"
                },
                "MicroWorld-eScan": {
                    "category": "undetected",
                    "engine_name": "MicroWorld-eScan",
                    "engine_version": "14.0.297.0",
                    "result": null,
                    "method": "blacklist",
                    "engine_update": "20191114"
                },
                "FireEye": {
                    "category": "undetected",
                    "engine_name": "FireEye",
                    "engine_version": "29.7.0.0",
                    "result": null,
                    "method": "blacklist",
                    "engine_update": "20191114"
                },
                "CAT-QuickHeal": {
                    "category": "undetected",
                    "engine_name": "CAT-QuickHeal",
                    "engine_version": "14.00",
                    "result": null,
                    "method": "blacklist",
                    "engine_update": "20191114"
                },
                "McAfee": {
                    "category": "undetected",
                    "engine_name": "McAfee",
                    "engine_version": "6.0.6.653",
                    "result": null,
                    "method": "blacklist",
                    "engine_update": "20191113"
                },
                "Malwarebytes": {
                    "category": "undetected",
                    "engine_name": "Malwarebytes",
                    "engine_version": "2.1.1.1115",
                    "result": null,
                    "method": "blacklist",
                    "engine_update": "20191114"
                },
                "VIPRE": {
                    "category": "undetected",
                    "engine_name": "VIPRE",
                    "engine_version": "79326",
                    "result": null,
                    "method": "blacklist",
                    "engine_update": "20191114"
                },
                "Paloalto": {
                    "category": "type-unsupported",
                    "engine_name": "Paloalto",
                    "engine_version": "1.0",
                    "result": null,
                    "method": "blacklist",
                    "engine_update": "20191114"
                },
                "Trustlook": {
                    "category": "undetected",
                    "engine_name": "Trustlook",
                    "engine_version": "1.0",
                    "result": null,
                    "method": "blacklist",
                    "engine_update": "20191114"
                },
                "Alibaba": {
                    "category": "undetected",
                    "engine_name": "Alibaba",
                    "engine_version": "0.3.0.5",
                    "result": null,
                    "method": "blacklist",
                    "engine_update": "20190527"
                },
                "K7GW": {
                    "category": "undetected",
                    "engine_name": "K7GW",
                    "engine_version": "11.78.32559",
                    "result": null,
                    "method": "blacklist",
                    "engine_update": "20191114"
                },
                "K7AntiVirus": {
                    "category": "undetected",
                    "engine_name": "K7AntiVirus",
                    "engine_version": "11.78.32558",
                    "result": null,
                    "method": "blacklist",
                    "engine_update": "20191114"
                },
                "Invincea": {
                    "category": "type-unsupported",
                    "engine_name": "Invincea",
                    "engine_version": "6.3.6.26157",
                    "result": null,
                    "method": "blacklist",
                    "engine_update": "20190904"
                },
                "BitDefenderTheta": {
                    "category": "undetected",
                    "engine_name": "BitDefenderTheta",
                    "engine_version": "7.2.37796.0",
                    "result": null,
                    "method": "blacklist",
                    "engine_update": "20191113"
                },
                "F-Prot": {
                    "category": "undetected",
                    "engine_name": "F-Prot",
                    "engine_version": "4.7.1.166",
                    "result": null,
                    "method": "blacklist",
                    "engine_update": "20191114"
                },
                "SymantecMobileInsight": {
                    "category": "undetected",
                    "engine_name": "SymantecMobileInsight",
                    "engine_version": "2.0",
                    "result": null,
                    "method": "blacklist",
                    "engine_update": "20191030"
                },
                "Symantec": {
                    "category": "undetected",
                    "engine_name": "Symantec",
                    "engine_version": "1.11.0.0",
                    "result": null,
                    "method": "blacklist",
                    "engine_update": "20191114"
                },
                "TotalDefense": {
                    "category": "undetected",
                    "engine_name": "TotalDefense",
                    "engine_version": "37.1.62.1",
                    "result": null,
                    "method": "blacklist",
                    "engine_update": "20191114"
                },
                "APEX": {
                    "category": "type-unsupported",
                    "engine_name": "APEX",
                    "engine_version": "5.85",
                    "result": null,
                    "method": "blacklist",
                    "engine_update": "20191113"
                },
                "TrendMicro-HouseCall": {
                    "category": "undetected",
                    "engine_name": "TrendMicro-HouseCall",
                    "engine_version": "10.0.0.1040",
                    "result": null,
                    "method": "blacklist",
                    "engine_update": "20191114"
                },
                "Avast": {
                    "category": "undetected",
                    "engine_name": "Avast",
                    "engine_version": "18.4.3895.0",
                    "result": null,
                    "method": "blacklist",
                    "engine_update": "20191114"
                },
                "ClamAV": {
                    "category": "undetected",
                    "engine_name": "ClamAV",
                    "engine_version": "0.102.0.0",
                    "result": null,
                    "method": "blacklist",
                    "engine_update": "20191114"
                },
                "Kaspersky": {
                    "category": "undetected",
                    "engine_name": "Kaspersky",
                    "engine_version": "15.0.1.13",
                    "result": null,
                    "method": "blacklist",
                    "engine_update": "20191114"
                },
                "BitDefender": {
                    "category": "undetected",
                    "engine_name": "BitDefender",
                    "engine_version": "7.2",
                    "result": null,
                    "method": "blacklist",
                    "engine_update": "20191114"
                },
                "NANO-Antivirus": {
                    "category": "undetected",
                    "engine_name": "NANO-Antivirus",
                    "engine_version": "1.0.134.24859",
                    "result": null,
                    "method": "blacklist",
                    "engine_update": "20191114"
                },
                "SUPERAntiSpyware": {
                    "category": "undetected",
                    "engine_name": "SUPERAntiSpyware",
                    "engine_version": "5.6.0.1032",
                    "result": null,
                    "method": "blacklist",
                    "engine_update": "20191108"
                },
                "Tencent": {
                    "category": "undetected",
                    "engine_name": "Tencent",
                    "engine_version": "1.0.0.1",
                    "result": null,
                    "method": "blacklist",
                    "engine_update": "20191114"
                },
                "Ad-Aware": {
                    "category": "undetected",
                    "engine_name": "Ad-Aware",
                    "engine_version": "3.0.5.370",
                    "result": null,
                    "method": "blacklist",
                    "engine_update": "20191114"
                },
                "Emsisoft": {
                    "category": "undetected",
                    "engine_name": "Emsisoft",
                    "engine_version": "2018.12.0.1641",
                    "result": null,
                    "method": "blacklist",
                    "engine_update": "20191031"
                },
                "Comodo": {
                    "category": "undetected",
                    "engine_name": "Comodo",
                    "engine_version": "31722",
                    "result": null,
                    "method": "blacklist",
                    "engine_update": "20191114"
                },
                "F-Secure": {
                    "category": "undetected",
                    "engine_name": "F-Secure",
                    "engine_version": "12.0.86.52",
                    "result": null,
                    "method": "blacklist",
                    "engine_update": "20191114"
                },
                "Baidu": {
                    "category": "undetected",
                    "engine_name": "Baidu",
                    "engine_version": "1.0.0.2",
                    "result": null,
                    "method": "blacklist",
                    "engine_update": "20190318"
                },
                "Zillya": {
                    "category": "undetected",
                    "engine_name": "Zillya",
                    "engine_version": "2.0.0.3950",
                    "result": null,
                    "method": "blacklist",
                    "engine_update": "20191114"
                },
                "TrendMicro": {
                    "category": "undetected",
                    "engine_name": "TrendMicro",
                    "engine_version": "11.0.0.1006",
                    "result": null,
                    "method": "blacklist",
                    "engine_update": "20191114"
                },
                "McAfee-GW-Edition": {
                    "category": "undetected",
                    "engine_name": "McAfee-GW-Edition",
                    "engine_version": "v2017.3010",
                    "result": null,
                    "method": "blacklist",
                    "engine_update": "20191114"
                },
                "Trapmine": {
                    "category": "type-unsupported",
                    "engine_name": "Trapmine",
                    "engine_version": "3.1.81.800",
                    "result": null,
                    "method": "blacklist",
                    "engine_update": "20190826"
                },
                "CMC": {
                    "category": "undetected",
                    "engine_name": "CMC",
                    "engine_version": "1.1.0.977",
                    "result": null,
                    "method": "blacklist",
                    "engine_update": "20190321"
                },
                "Sophos": {
                    "category": "undetected",
                    "engine_name": "Sophos",
                    "engine_version": "4.98.0",
                    "result": null,
                    "method": "blacklist",
                    "engine_update": "20191114"
                },
                "Ikarus": {
                    "category": "undetected",
                    "engine_name": "Ikarus",
                    "engine_version": "0.1.5.2",
                    "result": null,
                    "method": "blacklist",
                    "engine_update": "20191114"
                },
                "Cyren": {
                    "category": "undetected",
                    "engine_name": "Cyren",
                    "engine_version": "6.2.2.2",
                    "result": null,
                    "method": "blacklist",
                    "engine_update": "20191114"
                },
                "Jiangmin": {
                    "category": "undetected",
                    "engine_name": "Jiangmin",
                    "engine_version": "16.0.100",
                    "result": null,
                    "method": "blacklist",
                    "engine_update": "20191115"
                },
                "Webroot": {
                    "category": "type-unsupported",
                    "engine_name": "Webroot",
                    "engine_version": "1.0.0.403",
                    "result": null,
                    "method": "blacklist",
                    "engine_update": "20191114"
                },
                "Avira": {
                    "category": "undetected",
                    "engine_name": "Avira",
                    "engine_version": "8.3.3.8",
                    "result": null,
                    "method": "blacklist",
                    "engine_update": "20191114"
                },
                "Fortinet": {
                    "category": "undetected",
                    "engine_name": "Fortinet",
                    "engine_version": "5.4.247.0",
                    "result": null,
                    "method": "blacklist",
                    "engine_update": "20191114"
                },
                "Antiy-AVL": {
                    "category": "undetected",
                    "engine_name": "Antiy-AVL",
                    "engine_version": "3.0.0.1",
                    "result": null,
                    "method": "blacklist",
                    "engine_update": "20191114"
                },
                "Kingsoft": {
                    "category": "undetected",
                    "engine_name": "Kingsoft",
                    "engine_version": "2013.8.14.323",
                    "result": null,
                    "method": "blacklist",
                    "engine_update": "20191114"
                },
                "Endgame": {
                    "category": "type-unsupported",
                    "engine_name": "Endgame",
                    "engine_version": "3.0.15",
                    "result": null,
                    "method": "blacklist",
                    "engine_update": "20190918"
                },
                "Arcabit": {
                    "category": "undetected",
                    "engine_name": "Arcabit",
                    "engine_version": "1.0.0.861",
                    "result": null,
                    "method": "blacklist",
                    "engine_update": "20191114"
                },
                "ViRobot": {
                    "category": "undetected",
                    "engine_name": "ViRobot",
                    "engine_version": "2014.3.20.0",
                    "result": null,
                    "method": "blacklist",
                    "engine_update": "20191114"
                },
                "ZoneAlarm": {
                    "category": "undetected",
                    "engine_name": "ZoneAlarm",
                    "engine_version": "1.0",
                    "result": null,
                    "method": "blacklist",
                    "engine_update": "20191114"
                },
                "Avast-Mobile": {
                    "category": "undetected",
                    "engine_name": "Avast-Mobile",
                    "engine_version": "191113-02",
                    "result": null,
                    "method": "blacklist",
                    "engine_update": "20191113"
                },
                "Microsoft": {
                    "category": "undetected",
                    "engine_name": "Microsoft",
                    "engine_version": "1.1.16500.1",
                    "result": null,
                    "method": "blacklist",
                    "engine_update": "20191114"
                },
                "SentinelOne": {
                    "category": "type-unsupported",
                    "engine_name": "SentinelOne",
                    "engine_version": "1.0.31.22",
                    "result": null,
                    "method": "blacklist",
                    "engine_update": "20190807"
                },
                "AhnLab-V3": {
                    "category": "undetected",
                    "engine_name": "AhnLab-V3",
                    "engine_version": "3.16.4.25692",
                    "result": null,
                    "method": "blacklist",
                    "engine_update": "20191114"
                },
                "Acronis": {
                    "category": "type-unsupported",
                    "engine_name": "Acronis",
                    "engine_version": "1.1.1.58",
                    "result": null,
                    "method": "blacklist",
                    "engine_update": "20191113"
                },
                "VBA32": {
                    "category": "undetected",
                    "engine_name": "VBA32",
                    "engine_version": "4.2.0",
                    "result": null,
                    "method": "blacklist",
                    "engine_update": "20191114"
                },
                "ALYac": {
                    "category": "undetected",
                    "engine_name": "ALYac",
                    "engine_version": "1.1.1.5",
                    "result": null,
                    "method": "blacklist",
                    "engine_update": "20191114"
                },
                "MAX": {
                    "category": "undetected",
                    "engine_name": "MAX",
                    "engine_version": "2019.9.16.1",
                    "result": null,
                    "method": "blacklist",
                    "engine_update": "20191114"
                },
                "Cylance": {
                    "category": "type-unsupported",
                    "engine_name": "Cylance",
                    "engine_version": "2.3.1.101",
                    "result": null,
                    "method": "blacklist",
                    "engine_update": "20191114"
                },
                "Zoner": {
                    "category": "undetected",
                    "engine_name": "Zoner",
                    "engine_version": "1.0.0.1",
                    "result": null,
                    "method": "blacklist",
                    "engine_update": "20191114"
                },
                "ESET-NOD32": {
                    "category": "undetected",
                    "engine_name": "ESET-NOD32",
                    "engine_version": "20348",
                    "result": null,
                    "method": "blacklist",
                    "engine_update": "20191114"
                },
                "Rising": {
                    "category": "undetected",
                    "engine_name": "Rising",
                    "engine_version": "25.0.0.24",
                    "result": null,
                    "method": "blacklist",
                    "engine_update": "20191115"
                },
                "Yandex": {
                    "category": "undetected",
                    "engine_name": "Yandex",
                    "engine_version": "5.5.2.24",
                    "result": null,
                    "method": "blacklist",
                    "engine_update": "20191114"
                },
                "TACHYON": {
                    "category": "undetected",
                    "engine_name": "TACHYON",
                    "engine_version": "2019-11-14.02",
                    "result": null,
                    "method": "blacklist",
                    "engine_update": "20191114"
                },
                "MaxSecure": {
                    "category": "undetected",
                    "engine_name": "MaxSecure",
                    "engine_version": "1.0.0.1",
                    "result": null,
                    "method": "blacklist",
                    "engine_update": "20191114"
                },
                "GData": {
                    "category": "undetected",
                    "engine_name": "GData",
                    "engine_version": "A:25.23982B:26.16650",
                    "result": null,
                    "method": "blacklist",
                    "engine_update": "20191114"
                },
                "AVG": {
                    "category": "undetected",
                    "engine_name": "AVG",
                    "engine_version": "18.4.3895.0",
                    "result": null,
                    "method": "blacklist",
                    "engine_update": "20191114"
                },
                "Cybereason": {
                    "category": "type-unsupported",
                    "engine_name": "Cybereason",
                    "engine_version": "1.2.449",
                    "result": null,
                    "method": "blacklist",
                    "engine_update": "20190616"
                },
                "Panda": {
                    "category": "undetected",
                    "engine_name": "Panda",
                    "engine_version": "4.6.4.2",
                    "result": null,
                    "method": "blacklist",
                    "engine_update": "20191114"
                },
                "CrowdStrike": {
                    "category": "type-unsupported",
                    "engine_name": "CrowdStrike",
                    "engine_version": "1.0",
                    "result": null,
                    "method": "blacklist",
                    "engine_update": "20190702"
                },
                "Qihoo-360": {
                    "category": "undetected",
                    "engine_name": "Qihoo-360",
                    "engine_version": "1.0.0.1120",
                    "result": null,
                    "method": "blacklist",
                    "engine_update": "20191114"
                }
            },
            "sha256": "002755634a63f34e4aabeb56ddbb5dd113bb4302df34031337fa90c2c3841815",
            "tags": [
                "apk",
                "android",
                "reflection"
            ],
            "last_analysis_date": 1573761453,
            "unique_sources": 2,
            "first_submission_date": 1528359709,
            "sha1": "5185e2eb72038d5b4090970090fc44004e15cc6b",
            "ssdeep": "12288:Epnvgi4Ysg+P8sOofP7bGzH10L48njjG76etK7s9/CFhK0as:Evgesg+kLobiSL48nXcRK7s9l0as",
            "bundle_info": {
                "highest_datetime": "1980-00-00 00:00:00",
                "lowest_datetime": "1980-00-00 00:00:00",
                "num_children": 415,
                "extensions": {
                    "xml": 148,
                    "dex": 1,
                    "MF": 1,
                    "RSA": 1,
                    "bmp": 3,
                    "SF": 1,
                    "png": 258
                },
                "file_types": {
                    "XML": 148,
                    "DEX": 1,
                    "unknown": 4,
                    "BMP": 3,
                    "HTML": 1,
                    "PNG": 258
                },
                "type": "APK",
                "uncompressed_size": 1523532
            },
            "md5": "93cf8903d89993333f60433a84f6e52e",
            "androguard": {
                "Activities": [
                    "hk.ucom.printerdemo.MainActivity"
                ],
                "AndroidVersionCode": "147",
                "main_activity": "hk.ucom.printerdemo.MainActivity",
                "certificate": {
                    "Subject": {
                        "DN": "OU:Development Department, L:Hong Kong, O:VIC COMPUTER (HK) CO. LIMITED",
                        "OU": "Development Department",
                        "L": "Hong Kong",
                        "O": "VIC COMPUTER (HK) CO. LIMITED"
                    },
                    "validto": "03:59 AM 05/17/2115",
                    "serialnumber": "6508ec49",
                    "thumbprint": "d735596c3f0c7e9306de4a3c2480ac31514be242",
                    "validfrom": "03:59 AM 06/10/2015",
                    "Issuer": {
                        "DN": "OU:Development Department, L:Hong Kong, O:VIC COMPUTER (HK) CO. LIMITED",
                        "OU": "Development Department",
                        "L": "Hong Kong",
                        "O": "VIC COMPUTER (HK) CO. LIMITED"
                    }
                },
                "VTAndroidInfo": 1.41,
                "Package": "hk.ucom.printerdemo",
                "intent_filters": {
                    "Services": {},
                    "Activities": {
                        "hk.ucom.printerdemo.MainActivity": {
                            "action": [
                                "android.intent.action.MAIN"
                            ],
                            "category": [
                                "android.intent.category.LAUNCHER"
                            ]
                        }
                    },
                    "Receivers": {}
                },
                "permission_details": {
                    "android.permission.BLUETOOTH": {
                        "short_description": "create Bluetooth connections",
                        "full_description": "Allows an application to view configuration of the local Bluetooth phone and to make and accept connections with paired devices.",
                        "permission_type": "dangerous"
                    },
                    "android.permission.WRITE_EXTERNAL_STORAGE": {
                        "short_description": "modify/delete SD card contents",
                        "full_description": "Allows an application to write to the SD card.",
                        "permission_type": "dangerous"
                    },
                    "android.permission.INTERNET": {
                        "short_description": "full Internet access",
                        "full_description": "Allows an application to create network sockets.",
                        "permission_type": "dangerous"
                    }
                },
                "AndroidApplication": 1,
                "StringsInformation": [
                    "http://schemas.android.com/apk/res/android",
                    "http://ucom.hk"
                ],
                "AndroidApplicationError": false,
                "AndroidVersionName": "1.4.7",
                "RiskIndicator": {
                    "APK": {
                        "DEX": 1
                    },
                    "PERM": {
                        "DANGEROUS": 2,
                        "INTERNET": 1
                    }
                },
                "MinSdkVersion": "19",
                "TargetSdkVersion": "25",
                "AndroguardVersion": "3.0-dev",
                "AndroidApplicationInfo": "APK"
            },
            "magic": "Zip archive data, at least v2.0 to extract",
            "last_analysis_stats": {
                "harmless": 0,
                "type-unsupported": 11,
                "suspicious": 0,
                "confirmed-timeout": 0,
                "timeout": 0,
                "failure": 0,
                "malicious": 0,
                "undetected": 62
            },
            "meaningful_name": "hk.ucom.printerdemo.apk",
            "reputation": 0
        },
        "type": "file",
        "id": "002755634a63f34e4aabeb56ddbb5dd113bb4302df34031337fa90c2c3841815",
        "links": {
            "self": "https://www.virustotal.com/api/v3/files/002755634a63f34e4aabeb56ddbb5dd113bb4302df34031337fa90c2c3841815"
        }
    }
}