{
    "data": {
        "attributes": {
            "type_description": "Android",
            "tlsh": "T1DA0402BEB6F0CC1EE93B85306B4980A276081DA96B97F93215123D468CF7ED44B18CF4",
            "vhash": "2e858af1c2f253e51206b6965b48b24d",
            "trid": [
                {
                    "file_type": "Android Package",
                    "probability": 67.5
                },
                {
                    "file_type": "Java Archive",
                    "probability": 23.6
                },
                {
                    "file_type": "ZIP compressed archive",
                    "probability": 7.0
                },
                {
                    "file_type": "PrintFox/Pagefox bitmap (640x800)",
                    "probability": 1.7
                }
            ],
            "names": [
                "output.100475408.txt",
                "12746_201609121728.apk"
            ],
            "last_modification_date": 1657736785,
            "type_tag": "android",
            "times_submitted": 7,
            "total_votes": {
                "harmless": 0,
                "malicious": 0
            },
            "size": 174937,
            "popular_threat_classification": {
                "suggested_threat_label": "trojan.oveead/roversa",
                "popular_threat_category": [
                    {
                        "count": 13,
                        "value": "trojan"
                    },
                    {
                        "count": 2,
                        "value": "downloader"
                    }
                ],
                "popular_threat_name": [
                    {
                        "count": 6,
                        "value": "oveead"
                    },
                    {
                        "count": 3,
                        "value": "roversa"
                    },
                    {
                        "count": 2,
                        "value": "artemis"
                    }
                ]
            },
            "last_submission_date": 1636323793,
            "last_analysis_results": {
                "Bkav": {
                    "category": "undetected",
                    "engine_name": "Bkav",
                    "engine_version": "1.3.0.9899",
                    "result": null,
                    "method": "blacklist",
                    "engine_update": "20211106"
                },
                "Lionic": {
                    "category": "malicious",
                    "engine_name": "Lionic",
                    "engine_version": "4.2",
                    "result": "Trojan.AndroidOS.Agent.C!c",
                    "method": "blacklist",
                    "engine_update": "20211107"
                },
                "Elastic": {
                    "category": "type-unsupported",
                    "engine_name": "Elastic",
                    "engine_version": "4.0.29",
                    "result": null,
                    "method": "blacklist",
                    "engine_update": "20211005"
                },
                "DrWeb": {
                    "category": "malicious",
                    "engine_name": "DrWeb",
                    "engine_version": "7.0.52.8270",
                    "result": "Android.DownLoader.1866",
                    "method": "blacklist",
                    "engine_update": "20211107"
                },
                "MicroWorld-eScan": {
                    "category": "undetected",
                    "engine_name": "MicroWorld-eScan",
                    "engine_version": "14.0.409.0",
                    "result": null,
                    "method": "blacklist",
                    "engine_update": "20211107"
                },
                "FireEye": {
                    "category": "undetected",
                    "engine_name": "FireEye",
                    "engine_version": "32.44.1.0",
                    "result": null,
                    "method": "blacklist",
                    "engine_update": "20211107"
                },
                "CAT-QuickHeal": {
                    "category": "malicious",
                    "engine_name": "CAT-QuickHeal",
                    "engine_version": "14.00",
                    "result": "Android.OveeAd.GEN8965",
                    "method": "blacklist",
                    "engine_update": "20211107"
                },
                "McAfee": {
                    "category": "malicious",
                    "engine_name": "McAfee",
                    "engine_version": "6.0.6.653",
                    "result": "Artemis!FA9F79B42FFD",
                    "method": "blacklist",
                    "engine_update": "20211107"
                },
                "Malwarebytes": {
                    "category": "undetected",
                    "engine_name": "Malwarebytes",
                    "engine_version": "4.2.2.27",
                    "result": null,
                    "method": "blacklist",
                    "engine_update": "20211107"
                },
                "Zillya": {
                    "category": "undetected",
                    "engine_name": "Zillya",
                    "engine_version": "2.0.0.4489",
                    "result": null,
                    "method": "blacklist",
                    "engine_update": "20211105"
                },
                "Sangfor": {
                    "category": "undetected",
                    "engine_name": "Sangfor",
                    "engine_version": "2.9.0.0",
                    "result": null,
                    "method": "blacklist",
                    "engine_update": "20211103"
                },
                "Trustlook": {
                    "category": "malicious",
                    "engine_name": "Trustlook",
                    "engine_version": "1.0",
                    "result": "Android.Malware.Trojan",
                    "method": "blacklist",
                    "engine_update": "20211107"
                },
                "Alibaba": {
                    "category": "malicious",
                    "engine_name": "Alibaba",
                    "engine_version": "0.3.0.5",
                    "result": "Trojan:Android/OveeAd.73d80e64",
                    "method": "blacklist",
                    "engine_update": "20190527"
                },
                "K7GW": {
                    "category": "malicious",
                    "engine_name": "K7GW",
                    "engine_version": "11.225.39218",
                    "result": "Trojan ( 0054f13d1 )",
                    "method": "blacklist",
                    "engine_update": "20211107"
                },
                "K7AntiVirus": {
                    "category": "undetected",
                    "engine_name": "K7AntiVirus",
                    "engine_version": "11.225.39215",
                    "result": null,
                    "method": "blacklist",
                    "engine_update": "20211107"
                },
                "Arcabit": {
                    "category": "undetected",
                    "engine_name": "Arcabit",
                    "engine_version": "1.0.0.888",
                    "result": null,
                    "method": "blacklist",
                    "engine_update": "20211107"
                },
                "BitDefenderTheta": {
                    "category": "undetected",
                    "engine_name": "BitDefenderTheta",
                    "engine_version": "7.2.37796.0",
                    "result": null,
                    "method": "blacklist",
                    "engine_update": "20211104"
                },
                "Cyren": {
                    "category": "undetected",
                    "engine_name": "Cyren",
                    "engine_version": "6.3.0.2",
                    "result": null,
                    "method": "blacklist",
                    "engine_update": "20211107"
                },
                "SymantecMobileInsight": {
                    "category": "malicious",
                    "engine_name": "SymantecMobileInsight",
                    "engine_version": "2.0",
                    "result": "Trojan:Malapp",
                    "method": "blacklist",
                    "engine_update": "20210126"
                },
                "Symantec": {
                    "category": "malicious",
                    "engine_name": "Symantec",
                    "engine_version": "1.16.0.0",
                    "result": "Trojan.Gen.MBT",
                    "method": "blacklist",
                    "engine_update": "20211107"
                },
                "ESET-NOD32": {
                    "category": "malicious",
                    "engine_name": "ESET-NOD32",
                    "engine_version": "24254",
                    "result": "a variant of Android/OveeAd.T",
                    "method": "blacklist",
                    "engine_update": "20211107"
                },
                "APEX": {
                    "category": "type-unsupported",
                    "engine_name": "APEX",
                    "engine_version": "6.227",
                    "result": null,
                    "method": "blacklist",
                    "engine_update": "20211107"
                },
                "TrendMicro-HouseCall": {
                    "category": "undetected",
                    "engine_name": "TrendMicro-HouseCall",
                    "engine_version": "10.0.0.1040",
                    "result": null,
                    "method": "blacklist",
                    "engine_update": "20211107"
                },
                "Avast": {
                    "category": "malicious",
                    "engine_name": "Avast",
                    "engine_version": "21.1.5827.0",
                    "result": "Android:Roversa-B [Trj]",
                    "method": "blacklist",
                    "engine_update": "20211107"
                },
                "ClamAV": {
                    "category": "undetected",
                    "engine_name": "ClamAV",
                    "engine_version": "0.104.1.0",
                    "result": null,
                    "method": "blacklist",
                    "engine_update": "20211107"
                },
                "Kaspersky": {
                    "category": "malicious",
                    "engine_name": "Kaspersky",
                    "engine_version": "21.0.1.45",
                    "result": "HEUR:Trojan.AndroidOS.Agent.lh",
                    "method": "blacklist",
                    "engine_update": "20211107"
                },
                "BitDefender": {
                    "category": "undetected",
                    "engine_name": "BitDefender",
                    "engine_version": "7.2",
                    "result": null,
                    "method": "blacklist",
                    "engine_update": "20211107"
                },
                "NANO-Antivirus": {
                    "category": "malicious",
                    "engine_name": "NANO-Antivirus",
                    "engine_version": "1.0.146.25409",
                    "result": "Trojan.Android.OveeAd.egvzvj",
                    "method": "blacklist",
                    "engine_update": "20211107"
                },
                "SUPERAntiSpyware": {
                    "category": "undetected",
                    "engine_name": "SUPERAntiSpyware",
                    "engine_version": "5.6.0.1032",
                    "result": null,
                    "method": "blacklist",
                    "engine_update": "20211106"
                },
                "Tencent": {
                    "category": "malicious",
                    "engine_name": "Tencent",
                    "engine_version": "1.0.0.1",
                    "result": "a.gray.generic",
                    "method": "blacklist",
                    "engine_update": "20211107"
                },
                "Ad-Aware": {
                    "category": "undetected",
                    "engine_name": "Ad-Aware",
                    "engine_version": "3.0.21.193",
                    "result": null,
                    "method": "blacklist",
                    "engine_update": "20211107"
                },
                "TACHYON": {
                    "category": "undetected",
                    "engine_name": "TACHYON",
                    "engine_version": "2021-11-07.02",
                    "result": null,
                    "method": "blacklist",
                    "engine_update": "20211107"
                },
                "Emsisoft": {
                    "category": "undetected",
                    "engine_name": "Emsisoft",
                    "engine_version": "2021.5.0.7597",
                    "result": null,
                    "method": "blacklist",
                    "engine_update": "20211107"
                },
                "Comodo": {
                    "category": "undetected",
                    "engine_name": "Comodo",
                    "engine_version": "34044",
                    "result": null,
                    "method": "blacklist",
                    "engine_update": "20211102"
                },
                "F-Secure": {
                    "category": "undetected",
                    "engine_name": "F-Secure",
                    "engine_version": "12.0.86.52",
                    "result": null,
                    "method": "blacklist",
                    "engine_update": "20211107"
                },
                "Baidu": {
                    "category": "undetected",
                    "engine_name": "Baidu",
                    "engine_version": "1.0.0.2",
                    "result": null,
                    "method": "blacklist",
                    "engine_update": "20190318"
                },
                "VIPRE": {
                    "category": "undetected",
                    "engine_name": "VIPRE",
                    "engine_version": "96786",
                    "result": null,
                    "method": "blacklist",
                    "engine_update": "20211107"
                },
                "TrendMicro": {
                    "category": "undetected",
                    "engine_name": "TrendMicro",
                    "engine_version": "11.0.0.1006",
                    "result": null,
                    "method": "blacklist",
                    "engine_update": "20211107"
                },
                "McAfee-GW-Edition": {
                    "category": "malicious",
                    "engine_name": "McAfee-GW-Edition",
                    "engine_version": "v2019.1.2+3728",
                    "result": "Artemis!Trojan",
                    "method": "blacklist",
                    "engine_update": "20211107"
                },
                "SentinelOne": {
                    "category": "type-unsupported",
                    "engine_name": "SentinelOne",
                    "engine_version": "6.3.0.2",
                    "result": null,
                    "method": "blacklist",
                    "engine_update": "20211028"
                },
                "Trapmine": {
                    "category": "type-unsupported",
                    "engine_name": "Trapmine",
                    "engine_version": "3.5.0.1023",
                    "result": null,
                    "method": "blacklist",
                    "engine_update": "20200727"
                },
                "CMC": {
                    "category": "undetected",
                    "engine_name": "CMC",
                    "engine_version": "2.10.2019.1",
                    "result": null,
                    "method": "blacklist",
                    "engine_update": "20211026"
                },
                "Sophos": {
                    "category": "malicious",
                    "engine_name": "Sophos",
                    "engine_version": "1.4.1.0",
                    "result": "Andr/Dropr-FZ",
                    "method": "blacklist",
                    "engine_update": "20211107"
                },
                "Paloalto": {
                    "category": "type-unsupported",
                    "engine_name": "Paloalto",
                    "engine_version": "1.0",
                    "result": null,
                    "method": "blacklist",
                    "engine_update": "20211107"
                },
                "Avast-Mobile": {
                    "category": "malicious",
                    "engine_name": "Avast-Mobile",
                    "engine_version": "211107-02",
                    "result": "Android:Roversa-B [Trj]",
                    "method": "blacklist",
                    "engine_update": "20211107"
                },
                "Jiangmin": {
                    "category": "malicious",
                    "engine_name": "Jiangmin",
                    "engine_version": "16.0.100",
                    "result": "Trojan.AndroidOS.bxvl",
                    "method": "blacklist",
                    "engine_update": "20211106"
                },
                "Webroot": {
                    "category": "type-unsupported",
                    "engine_name": "Webroot",
                    "engine_version": "1.0.0.403",
                    "result": null,
                    "method": "blacklist",
                    "engine_update": "20211107"
                },
                "Avira": {
                    "category": "malicious",
                    "engine_name": "Avira",
                    "engine_version": "8.3.3.12",
                    "result": "ANDROID/OveeAd.AG.Gen",
                    "method": "blacklist",
                    "engine_update": "20211107"
                },
                "eGambit": {
                    "category": "type-unsupported",
                    "engine_name": "eGambit",
                    "engine_version": null,
                    "result": null,
                    "method": "blacklist",
                    "engine_update": "20211107"
                },
                "Antiy-AVL": {
                    "category": "undetected",
                    "engine_name": "Antiy-AVL",
                    "engine_version": "3.0.0.1",
                    "result": null,
                    "method": "blacklist",
                    "engine_update": "20211107"
                },
                "Kingsoft": {
                    "category": "undetected",
                    "engine_name": "Kingsoft",
                    "engine_version": "2017.9.26.565",
                    "result": null,
                    "method": "blacklist",
                    "engine_update": "20211107"
                },
                "Gridinsoft": {
                    "category": "undetected",
                    "engine_name": "Gridinsoft",
                    "engine_version": "1.0.61.160",
                    "result": null,
                    "method": "blacklist",
                    "engine_update": "20211107"
                },
                "Microsoft": {
                    "category": "malicious",
                    "engine_name": "Microsoft",
                    "engine_version": "1.1.18700.4",
                    "result": "TrojanDownloader:AndroidOS/Multiverze",
                    "method": "blacklist",
                    "engine_update": "20211107"
                },
                "ViRobot": {
                    "category": "undetected",
                    "engine_name": "ViRobot",
                    "engine_version": "2014.3.20.0",
                    "result": null,
                    "method": "blacklist",
                    "engine_update": "20211107"
                },
                "ZoneAlarm": {
                    "category": "undetected",
                    "engine_name": "ZoneAlarm",
                    "engine_version": "1.0",
                    "result": null,
                    "method": "blacklist",
                    "engine_update": "20211102"
                },
                "GData": {
                    "category": "undetected",
                    "engine_name": "GData",
                    "engine_version": "A:25.31276B:27.25070",
                    "result": null,
                    "method": "blacklist",
                    "engine_update": "20211107"
                },
                "Cynet": {
                    "category": "malicious",
                    "engine_name": "Cynet",
                    "engine_version": "4.0.0.27",
                    "result": "Malicious (score: 99)",
                    "method": "blacklist",
                    "engine_update": "20211107"
                },
                "BitDefenderFalx": {
                    "category": "malicious",
                    "engine_name": "BitDefenderFalx",
                    "engine_version": "2.0.936",
                    "result": "Android.Trojan.HiddenAds.BB",
                    "method": "blacklist",
                    "engine_update": "20210610"
                },
                "AhnLab-V3": {
                    "category": "malicious",
                    "engine_name": "AhnLab-V3",
                    "engine_version": "3.21.1.10219",
                    "result": "Trojan/Android.Ailidown.259881",
                    "method": "blacklist",
                    "engine_update": "20211107"
                },
                "Acronis": {
                    "category": "type-unsupported",
                    "engine_name": "Acronis",
                    "engine_version": "1.1.1.82",
                    "result": null,
                    "method": "blacklist",
                    "engine_update": "20210512"
                },
                "ALYac": {
                    "category": "undetected",
                    "engine_name": "ALYac",
                    "engine_version": "1.1.3.1",
                    "result": null,
                    "method": "blacklist",
                    "engine_update": "20211107"
                },
                "MAX": {
                    "category": "undetected",
                    "engine_name": "MAX",
                    "engine_version": "2019.9.16.1",
                    "result": null,
                    "method": "blacklist",
                    "engine_update": "20211107"
                },
                "VBA32": {
                    "category": "undetected",
                    "engine_name": "VBA32",
                    "engine_version": "5.0.0",
                    "result": null,
                    "method": "blacklist",
                    "engine_update": "20211105"
                },
                "Cylance": {
                    "category": "type-unsupported",
                    "engine_name": "Cylance",
                    "engine_version": "2.3.1.101",
                    "result": null,
                    "method": "blacklist",
                    "engine_update": "20211107"
                },
                "Zoner": {
                    "category": "undetected",
                    "engine_name": "Zoner",
                    "engine_version": "0.0.0.0",
                    "result": null,
                    "method": "blacklist",
                    "engine_update": "20211106"
                },
                "Rising": {
                    "category": "undetected",
                    "engine_name": "Rising",
                    "engine_version": "25.0.0.26",
                    "result": null,
                    "method": "blacklist",
                    "engine_update": "20211107"
                },
                "Yandex": {
                    "category": "undetected",
                    "engine_name": "Yandex",
                    "engine_version": "5.5.2.24",
                    "result": null,
                    "method": "blacklist",
                    "engine_update": "20211107"
                },
                "Ikarus": {
                    "category": "malicious",
                    "engine_name": "Ikarus",
                    "engine_version": "0.1.5.2",
                    "result": "Trojan.AndroidOS.Oveead",
                    "method": "blacklist",
                    "engine_update": "20211107"
                },
                "MaxSecure": {
                    "category": "undetected",
                    "engine_name": "MaxSecure",
                    "engine_version": "1.0.0.1",
                    "result": null,
                    "method": "blacklist",
                    "engine_update": "20211103"
                },
                "Fortinet": {
                    "category": "malicious",
                    "engine_name": "Fortinet",
                    "engine_version": "6.2.142.0",
                    "result": "Android/Generic.Z.2E694A!tr",
                    "method": "blacklist",
                    "engine_update": "20211107"
                },
                "AVG": {
                    "category": "malicious",
                    "engine_name": "AVG",
                    "engine_version": "21.1.5827.0",
                    "result": "Android:Roversa-B [Trj]",
                    "method": "blacklist",
                    "engine_update": "20211107"
                },
                "Cybereason": {
                    "category": "type-unsupported",
                    "engine_name": "Cybereason",
                    "engine_version": "1.2.449",
                    "result": null,
                    "method": "blacklist",
                    "engine_update": "20210330"
                },
                "Panda": {
                    "category": "undetected",
                    "engine_name": "Panda",
                    "engine_version": "4.6.4.2",
                    "result": null,
                    "method": "blacklist",
                    "engine_update": "20211107"
                },
                "CrowdStrike": {
                    "category": "type-unsupported",
                    "engine_name": "CrowdStrike",
                    "engine_version": "1.0",
                    "result": null,
                    "method": "blacklist",
                    "engine_update": "20210203"
                }
            },
            "sha256": "002d5ff6933394b0802858e47e9f011055db2d8783ce7ce9b54c5ef4177a367a",
            "type_extension": "apk",
            "tags": [
                "apk",
                "android",
                "reflection",
                "telephony"
            ],
            "last_analysis_date": 1636323793,
            "unique_sources": 3,
            "first_submission_date": 1473762548,
            "sha1": "e25ff8af9ad7a43f06fe26856534cfcbbfb48624",
            "ssdeep": "3072:Y+OCUKApnOHTlToahRye8UYN8IrnyNS7ZHewnEDPeIwgH2:Y+OCUsHBT/zye+N8I7yI1H9ESIwgH2",
            "bundle_info": {
                "highest_datetime": "2016-09-12 17:28:28",
                "lowest_datetime": "2016-09-07 11:42:44",
                "num_children": 42,
                "extensions": {
                    "xml": 2,
                    "dex": 1,
                    "MF": 1,
                    "RSA": 1,
                    "jpg": 1,
                    "SF": 1,
                    "png": 34
                },
                "file_types": {
                    "XML": 2,
                    "unknown": 4,
                    "DEX": 1,
                    "PNG": 34,
                    "JPG": 1
                },
                "type": "APK",
                "uncompressed_size": 215905
            },
            "md5": "fa9f79b42ffda247d776f99406e694ce",
            "androguard": {
                "VTAndroidInfo": 2.0,
                "AndroidApplicationError": false,
                "MinSdkVersion": "9",
                "AndroguardVersion": "3.4.0a1",
                "Activities": [
                    "com.fb.abc.rty.common.ui.InstallActivity",
                    "com.fb.abc.rty.common.ui.UpdateActivity",
                    "com.fb.abc.rty.common.ui.WebViewGirlClubActivity",
                    "com.fb.abc.rty.common.ui.DownloadActivity"
                ],
                "certificate": {
                    "Subject": {
                        "DN": "CN:master",
                        "CN": "master"
                    },
                    "validto": "2115-12-19 09:16:05",
                    "serialnumber": "1a873312",
                    "thumbprint": "b9dff9c7906bb9d85ee1797acc97b6822b6eaaee",
                    "validfrom": "2016-01-12 09:16:05",
                    "Issuer": {
                        "DN": "CN:master",
                        "CN": "master"
                    }
                },
                "AndroidApplication": 1,
                "RiskIndicator": {
                    "APK": {
                        "DEX": 1
                    },
                    "PERM": {
                        "DEVELOPMENT": 1,
                        "PRIVACY": 2,
                        "DANGEROUS": 6,
                        "SIGNATURE": 2,
                        "SYSTEM": 2,
                        "INTERNET": 1,
                        "NORMAL": 11
                    }
                },
                "Services": [
                    "com.android.opt.dyn.fm.MyService"
                ],
                "AndroidVersionCode": "1",
                "main_activity": "com.fb.abc.rty.common.ui.InstallActivity",
                "Package": "com.facebook.bjsx",
                "intent_filters": {
                    "Activities": {
                        "com.fb.abc.rty.common.ui.DownloadActivity": {
                            "action": [
                                "com.fb.abc.rty.common.ui.Download"
                            ],
                            "category": [
                                "android.intent.category.DEFAULT"
                            ]
                        },
                        "com.fb.abc.rty.common.ui.WebViewGirlClubActivity": {
                            "action": [
                                "com.fb.abc.rty.common.ui.action.WEBVIEW_SHORTCUT"
                            ],
                            "category": [
                                "android.intent.category.DEFAULT"
                            ]
                        },
                        "com.fb.abc.rty.common.ui.InstallActivity": {
                            "action": [
                                "android.intent.action.MAIN"
                            ],
                            "category": [
                                "android.intent.category.LAUNCHER"
                            ]
                        }
                    },
                    "Receivers": {
                        "com.fb.abc.rty.common.download.DownloadCompleteReceiver": {
                            "action": [
                                "android.intent.action.DOWNLOAD_COMPLETE"
                            ]
                        },
                        "com.fb.abc.rty.common.install.InstallReceiver": {
                            "action": [
                                "android.intent.action.PACKAGE_ADDED"
                            ]
                        },
                        "com.fb.abc.rty.common.MyReceiver": {
                            "action": [
                                "android.net.conn.CONNECTIVITY_CHANGE",
                                "android.intent.action.USER_PRESENT",
                                "android.intent.action.BOOT_COMPLETED",
                                "android.intent.action.TIME_SET",
                                "android.intent.action.PACKAGE_INSTALL",
                                "android.intent.action.SIG_STR"
                            ]
                        },
                        "com.fb.abc.rty.common.ui.OpenScreenReceiver": {
                            "action": [
                                "android.intent.action.USER_PRESENT"
                            ]
                        }
                    }
                },
                "AndroidVersionName": "1.0",
                "TargetSdkVersion": "21",
                "AndroidApplicationInfo": "APK",
                "permission_details": {
                    "android.permission.CHANGE_NETWORK_STATE": {
                        "short_description": "change network connectivity",
                        "full_description": "Allows the app to change the state of network connectivity.",
                        "permission_type": "normal"
                    },
                    "com.android.launcher.permission.UNINSTALL_SHORTCUT": {
                        "short_description": "uninstall shortcuts",
                        "full_description": "Allows the application to remove\n        Homescreen shortcuts without user intervention.",
                        "permission_type": "dangerous"
                    },
                    "android.permission.READ_LOGS": {
                        "short_description": "read sensitive log data",
                        "full_description": "Allows the app to read from the\n        system's various log files.  This allows it to discover general\n        information about what you are doing with the phone, potentially\n        including personal or private information.",
                        "permission_type": "signature|system|development"
                    },
                    "android.permission.BLUETOOTH": {
                        "short_description": "pair with Bluetooth devices",
                        "full_description": "Allows the app to view the\n      configuration of the Bluetooth on the phone, and to make and accept\n      connections with paired devices.",
                        "permission_type": "dangerous"
                    },
                    "android.permission.CAMERA": {
                        "short_description": "take pictures and videos",
                        "full_description": "Allows the app to take pictures and videos\n      with the camera.  This permission allows the app to use the camera at any\n      time without your confirmation.",
                        "permission_type": "dangerous"
                    },
                    "android.permission.INTERNET": {
                        "short_description": "full network access",
                        "full_description": "Allows the app to create\n     network sockets and use custom network protocols. The browser and other\n     applications provide means to send data to the internet, so this\n     permission is not required to send data to the internet.",
                        "permission_type": "dangerous"
                    },
                    "android.permission.RECEIVE_USER_PRESENT": {
                        "short_description": "Unknown permission from android reference",
                        "full_description": "Unknown permission from android reference",
                        "permission_type": "normal"
                    },
                    "com.android.launcher.permission.INSTALL_SHORTCUT": {
                        "short_description": "install shortcuts",
                        "full_description": "Allows an application to add\n        Homescreen shortcuts without user intervention.",
                        "permission_type": "dangerous"
                    },
                    "android.permission.ACCESS_NETWORK_STATE": {
                        "short_description": "view network connections",
                        "full_description": "Allows the app to view\n      information about network connections such as which networks exist and are\n      connected.",
                        "permission_type": "normal"
                    },
                    "android.permission.GET_TASKS": {
                        "short_description": "retrieve running apps",
                        "full_description": "Allows the app to retrieve information\n       about currently and recently running tasks.  This may allow the app to\n       discover information about which applications are used on the device.",
                        "permission_type": "normal"
                    },
                    "android.permission.WRITE_EXTERNAL_STORAGE": {
                        "short_description": "modify or delete the contents of your SD card",
                        "full_description": "Allows the app to write to the SD card.",
                        "permission_type": "dangerous"
                    },
                    "android.permission.GET_PACKAGE_SIZE": {
                        "short_description": "measure app storage space",
                        "full_description": "Allows the app to retrieve its code, data, and cache sizes",
                        "permission_type": "normal"
                    },
                    "android.permission.DOWNLOAD_WITHOUT_NOTIFICATION": {
                        "short_description": "Unknown permission from android reference",
                        "full_description": "Unknown permission from android reference",
                        "permission_type": "normal"
                    },
                    "android.permission.READ_EXTERNAL_STORAGE": {
                        "short_description": "read the contents of your SD card",
                        "full_description": "Allows the app to read the contents of your SD card.",
                        "permission_type": "normal"
                    },
                    "android.permission.RECEIVE_BOOT_COMPLETED": {
                        "short_description": "run at startup",
                        "full_description": "Allows the app to\n        have itself started as soon as the system has finished booting.\n        This can make it take longer to start the phone and allow the\n        app to slow down the overall phone by always running.",
                        "permission_type": "normal"
                    },
                    "android.permission.ACCESS_MTK_MMHW": {
                        "short_description": "Unknown permission from android reference",
                        "full_description": "Unknown permission from android reference",
                        "permission_type": "normal"
                    },
                    "android.permission.WRITE_SETTINGS": {
                        "short_description": "modify system settings",
                        "full_description": "Allows the app to modify the\n        system's settings data. Malicious apps may corrupt your system's\n        configuration.",
                        "permission_type": "normal"
                    },
                    "android.permission.READ_PHONE_STATE": {
                        "short_description": "read phone status and identity",
                        "full_description": "Allows the app to access the phone\n      features of the device.  This permission allows the app to determine the\n      phone number and device IDs, whether a call is active, and the remote number\n      connected by a call.",
                        "permission_type": "dangerous"
                    },
                    "android.permission.ACCESS_SUPERUSER": {
                        "short_description": "Unknown permission from android reference",
                        "full_description": "Unknown permission from android reference",
                        "permission_type": "normal"
                    },
                    "android.permission.SYSTEM_ALERT_WINDOW": {
                        "short_description": "draw over other apps",
                        "full_description": "Allows the app to draw on top of other\n        applications or parts of the user interface.  They may interfere with your\n        use of the interface in any application, or change what you think you are\n        seeing in other applications.",
                        "permission_type": "dangerous"
                    },
                    "android.permission.KILL_BACKGROUND_PROCESSES": {
                        "short_description": "close other apps",
                        "full_description": "Allows the app to end\n      background processes of other apps.  This may cause other apps to stop\n      running.",
                        "permission_type": "normal"
                    },
                    "android.permission.ACCESS_WIFI_STATE": {
                        "short_description": "view Wi-Fi connections",
                        "full_description": "Allows the app to view information\n      about Wi-Fi networking, such as whether Wi-Fi is enabled and name of\n      connected Wi-Fi devices.",
                        "permission_type": "normal"
                    },
                    "android.permission.WAKE_LOCK": {
                        "short_description": "prevent phone from sleeping",
                        "full_description": "Allows the app to prevent the phone from going to sleep.",
                        "permission_type": "normal"
                    },
                    "android.permission.CHANGE_WIFI_STATE": {
                        "short_description": "connect and disconnect from Wi-Fi",
                        "full_description": "Allows the app to connect to and\n      disconnect from Wi-Fi access points and to make changes to device\n      configuration for Wi-Fi networks.",
                        "permission_type": "dangerous"
                    },
                    "android.permission.MOUNT_UNMOUNT_FILESYSTEMS": {
                        "short_description": "access SD Card filesystem",
                        "full_description": "Allows the app to mount and\n        unmount filesystems for removable storage.",
                        "permission_type": "system|signature"
                    },
                    "android.permission.RESTART_PACKAGES": {
                        "short_description": "close other apps",
                        "full_description": "Allows the app to end\n      background processes of other apps.  This may cause other apps to stop\n      running.",
                        "permission_type": "normal"
                    }
                },
                "Receivers": [
                    "com.fb.abc.rty.common.download.DownloadCompleteReceiver",
                    "com.fb.abc.rty.common.install.InstallReceiver",
                    "com.fb.abc.rty.common.MyReceiver",
                    "com.fb.abc.rty.common.ui.OpenScreenReceiver"
                ],
                "StringsInformation": [
                    "http://ad.kokmedia.com/kok/click?kk_pid=12703&kk_clkid=",
                    "http://ad.kokmedia.com/kok/click?kk_pid=12704&kk_clkid=",
                    "http://ad.kokmedia.com/kok/click?kk_pid=12705&kk_clkid=",
                    "http://ad.kokmedia.com/kok/click?kk_pid=12706&kk_clkid=",
                    "http://w.w3c4f.com",
                    "http://w.woc4b.com",
                    "http://w.woc4b.com/newservice/newopenOrSale.action",
                    "http://w.woc4b.com/ojs"
                ]
            },
            "magic": "Zip archive data, at least v1.0 to extract",
            "last_analysis_stats": {
                "harmless": 0,
                "type-unsupported": 11,
                "suspicious": 0,
                "confirmed-timeout": 0,
                "timeout": 0,
                "failure": 0,
                "malicious": 26,
                "undetected": 37
            },
            "meaningful_name": "output.100475408.txt",
            "reputation": 0
        },
        "type": "file",
        "id": "002d5ff6933394b0802858e47e9f011055db2d8783ce7ce9b54c5ef4177a367a",
        "links": {
            "self": "https://www.virustotal.com/api/v3/files/002d5ff6933394b0802858e47e9f011055db2d8783ce7ce9b54c5ef4177a367a"
        }
    }
}