{
    "data": {
        "attributes": {
            "type_description": "Android",
            "tlsh": "T1F8C30289CE10A03EF4B6F07009AE6A42E92C736DD905726D12358EED94D8CC68F656B7",
            "vhash": "2e83337c22b168a1cfa61cf0d8ec71c3",
            "trid": [
                {
                    "file_type": "Android Package",
                    "probability": 67.5
                },
                {
                    "file_type": "Java Archive",
                    "probability": 23.6
                },
                {
                    "file_type": "ZIP compressed archive",
                    "probability": 7.0
                },
                {
                    "file_type": "PrintFox/Pagefox bitmap (640x800)",
                    "probability": 1.7
                }
            ],
            "names": [
                "09264",
                "00314A59DF26AF17B0E5E4AA366D4CA6AF97998A9CD85F939FFE4D315D8956F1.apk",
                "VirusShare_f9cfb3a4e8e438e37f3f41971b89cfc3",
                "myfile.exe",
                "VirusShare_c3385f69fafed2dcf0c500a52bdeb9e3eece1d4e.apk",
                "f9cfb3a4e8e438e37f3f41971b89cfc3.apk",
                "22452247",
                "output.22452247.txt",
                "00314a59df26af17b0e5e4aa366d4ca6af97998a9cd85f939ffe4d315d8956f1.log",
                "f9cfb3a4e8e438e37f3f41971b89cfc3",
                "aa",
                "9nrrg.ps1",
                "g_uEFm5_d.ocx",
                "WTTu.kwu"
            ],
            "last_modification_date": 1656553793,
            "type_tag": "android",
            "times_submitted": 23,
            "total_votes": {
                "harmless": 0,
                "malicious": 0
            },
            "size": 129837,
            "popular_threat_classification": {
                "suggested_threat_label": "adware.kuguo/jedan",
                "popular_threat_category": [
                    {
                        "count": 10,
                        "value": "adware"
                    },
                    {
                        "count": 3,
                        "value": "trojan"
                    }
                ],
                "popular_threat_name": [
                    {
                        "count": 5,
                        "value": "kuguo"
                    },
                    {
                        "count": 4,
                        "value": "jedan"
                    }
                ]
            },
            "last_submission_date": 1643202717,
            "last_analysis_results": {
                "Bkav": {
                    "category": "undetected",
                    "engine_name": "Bkav",
                    "engine_version": "1.3.0.9899",
                    "result": null,
                    "method": "blacklist",
                    "engine_update": "20220125"
                },
                "Lionic": {
                    "category": "malicious",
                    "engine_name": "Lionic",
                    "engine_version": "4.2",
                    "result": "Adware.AndroidOS.Jedan.A!c",
                    "method": "blacklist",
                    "engine_update": "20220126"
                },
                "Elastic": {
                    "category": "type-unsupported",
                    "engine_name": "Elastic",
                    "engine_version": "4.0.32",
                    "result": null,
                    "method": "blacklist",
                    "engine_update": "20211223"
                },
                "DrWeb": {
                    "category": "malicious",
                    "engine_name": "DrWeb",
                    "engine_version": "7.0.52.8270",
                    "result": "Android.DownLoader.445.origin",
                    "method": "blacklist",
                    "engine_update": "20220126"
                },
                "MicroWorld-eScan": {
                    "category": "undetected",
                    "engine_name": "MicroWorld-eScan",
                    "engine_version": "14.0.409.0",
                    "result": null,
                    "method": "blacklist",
                    "engine_update": "20220126"
                },
                "FireEye": {
                    "category": "undetected",
                    "engine_name": "FireEye",
                    "engine_version": "32.44.1.0",
                    "result": null,
                    "method": "blacklist",
                    "engine_update": "20220126"
                },
                "CAT-QuickHeal": {
                    "category": "malicious",
                    "engine_name": "CAT-QuickHeal",
                    "engine_version": "14.00",
                    "result": "Android.Kuguo.F (AdWare)",
                    "method": "blacklist",
                    "engine_update": "20220126"
                },
                "McAfee": {
                    "category": "malicious",
                    "engine_name": "McAfee",
                    "engine_version": "6.0.6.653",
                    "result": "Artemis!F9CFB3A4E8E4",
                    "method": "blacklist",
                    "engine_update": "20220126"
                },
                "Malwarebytes": {
                    "category": "undetected",
                    "engine_name": "Malwarebytes",
                    "engine_version": "4.2.2.27",
                    "result": null,
                    "method": "blacklist",
                    "engine_update": "20220126"
                },
                "Zillya": {
                    "category": "malicious",
                    "engine_name": "Zillya",
                    "engine_version": "2.0.0.4557",
                    "result": "Adware.Jedan.Android.2081",
                    "method": "blacklist",
                    "engine_update": "20220126"
                },
                "Sangfor": {
                    "category": "undetected",
                    "engine_name": "Sangfor",
                    "engine_version": "2.9.0.0",
                    "result": null,
                    "method": "blacklist",
                    "engine_update": "20211224"
                },
                "Trustlook": {
                    "category": "malicious",
                    "engine_name": "Trustlook",
                    "engine_version": "1.0",
                    "result": "Android.PUA.Adware",
                    "method": "blacklist",
                    "engine_update": "20220126"
                },
                "Alibaba": {
                    "category": "malicious",
                    "engine_name": "Alibaba",
                    "engine_version": "0.3.0.5",
                    "result": "AdWare:Android/Jedan.33cf7ecc",
                    "method": "blacklist",
                    "engine_update": "20190527"
                },
                "K7GW": {
                    "category": "malicious",
                    "engine_name": "K7GW",
                    "engine_version": "11.243.40529",
                    "result": "Adware ( 0048db011 )",
                    "method": "blacklist",
                    "engine_update": "20220126"
                },
                "K7AntiVirus": {
                    "category": "undetected",
                    "engine_name": "K7AntiVirus",
                    "engine_version": "11.243.40528",
                    "result": null,
                    "method": "blacklist",
                    "engine_update": "20220126"
                },
                "Arcabit": {
                    "category": "undetected",
                    "engine_name": "Arcabit",
                    "engine_version": "1.0.0.889",
                    "result": null,
                    "method": "blacklist",
                    "engine_update": "20220126"
                },
                "BitDefenderTheta": {
                    "category": "undetected",
                    "engine_name": "BitDefenderTheta",
                    "engine_version": "7.2.37796.0",
                    "result": null,
                    "method": "blacklist",
                    "engine_update": "20220125"
                },
                "VirIT": {
                    "category": "undetected",
                    "engine_name": "VirIT",
                    "engine_version": "9.5.119",
                    "result": null,
                    "method": "blacklist",
                    "engine_update": "20220125"
                },
                "Cyren": {
                    "category": "malicious",
                    "engine_name": "Cyren",
                    "engine_version": "6.5.1.2",
                    "result": "AndroidOS/Ksapp.D",
                    "method": "blacklist",
                    "engine_update": "20220126"
                },
                "SymantecMobileInsight": {
                    "category": "failure",
                    "engine_name": "SymantecMobileInsight",
                    "engine_version": "2.0",
                    "result": null,
                    "method": "blacklist",
                    "engine_update": "20211119"
                },
                "Symantec": {
                    "category": "malicious",
                    "engine_name": "Symantec",
                    "engine_version": "1.16.0.0",
                    "result": "Trojan.Gen.2",
                    "method": "blacklist",
                    "engine_update": "20220126"
                },
                "ESET-NOD32": {
                    "category": "malicious",
                    "engine_name": "ESET-NOD32",
                    "engine_version": "24682",
                    "result": "a variant of Android/Obfus.OA",
                    "method": "blacklist",
                    "engine_update": "20220126"
                },
                "APEX": {
                    "category": "type-unsupported",
                    "engine_name": "APEX",
                    "engine_version": "6.253",
                    "result": null,
                    "method": "blacklist",
                    "engine_update": "20220125"
                },
                "TrendMicro-HouseCall": {
                    "category": "undetected",
                    "engine_name": "TrendMicro-HouseCall",
                    "engine_version": "10.0.0.1040",
                    "result": null,
                    "method": "blacklist",
                    "engine_update": "20220126"
                },
                "Avast": {
                    "category": "undetected",
                    "engine_name": "Avast",
                    "engine_version": "21.1.5827.0",
                    "result": null,
                    "method": "blacklist",
                    "engine_update": "20220126"
                },
                "ClamAV": {
                    "category": "undetected",
                    "engine_name": "ClamAV",
                    "engine_version": "0.104.2.0",
                    "result": null,
                    "method": "blacklist",
                    "engine_update": "20220126"
                },
                "Kaspersky": {
                    "category": "malicious",
                    "engine_name": "Kaspersky",
                    "engine_version": "21.0.1.45",
                    "result": "not-a-virus:HEUR:AdWare.AndroidOS.Jedan.a",
                    "method": "blacklist",
                    "engine_update": "20220126"
                },
                "BitDefender": {
                    "category": "undetected",
                    "engine_name": "BitDefender",
                    "engine_version": "7.2",
                    "result": null,
                    "method": "blacklist",
                    "engine_update": "20220126"
                },
                "NANO-Antivirus": {
                    "category": "malicious",
                    "engine_name": "NANO-Antivirus",
                    "engine_version": "1.0.146.25520",
                    "result": "Riskware.Android.Kuguo.djpiek",
                    "method": "blacklist",
                    "engine_update": "20220126"
                },
                "SUPERAntiSpyware": {
                    "category": "undetected",
                    "engine_name": "SUPERAntiSpyware",
                    "engine_version": "5.6.0.1032",
                    "result": null,
                    "method": "blacklist",
                    "engine_update": "20220122"
                },
                "Tencent": {
                    "category": "malicious",
                    "engine_name": "Tencent",
                    "engine_version": "1.0.0.1",
                    "result": "a.gray.andrsca.f",
                    "method": "blacklist",
                    "engine_update": "20220126"
                },
                "Ad-Aware": {
                    "category": "undetected",
                    "engine_name": "Ad-Aware",
                    "engine_version": "3.0.21.193",
                    "result": null,
                    "method": "blacklist",
                    "engine_update": "20220126"
                },
                "TACHYON": {
                    "category": "undetected",
                    "engine_name": "TACHYON",
                    "engine_version": "2022-01-26.02",
                    "result": null,
                    "method": "blacklist",
                    "engine_update": "20220126"
                },
                "Emsisoft": {
                    "category": "undetected",
                    "engine_name": "Emsisoft",
                    "engine_version": "2021.5.0.7597",
                    "result": null,
                    "method": "blacklist",
                    "engine_update": "20220126"
                },
                "Comodo": {
                    "category": "malicious",
                    "engine_name": "Comodo",
                    "engine_version": "34297",
                    "result": "ApplicUnwnt@#39a587gu85lwy",
                    "method": "blacklist",
                    "engine_update": "20220126"
                },
                "F-Secure": {
                    "category": "undetected",
                    "engine_name": "F-Secure",
                    "engine_version": "12.0.86.52",
                    "result": null,
                    "method": "blacklist",
                    "engine_update": "20220126"
                },
                "Baidu": {
                    "category": "undetected",
                    "engine_name": "Baidu",
                    "engine_version": "1.0.0.2",
                    "result": null,
                    "method": "blacklist",
                    "engine_update": "20190318"
                },
                "VIPRE": {
                    "category": "undetected",
                    "engine_name": "VIPRE",
                    "engine_version": "98492",
                    "result": null,
                    "method": "blacklist",
                    "engine_update": "20220119"
                },
                "TrendMicro": {
                    "category": "undetected",
                    "engine_name": "TrendMicro",
                    "engine_version": "11.0.0.1006",
                    "result": null,
                    "method": "blacklist",
                    "engine_update": "20220126"
                },
                "McAfee-GW-Edition": {
                    "category": "timeout",
                    "engine_name": "McAfee-GW-Edition",
                    "engine_version": null,
                    "result": null,
                    "method": "blacklist",
                    "engine_update": "20220126"
                },
                "SentinelOne": {
                    "category": "type-unsupported",
                    "engine_name": "SentinelOne",
                    "engine_version": "7.0.0.7",
                    "result": null,
                    "method": "blacklist",
                    "engine_update": "20211129"
                },
                "CMC": {
                    "category": "undetected",
                    "engine_name": "CMC",
                    "engine_version": "2.10.2019.1",
                    "result": null,
                    "method": "blacklist",
                    "engine_update": "20211026"
                },
                "Sophos": {
                    "category": "malicious",
                    "engine_name": "Sophos",
                    "engine_version": "1.4.1.0",
                    "result": "Android Kuguo (PUA)",
                    "method": "blacklist",
                    "engine_update": "20220126"
                },
                "Paloalto": {
                    "category": "type-unsupported",
                    "engine_name": "Paloalto",
                    "engine_version": "1.0",
                    "result": null,
                    "method": "blacklist",
                    "engine_update": "20220126"
                },
                "Avast-Mobile": {
                    "category": "malicious",
                    "engine_name": "Avast-Mobile",
                    "engine_version": "220126-02",
                    "result": "APK:RepMetagen [PUP]",
                    "method": "blacklist",
                    "engine_update": "20220126"
                },
                "Jiangmin": {
                    "category": "malicious",
                    "engine_name": "Jiangmin",
                    "engine_version": "16.0.100",
                    "result": "AdWare/AndroidOS.hde",
                    "method": "blacklist",
                    "engine_update": "20220125"
                },
                "Webroot": {
                    "category": "type-unsupported",
                    "engine_name": "Webroot",
                    "engine_version": "1.0.0.403",
                    "result": null,
                    "method": "blacklist",
                    "engine_update": "20220126"
                },
                "Avira": {
                    "category": "malicious",
                    "engine_name": "Avira",
                    "engine_version": "8.3.3.12",
                    "result": "ADWARE/ANDR.Kuguo.N.Gen",
                    "method": "blacklist",
                    "engine_update": "20220126"
                },
                "eGambit": {
                    "category": "type-unsupported",
                    "engine_name": "eGambit",
                    "engine_version": null,
                    "result": null,
                    "method": "blacklist",
                    "engine_update": "20220126"
                },
                "Antiy-AVL": {
                    "category": "malicious",
                    "engine_name": "Antiy-AVL",
                    "engine_version": "3.0.0.1",
                    "result": "Trojan/Generic.ASMalwAD.2C",
                    "method": "blacklist",
                    "engine_update": "20220126"
                },
                "Kingsoft": {
                    "category": "undetected",
                    "engine_name": "Kingsoft",
                    "engine_version": "2017.9.26.565",
                    "result": null,
                    "method": "blacklist",
                    "engine_update": "20220126"
                },
                "Gridinsoft": {
                    "category": "undetected",
                    "engine_name": "Gridinsoft",
                    "engine_version": "1.0.70.172",
                    "result": null,
                    "method": "blacklist",
                    "engine_update": "20220126"
                },
                "Microsoft": {
                    "category": "malicious",
                    "engine_name": "Microsoft",
                    "engine_version": "1.1.18800.4",
                    "result": "PUA:Win32/Vigua.A",
                    "method": "blacklist",
                    "engine_update": "20220126"
                },
                "ViRobot": {
                    "category": "undetected",
                    "engine_name": "ViRobot",
                    "engine_version": "2014.3.20.0",
                    "result": null,
                    "method": "blacklist",
                    "engine_update": "20220126"
                },
                "GData": {
                    "category": "undetected",
                    "engine_name": "GData",
                    "engine_version": "A:25.32139B:27.26096",
                    "result": null,
                    "method": "blacklist",
                    "engine_update": "20220126"
                },
                "Cynet": {
                    "category": "malicious",
                    "engine_name": "Cynet",
                    "engine_version": "4.0.0.27",
                    "result": "Malicious (score: 99)",
                    "method": "blacklist",
                    "engine_update": "20220126"
                },
                "BitDefenderFalx": {
                    "category": "malicious",
                    "engine_name": "BitDefenderFalx",
                    "engine_version": "2.0.936",
                    "result": "Android.Adware.Kuguo.A",
                    "method": "blacklist",
                    "engine_update": "20220103"
                },
                "AhnLab-V3": {
                    "category": "malicious",
                    "engine_name": "AhnLab-V3",
                    "engine_version": "3.21.2.10258",
                    "result": "PUP/Android.Appreco.19880",
                    "method": "blacklist",
                    "engine_update": "20220126"
                },
                "Acronis": {
                    "category": "type-unsupported",
                    "engine_name": "Acronis",
                    "engine_version": "1.1.1.82",
                    "result": null,
                    "method": "blacklist",
                    "engine_update": "20210512"
                },
                "VBA32": {
                    "category": "undetected",
                    "engine_name": "VBA32",
                    "engine_version": "5.0.0",
                    "result": null,
                    "method": "blacklist",
                    "engine_update": "20220126"
                },
                "ALYac": {
                    "category": "undetected",
                    "engine_name": "ALYac",
                    "engine_version": "1.1.3.1",
                    "result": null,
                    "method": "blacklist",
                    "engine_update": "20220126"
                },
                "MAX": {
                    "category": "malicious",
                    "engine_name": "MAX",
                    "engine_version": "2019.9.16.1",
                    "result": "malware (ai score=99)",
                    "method": "blacklist",
                    "engine_update": "20220126"
                },
                "Cylance": {
                    "category": "type-unsupported",
                    "engine_name": "Cylance",
                    "engine_version": "2.3.1.101",
                    "result": null,
                    "method": "blacklist",
                    "engine_update": "20220126"
                },
                "Zoner": {
                    "category": "undetected",
                    "engine_name": "Zoner",
                    "engine_version": "2.2.2.0",
                    "result": null,
                    "method": "blacklist",
                    "engine_update": "20220125"
                },
                "Rising": {
                    "category": "undetected",
                    "engine_name": "Rising",
                    "engine_version": "25.0.0.27",
                    "result": null,
                    "method": "blacklist",
                    "engine_update": "20220126"
                },
                "Yandex": {
                    "category": "undetected",
                    "engine_name": "Yandex",
                    "engine_version": "5.5.2.24",
                    "result": null,
                    "method": "blacklist",
                    "engine_update": "20220125"
                },
                "Ikarus": {
                    "category": "malicious",
                    "engine_name": "Ikarus",
                    "engine_version": "0.1.5.2",
                    "result": "Trojan.AndroidOS.MalCrypt",
                    "method": "blacklist",
                    "engine_update": "20220126"
                },
                "MaxSecure": {
                    "category": "undetected",
                    "engine_name": "MaxSecure",
                    "engine_version": "1.0.0.1",
                    "result": null,
                    "method": "blacklist",
                    "engine_update": "20220125"
                },
                "Fortinet": {
                    "category": "undetected",
                    "engine_name": "Fortinet",
                    "engine_version": "6.2.142.0",
                    "result": null,
                    "method": "blacklist",
                    "engine_update": "20220126"
                },
                "Cybereason": {
                    "category": "type-unsupported",
                    "engine_name": "Cybereason",
                    "engine_version": "1.2.449",
                    "result": null,
                    "method": "blacklist",
                    "engine_update": "20210330"
                },
                "Panda": {
                    "category": "undetected",
                    "engine_name": "Panda",
                    "engine_version": "4.6.4.2",
                    "result": null,
                    "method": "blacklist",
                    "engine_update": "20220126"
                },
                "CrowdStrike": {
                    "category": "type-unsupported",
                    "engine_name": "CrowdStrike",
                    "engine_version": "1.0",
                    "result": null,
                    "method": "blacklist",
                    "engine_update": "20210907"
                }
            },
            "sha256": "00314a59df26af17b0e5e4aa366d4ca6af97998a9cd85f939ffe4d315d8956f1",
            "type_extension": "apk",
            "tags": [
                "apk",
                "android",
                "reflection",
                "telephony"
            ],
            "last_analysis_date": 1643202717,
            "unique_sources": 14,
            "first_submission_date": 1367550422,
            "sha1": "c3385f69fafed2dcf0c500a52bdeb9e3eece1d4e",
            "ssdeep": "1536:HVmOWp+Hh6KqH8FRFv5D4Tq8H1URd3v+16Pro56NrEZOphCNjoUS8MeZj6vzD:HVK+BKKRFuTzVM/+1yrwIUVLQeB6vf",
            "bundle_info": {
                "highest_datetime": "2012-12-28 10:29:26",
                "lowest_datetime": "2012-11-13 15:35:14",
                "num_children": 23,
                "extensions": {
                    "xml": 5,
                    "dex": 1,
                    "MF": 1,
                    "RSA": 1,
                    "SF": 1,
                    "png": 13
                },
                "file_types": {
                    "XML": 5,
                    "unknown": 4,
                    "DEX": 1,
                    "PNG": 13
                },
                "type": "APK",
                "uncompressed_size": 197108
            },
            "md5": "f9cfb3a4e8e438e37f3f41971b89cfc3",
            "androguard": {
                "Activities": [
                    "com.cn.app.lock.AppLockActivity",
                    "com.cn.app.lock.ChildOfMA"
                ],
                "AndroidVersionCode": "49",
                "main_activity": "com.cn.app.lock.AppLockActivity",
                "certificate": {
                    "Subject": {
                        "DN": "C:86, CN:tan, L:guangzhou, O:hoopandroid, ST:guangdong, OU:hoopandroid",
                        "C": "86",
                        "CN": "tan",
                        "L": "guangzhou",
                        "O": "hoopandroid",
                        "ST": "guangdong",
                        "OU": "hoopandroid"
                    },
                    "validto": "2067-01-26 02:23:13",
                    "serialnumber": "4f960e91",
                    "thumbprint": "fad246a2cf60648593e103139669e904d642fc32",
                    "validfrom": "2012-04-24 02:23:13",
                    "Issuer": {
                        "DN": "C:86, CN:tan, L:guangzhou, O:hoopandroid, ST:guangdong, OU:hoopandroid",
                        "C": "86",
                        "CN": "tan",
                        "L": "guangzhou",
                        "O": "hoopandroid",
                        "ST": "guangdong",
                        "OU": "hoopandroid"
                    }
                },
                "VTAndroidInfo": 2.0,
                "Package": "com.cn.app.lock",
                "intent_filters": {
                    "Activities": {
                        "com.cn.app.lock.AppLockActivity": {
                            "action": [
                                "android.intent.action.MAIN",
                                "android.intent.action.CREATE_SHORTCUT"
                            ],
                            "category": [
                                "android.intent.category.LAUNCHER"
                            ]
                        }
                    },
                    "Receivers": {
                        "com.cn.app.lock.ChildOfMR": {
                            "action": [
                                "android.intent.action.PACKAGE_ADDED",
                                "android.net.conn.CONNECTIVITY_CHANGE"
                            ]
                        },
                        "com.cn.app.lock.LockWidget": {
                            "action": [
                                "android.appwidget.action.APPWIDGET_UPDATE",
                                "lock"
                            ]
                        },
                        "com.cn.app.lock.LockScreenAdmin": {
                            "action": [
                                "android.app.action.DEVICE_ADMIN_ENABLED"
                            ]
                        },
                        "com.cn.app.lock.AppReceive": {
                            "action": [
                                "android.net.conn.CONNECTIVITY_CHANGE"
                            ]
                        }
                    }
                },
                "AndroidApplication": 1,
                "StringsInformation": [
                    "http://ditu.google.cn/maps?hl=zh&mrt=loc&q=%s,%s"
                ],
                "permission_details": {
                    "android.permission.ACCESS_FINE_LOCATION": {
                        "short_description": "precise (GPS) location",
                        "full_description": "Access precise\n      location sources such as the Global Positioning System on the phone. When\n      location services are available and turned on, this permission allows the\n      app to determine your precise location.",
                        "permission_type": "dangerous"
                    },
                    "android.permission.INTERNET": {
                        "short_description": "full network access",
                        "full_description": "Allows the app to create\n     network sockets and use custom network protocols. The browser and other\n     applications provide means to send data to the internet, so this\n     permission is not required to send data to the internet.",
                        "permission_type": "dangerous"
                    },
                    "com.android.launcher.permission.INSTALL_SHORTCUT": {
                        "short_description": "Unknown permission from android reference",
                        "full_description": "Unknown permission from android reference",
                        "permission_type": "normal"
                    },
                    "android.permission.SYSTEM_ALERT_WINDOW": {
                        "short_description": "draw over other apps",
                        "full_description": "Allows the app to show system\n      alert windows.  Some alert windows may take over the entire screen.\n      ",
                        "permission_type": "dangerous"
                    },
                    "android.permission.READ_LOGS": {
                        "short_description": "read sensitive log data",
                        "full_description": "Allows the app to read from the\n        system's various log files.  This allows it to discover general\n        information about what you are doing with the phone, potentially\n        including personal or private information.",
                        "permission_type": "signature|system|development"
                    },
                    "android.permission.ACCESS_NETWORK_STATE": {
                        "short_description": "view network connections",
                        "full_description": "Allows the app to view\n      information about network connections such as which networks exist and are\n      connected.",
                        "permission_type": "normal"
                    },
                    "android.permission.ACCESS_COARSE_LOCATION": {
                        "short_description": "approximate (network-based) location",
                        "full_description": "Access\n      approximate location from location providers using network sources such as\n      cell tower and Wi-Fi. When these location services are available and turned\n      on, this permission allows the app to determine your approximate\n      location.",
                        "permission_type": "dangerous"
                    },
                    "android.permission.WAKE_LOCK": {
                        "short_description": "prevent phone from sleeping",
                        "full_description": "Allows the app to prevent the phone from going to sleep.",
                        "permission_type": "dangerous"
                    },
                    "android.permission.GET_TASKS": {
                        "short_description": "retrieve running apps",
                        "full_description": "Allows the app to retrieve information\n       about currently and recently running tasks.  This may allow the app to\n       discover information about which applications are used on the device.",
                        "permission_type": "dangerous"
                    },
                    "android.permission.ACCESS_WIFI_STATE": {
                        "short_description": "view Wi-Fi connections",
                        "full_description": "Allows the app to view information\n      about Wi-Fi networking, such as whether Wi-Fi is enabled and name of\n      connected Wi-Fi devices.",
                        "permission_type": "normal"
                    },
                    "android.permission.READ_PHONE_STATE": {
                        "short_description": "read phone status and identity",
                        "full_description": "Allows the app to access the phone\n      features of the device.  This permission allows the app to determine the\n      phone number and device IDs, whether a call is active, and the remote number\n      connected by a call.",
                        "permission_type": "dangerous"
                    },
                    "android.permission.WRITE_EXTERNAL_STORAGE": {
                        "short_description": "modify or delete the contents of your SD card",
                        "full_description": "Allows the app to write to the SD card.",
                        "permission_type": "dangerous"
                    }
                },
                "AndroidApplicationError": false,
                "AndroidVersionName": "2.20.31",
                "RiskIndicator": {
                    "APK": {
                        "DEX": 1
                    },
                    "PERM": {
                        "DEVELOPMENT": 1,
                        "NORMAL": 2,
                        "DANGEROUS": 4,
                        "PRIVACY": 3,
                        "SYSTEM": 1,
                        "SIGNATURE": 1,
                        "INTERNET": 1,
                        "GPS": 2
                    }
                },
                "Services": [
                    "com.cn.app.lock.ChildOfMS"
                ],
                "MinSdkVersion": "8",
                "Receivers": [
                    "com.cn.app.lock.AppReceive",
                    "com.cn.app.lock.LockScreenAdmin",
                    "com.cn.app.lock.LockWidget",
                    "com.cn.app.lock.ChildOfMR"
                ],
                "AndroguardVersion": "3.4.0a1",
                "AndroidApplicationInfo": "APK"
            },
            "magic": "Zip archive data, at least v2.0 to extract",
            "last_analysis_stats": {
                "harmless": 0,
                "type-unsupported": 10,
                "suspicious": 0,
                "confirmed-timeout": 0,
                "timeout": 1,
                "failure": 1,
                "malicious": 26,
                "undetected": 34
            },
            "meaningful_name": "09264",
            "reputation": 0
        },
        "type": "file",
        "id": "00314a59df26af17b0e5e4aa366d4ca6af97998a9cd85f939ffe4d315d8956f1",
        "links": {
            "self": "https://www.virustotal.com/api/v3/files/00314a59df26af17b0e5e4aa366d4ca6af97998a9cd85f939ffe4d315d8956f1"
        }
    }
}