{
    "data": {
        "attributes": {
            "type_description": "Android",
            "vhash": "a92762133bc842ca1f1e377441f6deb9",
            "trid": [
                {
                    "file_type": "Android Package",
                    "probability": 67.5
                },
                {
                    "file_type": "Java Archive",
                    "probability": 23.6
                },
                {
                    "file_type": "ZIP compressed archive",
                    "probability": 7.0
                },
                {
                    "file_type": "PrintFox/Pagefox bitmap (var. P)",
                    "probability": 1.7
                }
            ],
            "names": [
                "VirusShare_cff84652aa337f451fed000257c964b1.apk",
                "00366db4c96d406ae4bc78cdb0261f748f12bfa63b5ec9e056719b344c0f37f8.vir",
                "VirusShare_cff84652aa337f451fed000257c964b1",
                "00366db4c96d406ae4bc78cdb0261f748f12bfa63b5ec9e056719b344c0f37f8.apk",
                "mms.apk",
                "ad03070c87ea8f72490b4c3b2de53340fe8b6e25.apk",
                "cff84652aa337f451fed000257c964b1_1.apk",
                "test.txt",
                "00366DB4C96D406AE4BC78CDB0261F748F12BFA63B5EC9E056719B344C0F37F8.APK.log",
                "cff84652aa337f451fed000257c964b1",
                "b298a3ada4c5f81f8dffc0e68cd345593d097eef",
                "HlkyeN1nax.gif",
                "49PN3xB.dotx",
                "nPYIq4.ocx"
            ],
            "last_modification_date": 1655785227,
            "type_tag": "android",
            "times_submitted": 17,
            "total_votes": {
                "harmless": 0,
                "malicious": 1
            },
            "size": 23245,
            "popular_threat_classification": {
                "suggested_threat_label": "trojan.stealer/fakeinstsms",
                "popular_threat_category": [
                    {
                        "count": 15,
                        "value": "trojan"
                    }
                ],
                "popular_threat_name": [
                    {
                        "count": 7,
                        "value": "stealer"
                    },
                    {
                        "count": 3,
                        "value": "fakeinstsms"
                    },
                    {
                        "count": 2,
                        "value": "smsspy"
                    }
                ]
            },
            "last_submission_date": 1586596463,
            "last_analysis_results": {
                "Bkav": {
                    "category": "undetected",
                    "engine_name": "Bkav",
                    "engine_version": "1.3.0.9899",
                    "result": null,
                    "method": "blacklist",
                    "engine_update": "20200411"
                },
                "Lionic": {
                    "category": "malicious",
                    "engine_name": "AegisLab",
                    "engine_version": "4.2",
                    "result": "SUSPICIOUS",
                    "method": "blacklist",
                    "engine_update": "20200411"
                },
                "MicroWorld-eScan": {
                    "category": "undetected",
                    "engine_name": "MicroWorld-eScan",
                    "engine_version": "14.0.409.0",
                    "result": null,
                    "method": "blacklist",
                    "engine_update": "20200411"
                },
                "FireEye": {
                    "category": "undetected",
                    "engine_name": "FireEye",
                    "engine_version": "32.31.0.0",
                    "result": null,
                    "method": "blacklist",
                    "engine_update": "20200316"
                },
                "CAT-QuickHeal": {
                    "category": "malicious",
                    "engine_name": "CAT-QuickHeal",
                    "engine_version": "14.00",
                    "result": "Android.Stealer.A",
                    "method": "blacklist",
                    "engine_update": "20200411"
                },
                "McAfee": {
                    "category": "malicious",
                    "engine_name": "McAfee",
                    "engine_version": "6.0.6.653",
                    "result": "Artemis!CFF84652AA33",
                    "method": "blacklist",
                    "engine_update": "20200411"
                },
                "Malwarebytes": {
                    "category": "undetected",
                    "engine_name": "Malwarebytes",
                    "engine_version": "3.6.4.335",
                    "result": null,
                    "method": "blacklist",
                    "engine_update": "20200411"
                },
                "Zillya": {
                    "category": "undetected",
                    "engine_name": "Zillya",
                    "engine_version": "2.0.0.4065",
                    "result": null,
                    "method": "blacklist",
                    "engine_update": "20200409"
                },
                "Paloalto": {
                    "category": "type-unsupported",
                    "engine_name": "Paloalto",
                    "engine_version": "1.0",
                    "result": null,
                    "method": "blacklist",
                    "engine_update": "20200411"
                },
                "Sangfor": {
                    "category": "timeout",
                    "engine_name": "Sangfor",
                    "engine_version": "1.0",
                    "result": null,
                    "method": "blacklist",
                    "engine_update": "20200403"
                },
                "Trustlook": {
                    "category": "malicious",
                    "engine_name": "Trustlook",
                    "engine_version": "1.0",
                    "result": "Android.Malware.General (score:9)",
                    "method": "blacklist",
                    "engine_update": "20200411"
                },
                "Alibaba": {
                    "category": "malicious",
                    "engine_name": "Alibaba",
                    "engine_version": "0.3.0.5",
                    "result": "Trojan:Android/FakeInstSms.9e4611ef",
                    "method": "blacklist",
                    "engine_update": "20190527"
                },
                "K7GW": {
                    "category": "malicious",
                    "engine_name": "K7GW",
                    "engine_version": "11.102.33757",
                    "result": "Trojan ( 0048dab41 )",
                    "method": "blacklist",
                    "engine_update": "20200411"
                },
                "K7AntiVirus": {
                    "category": "undetected",
                    "engine_name": "K7AntiVirus",
                    "engine_version": "11.102.33708",
                    "result": null,
                    "method": "blacklist",
                    "engine_update": "20200407"
                },
                "Invincea": {
                    "category": "type-unsupported",
                    "engine_name": "Invincea",
                    "engine_version": "6.3.6.26157",
                    "result": null,
                    "method": "blacklist",
                    "engine_update": "20200407"
                },
                "BitDefenderTheta": {
                    "category": "undetected",
                    "engine_name": "BitDefenderTheta",
                    "engine_version": "7.2.37796.0",
                    "result": null,
                    "method": "blacklist",
                    "engine_update": "20200408"
                },
                "F-Prot": {
                    "category": "malicious",
                    "engine_name": "F-Prot",
                    "engine_version": "4.7.1.166",
                    "result": "AndroidOS/SMSSend.B",
                    "method": "blacklist",
                    "engine_update": "20200411"
                },
                "SymantecMobileInsight": {
                    "category": "malicious",
                    "engine_name": "SymantecMobileInsight",
                    "engine_version": "2.0",
                    "result": "Trojan:Malapp",
                    "method": "blacklist",
                    "engine_update": "20200210"
                },
                "Symantec": {
                    "category": "malicious",
                    "engine_name": "Symantec",
                    "engine_version": "1.11.0.0",
                    "result": "Trojan.Gen.MBT",
                    "method": "blacklist",
                    "engine_update": "20200411"
                },
                "TotalDefense": {
                    "category": "undetected",
                    "engine_name": "TotalDefense",
                    "engine_version": "37.1.62.1",
                    "result": null,
                    "method": "blacklist",
                    "engine_update": "20200411"
                },
                "Baidu": {
                    "category": "undetected",
                    "engine_name": "Baidu",
                    "engine_version": "1.0.0.2",
                    "result": null,
                    "method": "blacklist",
                    "engine_update": "20190318"
                },
                "TrendMicro-HouseCall": {
                    "category": "undetected",
                    "engine_name": "TrendMicro-HouseCall",
                    "engine_version": "10.0.0.1040",
                    "result": null,
                    "method": "blacklist",
                    "engine_update": "20200411"
                },
                "Avast": {
                    "category": "malicious",
                    "engine_name": "Avast",
                    "engine_version": "18.4.3895.0",
                    "result": "Android:Stealer-D [Trj]",
                    "method": "blacklist",
                    "engine_update": "20200411"
                },
                "ClamAV": {
                    "category": "undetected",
                    "engine_name": "ClamAV",
                    "engine_version": "0.102.2.0",
                    "result": null,
                    "method": "blacklist",
                    "engine_update": "20200411"
                },
                "Kaspersky": {
                    "category": "malicious",
                    "engine_name": "Kaspersky",
                    "engine_version": "15.0.1.13",
                    "result": "HEUR:Trojan-SMS.AndroidOS.Stealer.a",
                    "method": "blacklist",
                    "engine_update": "20200411"
                },
                "BitDefender": {
                    "category": "undetected",
                    "engine_name": "BitDefender",
                    "engine_version": "7.2",
                    "result": null,
                    "method": "blacklist",
                    "engine_update": "20200411"
                },
                "NANO-Antivirus": {
                    "category": "malicious",
                    "engine_name": "NANO-Antivirus",
                    "engine_version": "1.0.134.25032",
                    "result": "Trojan.Android.Opfake.dtqjss",
                    "method": "blacklist",
                    "engine_update": "20200411"
                },
                "SUPERAntiSpyware": {
                    "category": "undetected",
                    "engine_name": "SUPERAntiSpyware",
                    "engine_version": "5.6.0.1032",
                    "result": null,
                    "method": "blacklist",
                    "engine_update": "20200411"
                },
                "APEX": {
                    "category": "type-unsupported",
                    "engine_name": "APEX",
                    "engine_version": "6.10",
                    "result": null,
                    "method": "blacklist",
                    "engine_update": "20200411"
                },
                "Tencent": {
                    "category": "malicious",
                    "engine_name": "Tencent",
                    "engine_version": "1.0.0.1",
                    "result": "Trojan.Android.Smsthief.bg",
                    "method": "blacklist",
                    "engine_update": "20200411"
                },
                "Ad-Aware": {
                    "category": "undetected",
                    "engine_name": "Ad-Aware",
                    "engine_version": "3.0.5.370",
                    "result": null,
                    "method": "blacklist",
                    "engine_update": "20200411"
                },
                "Emsisoft": {
                    "category": "undetected",
                    "engine_name": "Emsisoft",
                    "engine_version": "2018.12.0.1641",
                    "result": null,
                    "method": "blacklist",
                    "engine_update": "20200411"
                },
                "Comodo": {
                    "category": "malicious",
                    "engine_name": "Comodo",
                    "engine_version": "32311",
                    "result": "Malware@#13wam5h48v0g6",
                    "method": "blacklist",
                    "engine_update": "20200411"
                },
                "F-Secure": {
                    "category": "malicious",
                    "engine_name": "F-Secure",
                    "engine_version": "12.0.86.52",
                    "result": "Trojan:Android/SystemSecurity.A",
                    "method": "blacklist",
                    "engine_update": "20200411"
                },
                "DrWeb": {
                    "category": "malicious",
                    "engine_name": "DrWeb",
                    "engine_version": "7.0.46.3050",
                    "result": "Android.SmsSpy.7.origin",
                    "method": "blacklist",
                    "engine_update": "20200411"
                },
                "VIPRE": {
                    "category": "undetected",
                    "engine_name": "VIPRE",
                    "engine_version": "82902",
                    "result": null,
                    "method": "blacklist",
                    "engine_update": "20200411"
                },
                "TrendMicro": {
                    "category": "undetected",
                    "engine_name": "TrendMicro",
                    "engine_version": "11.0.0.1006",
                    "result": null,
                    "method": "blacklist",
                    "engine_update": "20200411"
                },
                "McAfee-GW-Edition": {
                    "category": "malicious",
                    "engine_name": "McAfee-GW-Edition",
                    "engine_version": "v2017.3010",
                    "result": "Artemis!Trojan",
                    "method": "blacklist",
                    "engine_update": "20200411"
                },
                "Trapmine": {
                    "category": "type-unsupported",
                    "engine_name": "Trapmine",
                    "engine_version": "3.2.22.914",
                    "result": null,
                    "method": "blacklist",
                    "engine_update": "20200123"
                },
                "CMC": {
                    "category": "undetected",
                    "engine_name": "CMC",
                    "engine_version": "1.1.0.977",
                    "result": null,
                    "method": "blacklist",
                    "engine_update": "20190321"
                },
                "Sophos": {
                    "category": "malicious",
                    "engine_name": "Sophos",
                    "engine_version": "4.98.0",
                    "result": "Andr/FakeIns-D",
                    "method": "blacklist",
                    "engine_update": "20200411"
                },
                "Ikarus": {
                    "category": "malicious",
                    "engine_name": "Ikarus",
                    "engine_version": "0.1.5.2",
                    "result": "Trojan.AndroidOS.FakeInstSms",
                    "method": "blacklist",
                    "engine_update": "20200411"
                },
                "Cyren": {
                    "category": "malicious",
                    "engine_name": "Cyren",
                    "engine_version": "6.2.2.2",
                    "result": "AndroidOS/SMSSend.B",
                    "method": "blacklist",
                    "engine_update": "20200411"
                },
                "Jiangmin": {
                    "category": "malicious",
                    "engine_name": "Jiangmin",
                    "engine_version": "16.0.100",
                    "result": "Trojan/AndroidOS.xio",
                    "method": "blacklist",
                    "engine_update": "20200411"
                },
                "Webroot": {
                    "category": "type-unsupported",
                    "engine_name": "Webroot",
                    "engine_version": "1.0.0.403",
                    "result": null,
                    "method": "blacklist",
                    "engine_update": "20200411"
                },
                "Avira": {
                    "category": "malicious",
                    "engine_name": "Avira",
                    "engine_version": "8.3.3.8",
                    "result": "ANDROID/SMSAgent.FRCC.Gen",
                    "method": "blacklist",
                    "engine_update": "20200411"
                },
                "eGambit": {
                    "category": "type-unsupported",
                    "engine_name": "eGambit",
                    "engine_version": null,
                    "result": null,
                    "method": "blacklist",
                    "engine_update": "20200411"
                },
                "Fortinet": {
                    "category": "malicious",
                    "engine_name": "Fortinet",
                    "engine_version": "6.2.142.0",
                    "result": "Android/SmsSpy.ED!tr",
                    "method": "blacklist",
                    "engine_update": "20200411"
                },
                "Antiy-AVL": {
                    "category": "undetected",
                    "engine_name": "Antiy-AVL",
                    "engine_version": "3.0.0.1",
                    "result": null,
                    "method": "blacklist",
                    "engine_update": "20200409"
                },
                "Kingsoft": {
                    "category": "undetected",
                    "engine_name": "Kingsoft",
                    "engine_version": "2013.8.14.323",
                    "result": null,
                    "method": "blacklist",
                    "engine_update": "20200411"
                },
                "Endgame": {
                    "category": "type-unsupported",
                    "engine_name": "Endgame",
                    "engine_version": "3.0.17",
                    "result": null,
                    "method": "blacklist",
                    "engine_update": "20200226"
                },
                "Arcabit": {
                    "category": "undetected",
                    "engine_name": "Arcabit",
                    "engine_version": "1.0.0.870",
                    "result": null,
                    "method": "blacklist",
                    "engine_update": "20200411"
                },
                "ViRobot": {
                    "category": "undetected",
                    "engine_name": "ViRobot",
                    "engine_version": "2014.3.20.0",
                    "result": null,
                    "method": "blacklist",
                    "engine_update": "20200409"
                },
                "ZoneAlarm": {
                    "category": "malicious",
                    "engine_name": "ZoneAlarm",
                    "engine_version": "1.0",
                    "result": "HEUR:Trojan-SMS.AndroidOS.Stealer.a",
                    "method": "blacklist",
                    "engine_update": "20200409"
                },
                "Avast-Mobile": {
                    "category": "malicious",
                    "engine_name": "Avast-Mobile",
                    "engine_version": "200409-00",
                    "result": "Android:Stealer-D [Trj]",
                    "method": "blacklist",
                    "engine_update": "20200409"
                },
                "Microsoft": {
                    "category": "malicious",
                    "engine_name": "Microsoft",
                    "engine_version": "1.1.16900.4",
                    "result": "Trojan:AndroidOS/FakeInstSms.C",
                    "method": "blacklist",
                    "engine_update": "20200409"
                },
                "TACHYON": {
                    "category": "undetected",
                    "engine_name": "TACHYON",
                    "engine_version": "2020-04-11.02",
                    "result": null,
                    "method": "blacklist",
                    "engine_update": "20200411"
                },
                "AhnLab-V3": {
                    "category": "malicious",
                    "engine_name": "AhnLab-V3",
                    "engine_version": "3.17.4.26996",
                    "result": "Trojan/Android.SMStealer.7288",
                    "method": "blacklist",
                    "engine_update": "20200411"
                },
                "Acronis": {
                    "category": "type-unsupported",
                    "engine_name": "Acronis",
                    "engine_version": "1.1.1.75",
                    "result": null,
                    "method": "blacklist",
                    "engine_update": "20200409"
                },
                "VBA32": {
                    "category": "undetected",
                    "engine_name": "VBA32",
                    "engine_version": "4.3.0",
                    "result": null,
                    "method": "blacklist",
                    "engine_update": "20200411"
                },
                "ALYac": {
                    "category": "undetected",
                    "engine_name": "ALYac",
                    "engine_version": "1.1.1.5",
                    "result": null,
                    "method": "blacklist",
                    "engine_update": "20200411"
                },
                "MAX": {
                    "category": "malicious",
                    "engine_name": "MAX",
                    "engine_version": "2019.9.16.1",
                    "result": "malware (ai score=100)",
                    "method": "blacklist",
                    "engine_update": "20200411"
                },
                "Cylance": {
                    "category": "type-unsupported",
                    "engine_name": "Cylance",
                    "engine_version": "2.3.1.101",
                    "result": null,
                    "method": "blacklist",
                    "engine_update": "20200411"
                },
                "Zoner": {
                    "category": "undetected",
                    "engine_name": "Zoner",
                    "engine_version": "0.0.0.0",
                    "result": null,
                    "method": "blacklist",
                    "engine_update": "20200410"
                },
                "ESET-NOD32": {
                    "category": "malicious",
                    "engine_name": "ESET-NOD32",
                    "engine_version": "21148",
                    "result": "a variant of Android/TrojanSMS.Stealer.D",
                    "method": "blacklist",
                    "engine_update": "20200411"
                },
                "Rising": {
                    "category": "undetected",
                    "engine_name": "Rising",
                    "engine_version": "25.0.0.24",
                    "result": null,
                    "method": "blacklist",
                    "engine_update": "20200411"
                },
                "Yandex": {
                    "category": "undetected",
                    "engine_name": "Yandex",
                    "engine_version": "5.5.2.24",
                    "result": null,
                    "method": "blacklist",
                    "engine_update": "20200409"
                },
                "SentinelOne": {
                    "category": "undetected",
                    "engine_name": "SentinelOne",
                    "engine_version": "2.1.0.89",
                    "result": null,
                    "method": "blacklist",
                    "engine_update": "20200406"
                },
                "MaxSecure": {
                    "category": "undetected",
                    "engine_name": "MaxSecure",
                    "engine_version": "1.0.0.1",
                    "result": null,
                    "method": "blacklist",
                    "engine_update": "20200409"
                },
                "GData": {
                    "category": "undetected",
                    "engine_name": "GData",
                    "engine_version": "A:25.25386B:26.18333",
                    "result": null,
                    "method": "blacklist",
                    "engine_update": "20200411"
                },
                "AVG": {
                    "category": "malicious",
                    "engine_name": "AVG",
                    "engine_version": "18.4.3895.0",
                    "result": "Android:Stealer-D [Trj]",
                    "method": "blacklist",
                    "engine_update": "20200411"
                },
                "Cybereason": {
                    "category": "type-unsupported",
                    "engine_name": "Cybereason",
                    "engine_version": "1.2.449",
                    "result": null,
                    "method": "blacklist",
                    "engine_update": "20190616"
                },
                "Panda": {
                    "category": "undetected",
                    "engine_name": "Panda",
                    "engine_version": "4.6.4.2",
                    "result": null,
                    "method": "blacklist",
                    "engine_update": "20200411"
                },
                "CrowdStrike": {
                    "category": "type-unsupported",
                    "engine_name": "CrowdStrike",
                    "engine_version": "1.0",
                    "result": null,
                    "method": "blacklist",
                    "engine_update": "20190702"
                },
                "Qihoo-360": {
                    "category": "malicious",
                    "engine_name": "Qihoo-360",
                    "engine_version": "1.0.0.1120",
                    "result": "Trojan.Android.Gen",
                    "method": "blacklist",
                    "engine_update": "20200411"
                }
            },
            "sha256": "00366db4c96d406ae4bc78cdb0261f748f12bfa63b5ec9e056719b344c0f37f8",
            "type_extension": "apk",
            "tags": [
                "apk",
                "android",
                "telephony"
            ],
            "last_analysis_date": 1586596463,
            "unique_sources": 15,
            "first_submission_date": 1353318855,
            "sha1": "ad03070c87ea8f72490b4c3b2de53340fe8b6e25",
            "ssdeep": "384:BfvtHwH2vGzVlckc2IfwfCPMYpaeX7utVNm+iKnqvWHZ0yaPKv8V:xmHIGjcz4WMYoeKtu+pnqvao4e",
            "bundle_info": {
                "highest_datetime": "2012-07-27 12:39:16",
                "lowest_datetime": "2012-07-27 12:39:16",
                "num_children": 8,
                "extensions": {
                    "xml": 2,
                    "dex": 1,
                    "MF": 1,
                    "RSA": 1,
                    "SF": 1,
                    "png": 1
                },
                "file_types": {
                    "XML": 2,
                    "unknown": 4,
                    "DEX": 1,
                    "PNG": 1
                },
                "type": "APK",
                "uncompressed_size": 42623
            },
            "md5": "cff84652aa337f451fed000257c964b1",
            "androguard": {
                "AndroidVersionCode": "1",
                "certificate": {
                    "Subject": {
                        "DN": "C:US, CN:Android Debug, O:Android",
                        "C": "US",
                        "CN": "Android Debug",
                        "O": "Android"
                    },
                    "validto": "2042-03-29 17:24:31",
                    "serialnumber": "4f7dd54f",
                    "thumbprint": "b418412eeed933a4d8133035f1c49cc7e2d1a5bf",
                    "validfrom": "2012-04-05 17:24:31",
                    "Issuer": {
                        "DN": "C:US, CN:Android Debug, O:Android",
                        "C": "US",
                        "CN": "Android Debug",
                        "O": "Android"
                    }
                },
                "VTAndroidInfo": 1.41,
                "Package": "system.service",
                "intent_filters": {
                    "Services": {},
                    "Activities": {},
                    "Receivers": {
                        "system.service.SmsReciver": {
                            "action": [
                                "android.provider.Telephony.SMS_RECEIVED"
                            ]
                        },
                        "system.service.AutorunBroadcastReceiver": {
                            "action": [
                                "android.intent.action.BOOT_COMPLETED",
                                "android.intent.action.USER_PRESENT",
                                "android.intent.action.PHONE_STATE"
                            ]
                        }
                    }
                },
                "AndroidApplication": 1,
                "StringsInformation": [
                    "http://",
                    "http://stat."
                ],
                "permission_details": {
                    "android.permission.SEND_SMS": {
                        "short_description": "send SMS messages",
                        "full_description": "Allows application to send SMS messages. Malicious applications may cost you money by sending messages without your confirmation.",
                        "permission_type": "dangerous"
                    },
                    "android.permission.RECEIVE_BOOT_COMPLETED": {
                        "short_description": "automatically start at boot",
                        "full_description": "Allows an application to start itself as soon as the system has finished booting. This can make it take longer to start the phone and allow the application to slow down the overall phone by always running.",
                        "permission_type": "normal"
                    },
                    "android.permission.READ_PHONE_STATE": {
                        "short_description": "read phone state and identity",
                        "full_description": "Allows the application to access the phone features of the device. An application with this permission can determine the phone number and serial number of this phone, whether a call is active, the number that call is connected to and so on.",
                        "permission_type": "dangerous"
                    },
                    "android.permission.READ_CONTACTS": {
                        "short_description": "read contact data",
                        "full_description": "Allows an application to read all of the contact (address) data stored on your phone. Malicious applications can use this to send your data to other people.",
                        "permission_type": "dangerous"
                    },
                    "android.permission.RECEIVE_SMS": {
                        "short_description": "receive SMS",
                        "full_description": "Allows application to receive and process SMS messages. Malicious applications may monitor your messages or delete them without showing them to you.",
                        "permission_type": "dangerous"
                    },
                    "android.permission.INTERNET": {
                        "short_description": "full Internet access",
                        "full_description": "Allows an application to create network sockets.",
                        "permission_type": "dangerous"
                    },
                    "android.permission.WRITE_EXTERNAL_STORAGE": {
                        "short_description": "modify/delete SD card contents",
                        "full_description": "Allows an application to write to the SD card.",
                        "permission_type": "dangerous"
                    }
                },
                "AndroidApplicationError": false,
                "AndroidVersionName": "1.0",
                "RiskIndicator": {
                    "APK": {
                        "DEX": 1
                    },
                    "PERM": {
                        "NORMAL": 1,
                        "MONEY": 1,
                        "PRIVACY": 3,
                        "SMS": 2,
                        "DANGEROUS": 1,
                        "INTERNET": 1
                    }
                },
                "Services": [
                    "system.service.SystemService"
                ],
                "MinSdkVersion": "7",
                "Receivers": [
                    "system.service.RepeatingAlarmService",
                    "system.service.AutorunBroadcastReceiver",
                    "system.service.SmsReciver"
                ],
                "AndroguardVersion": "3.0-dev",
                "AndroidApplicationInfo": "APK"
            },
            "magic": "Zip archive data, at least v1.0 to extract",
            "last_analysis_stats": {
                "harmless": 0,
                "type-unsupported": 11,
                "suspicious": 0,
                "confirmed-timeout": 0,
                "timeout": 1,
                "failure": 0,
                "malicious": 31,
                "undetected": 32
            },
            "meaningful_name": "VirusShare_cff84652aa337f451fed000257c964b1.apk",
            "reputation": -1
        },
        "type": "file",
        "id": "00366db4c96d406ae4bc78cdb0261f748f12bfa63b5ec9e056719b344c0f37f8",
        "links": {
            "self": "https://www.virustotal.com/api/v3/files/00366db4c96d406ae4bc78cdb0261f748f12bfa63b5ec9e056719b344c0f37f8"
        }
    }
}