{
    "data": {
        "attributes": {
            "type_description": "Android",
            "vhash": "0245e00f5ef689b6f07b3ae52e132763",
            "trid": [
                {
                    "file_type": "Android Package",
                    "probability": 72.9
                },
                {
                    "file_type": "Java Archive",
                    "probability": 20.1
                },
                {
                    "file_type": "ZIP compressed archive",
                    "probability": 5.5
                },
                {
                    "file_type": "PrintFox/Pagefox bitmap (var. P)",
                    "probability": 1.3
                }
            ],
            "names": [
                "comm.cri.apk"
            ],
            "last_modification_date": 1540974505,
            "type_tag": "android",
            "times_submitted": 2,
            "total_votes": {
                "harmless": 0,
                "malicious": 0
            },
            "size": 524064,
            "type_extension": "apk",
            "last_submission_date": 1540800980,
            "last_analysis_results": {
                "Bkav": {
                    "category": "undetected",
                    "engine_name": "Bkav",
                    "engine_version": "1.3.0.9898",
                    "result": null,
                    "method": "blacklist",
                    "engine_update": "20181030"
                },
                "Lionic": {
                    "category": "undetected",
                    "engine_name": "AegisLab",
                    "engine_version": "4.2",
                    "result": null,
                    "method": "blacklist",
                    "engine_update": "20181030"
                },
                "MicroWorld-eScan": {
                    "category": "undetected",
                    "engine_name": "MicroWorld-eScan",
                    "engine_version": "14.0.297.0",
                    "result": null,
                    "method": "blacklist",
                    "engine_update": "20181030"
                },
                "CMC": {
                    "category": "undetected",
                    "engine_name": "CMC",
                    "engine_version": "1.1.0.977",
                    "result": null,
                    "method": "blacklist",
                    "engine_update": "20181030"
                },
                "CAT-QuickHeal": {
                    "category": "undetected",
                    "engine_name": "CAT-QuickHeal",
                    "engine_version": "14.00",
                    "result": null,
                    "method": "blacklist",
                    "engine_update": "20181028"
                },
                "ALYac": {
                    "category": "undetected",
                    "engine_name": "ALYac",
                    "engine_version": "1.1.1.5",
                    "result": null,
                    "method": "blacklist",
                    "engine_update": "20181030"
                },
                "Malwarebytes": {
                    "category": "undetected",
                    "engine_name": "Malwarebytes",
                    "engine_version": "2.1.1.1115",
                    "result": null,
                    "method": "blacklist",
                    "engine_update": "20181030"
                },
                "Zillya": {
                    "category": "undetected",
                    "engine_name": "Zillya",
                    "engine_version": "2.0.0.3680",
                    "result": null,
                    "method": "blacklist",
                    "engine_update": "20181030"
                },
                "Paloalto": {
                    "category": "type-unsupported",
                    "engine_name": "Paloalto",
                    "engine_version": "1.0",
                    "result": null,
                    "method": "blacklist",
                    "engine_update": "20181030"
                },
                "TheHacker": {
                    "category": "undetected",
                    "engine_name": "TheHacker",
                    "engine_version": "6.8.0.5.3789",
                    "result": null,
                    "method": "blacklist",
                    "engine_update": "20181025"
                },
                "BitDefender": {
                    "category": "undetected",
                    "engine_name": "BitDefender",
                    "engine_version": "7.2",
                    "result": null,
                    "method": "blacklist",
                    "engine_update": "20181030"
                },
                "K7GW": {
                    "category": "undetected",
                    "engine_name": "K7GW",
                    "engine_version": "11.9.28876",
                    "result": null,
                    "method": "blacklist",
                    "engine_update": "20181030"
                },
                "K7AntiVirus": {
                    "category": "undetected",
                    "engine_name": "K7AntiVirus",
                    "engine_version": "11.9.28876",
                    "result": null,
                    "method": "blacklist",
                    "engine_update": "20181030"
                },
                "Invincea": {
                    "category": "type-unsupported",
                    "engine_name": "Invincea",
                    "engine_version": "6.3.5.26121",
                    "result": null,
                    "method": "blacklist",
                    "engine_update": "20180717"
                },
                "Baidu": {
                    "category": "undetected",
                    "engine_name": "Baidu",
                    "engine_version": "1.0.0.2",
                    "result": null,
                    "method": "blacklist",
                    "engine_update": "20181030"
                },
                "NANO-Antivirus": {
                    "category": "undetected",
                    "engine_name": "NANO-Antivirus",
                    "engine_version": "1.0.134.24299",
                    "result": null,
                    "method": "blacklist",
                    "engine_update": "20181030"
                },
                "F-Prot": {
                    "category": "undetected",
                    "engine_name": "F-Prot",
                    "engine_version": "4.7.1.166",
                    "result": null,
                    "method": "blacklist",
                    "engine_update": "20181030"
                },
                "SymantecMobileInsight": {
                    "category": "malicious",
                    "engine_name": "SymantecMobileInsight",
                    "engine_version": "2.0",
                    "result": "AppRisk:Generisk",
                    "method": "blacklist",
                    "engine_update": "20181030"
                },
                "Symantec": {
                    "category": "undetected",
                    "engine_name": "Symantec",
                    "engine_version": "1.8.0.0",
                    "result": null,
                    "method": "blacklist",
                    "engine_update": "20181030"
                },
                "ESET-NOD32": {
                    "category": "undetected",
                    "engine_name": "ESET-NOD32",
                    "engine_version": "18301",
                    "result": null,
                    "method": "blacklist",
                    "engine_update": "20181030"
                },
                "TrendMicro-HouseCall": {
                    "category": "undetected",
                    "engine_name": "TrendMicro-HouseCall",
                    "engine_version": "10.0.0.1040",
                    "result": null,
                    "method": "blacklist",
                    "engine_update": "20181030"
                },
                "Avast": {
                    "category": "undetected",
                    "engine_name": "Avast",
                    "engine_version": "18.4.3895.0",
                    "result": null,
                    "method": "blacklist",
                    "engine_update": "20181030"
                },
                "ClamAV": {
                    "category": "undetected",
                    "engine_name": "ClamAV",
                    "engine_version": "0.100.2.0",
                    "result": null,
                    "method": "blacklist",
                    "engine_update": "20181030"
                },
                "GData": {
                    "category": "undetected",
                    "engine_name": "GData",
                    "engine_version": "A:25.19155B:25.13564",
                    "result": null,
                    "method": "blacklist",
                    "engine_update": "20181030"
                },
                "Kaspersky": {
                    "category": "undetected",
                    "engine_name": "Kaspersky",
                    "engine_version": "15.0.1.13",
                    "result": null,
                    "method": "blacklist",
                    "engine_update": "20181030"
                },
                "Alibaba": {
                    "category": "undetected",
                    "engine_name": "Alibaba",
                    "engine_version": "0.1.0.2",
                    "result": null,
                    "method": "blacklist",
                    "engine_update": "20180921"
                },
                "Babable": {
                    "category": "undetected",
                    "engine_name": "Babable",
                    "engine_version": "9107201",
                    "result": null,
                    "method": "blacklist",
                    "engine_update": "20180918"
                },
                "ViRobot": {
                    "category": "undetected",
                    "engine_name": "ViRobot",
                    "engine_version": "2014.3.20.0",
                    "result": null,
                    "method": "blacklist",
                    "engine_update": "20181030"
                },
                "Tencent": {
                    "category": "undetected",
                    "engine_name": "Tencent",
                    "engine_version": "1.0.0.1",
                    "result": null,
                    "method": "blacklist",
                    "engine_update": "20181030"
                },
                "Ad-Aware": {
                    "category": "undetected",
                    "engine_name": "Ad-Aware",
                    "engine_version": "3.0.5.370",
                    "result": null,
                    "method": "blacklist",
                    "engine_update": "20181030"
                },
                "Trustlook": {
                    "category": "undetected",
                    "engine_name": "Trustlook",
                    "engine_version": "1.0",
                    "result": null,
                    "method": "blacklist",
                    "engine_update": "20181030"
                },
                "Sophos": {
                    "category": "undetected",
                    "engine_name": "Sophos",
                    "engine_version": "4.98.0",
                    "result": null,
                    "method": "blacklist",
                    "engine_update": "20181030"
                },
                "F-Secure": {
                    "category": "undetected",
                    "engine_name": "F-Secure",
                    "engine_version": "11.0.19100.45",
                    "result": null,
                    "method": "blacklist",
                    "engine_update": "20181030"
                },
                "DrWeb": {
                    "category": "undetected",
                    "engine_name": "DrWeb",
                    "engine_version": "7.0.33.6080",
                    "result": null,
                    "method": "blacklist",
                    "engine_update": "20181030"
                },
                "VIPRE": {
                    "category": "undetected",
                    "engine_name": "VIPRE",
                    "engine_version": "70626",
                    "result": null,
                    "method": "blacklist",
                    "engine_update": "20181030"
                },
                "TrendMicro": {
                    "category": "undetected",
                    "engine_name": "TrendMicro",
                    "engine_version": "10.0.0.1040",
                    "result": null,
                    "method": "blacklist",
                    "engine_update": "20181030"
                },
                "McAfee-GW-Edition": {
                    "category": "undetected",
                    "engine_name": "McAfee-GW-Edition",
                    "engine_version": "v2017.3010",
                    "result": null,
                    "method": "blacklist",
                    "engine_update": "20181030"
                },
                "Emsisoft": {
                    "category": "undetected",
                    "engine_name": "Emsisoft",
                    "engine_version": "2018.4.0.1029",
                    "result": null,
                    "method": "blacklist",
                    "engine_update": "20181030"
                },
                "Ikarus": {
                    "category": "undetected",
                    "engine_name": "Ikarus",
                    "engine_version": "0.1.5.2",
                    "result": null,
                    "method": "blacklist",
                    "engine_update": "20181030"
                },
                "Cyren": {
                    "category": "undetected",
                    "engine_name": "Cyren",
                    "engine_version": "6.0.0.4",
                    "result": null,
                    "method": "blacklist",
                    "engine_update": "20181030"
                },
                "Jiangmin": {
                    "category": "undetected",
                    "engine_name": "Jiangmin",
                    "engine_version": "16.0.100",
                    "result": null,
                    "method": "blacklist",
                    "engine_update": "20181030"
                },
                "Webroot": {
                    "category": "type-unsupported",
                    "engine_name": "Webroot",
                    "engine_version": "1.0.0.403",
                    "result": null,
                    "method": "blacklist",
                    "engine_update": "20181030"
                },
                "Avira": {
                    "category": "undetected",
                    "engine_name": "Avira",
                    "engine_version": "8.3.3.6",
                    "result": null,
                    "method": "blacklist",
                    "engine_update": "20181030"
                },
                "Antiy-AVL": {
                    "category": "undetected",
                    "engine_name": "Antiy-AVL",
                    "engine_version": "3.0.0.1",
                    "result": null,
                    "method": "blacklist",
                    "engine_update": "20181030"
                },
                "Kingsoft": {
                    "category": "undetected",
                    "engine_name": "Kingsoft",
                    "engine_version": "2013.8.14.323",
                    "result": null,
                    "method": "blacklist",
                    "engine_update": "20181030"
                },
                "Microsoft": {
                    "category": "undetected",
                    "engine_name": "Microsoft",
                    "engine_version": "1.1.15400.4",
                    "result": null,
                    "method": "blacklist",
                    "engine_update": "20181030"
                },
                "Endgame": {
                    "category": "type-unsupported",
                    "engine_name": "Endgame",
                    "engine_version": "3.0.1",
                    "result": null,
                    "method": "blacklist",
                    "engine_update": "20180730"
                },
                "Arcabit": {
                    "category": "undetected",
                    "engine_name": "Arcabit",
                    "engine_version": "1.0.0.833",
                    "result": null,
                    "method": "blacklist",
                    "engine_update": "20181030"
                },
                "SUPERAntiSpyware": {
                    "category": "undetected",
                    "engine_name": "SUPERAntiSpyware",
                    "engine_version": "5.6.0.1032",
                    "result": null,
                    "method": "blacklist",
                    "engine_update": "20181029"
                },
                "AhnLab-V3": {
                    "category": "undetected",
                    "engine_name": "AhnLab-V3",
                    "engine_version": "3.13.1.22397",
                    "result": null,
                    "method": "blacklist",
                    "engine_update": "20181030"
                },
                "ZoneAlarm": {
                    "category": "undetected",
                    "engine_name": "ZoneAlarm",
                    "engine_version": "1.0",
                    "result": null,
                    "method": "blacklist",
                    "engine_update": "20181030"
                },
                "Avast-Mobile": {
                    "category": "undetected",
                    "engine_name": "Avast-Mobile",
                    "engine_version": "181030-02",
                    "result": null,
                    "method": "blacklist",
                    "engine_update": "20181030"
                },
                "SentinelOne": {
                    "category": "type-unsupported",
                    "engine_name": "SentinelOne",
                    "engine_version": "1.0.19.245",
                    "result": null,
                    "method": "blacklist",
                    "engine_update": "20181011"
                },
                "TotalDefense": {
                    "category": "undetected",
                    "engine_name": "TotalDefense",
                    "engine_version": "37.1.62.1",
                    "result": null,
                    "method": "blacklist",
                    "engine_update": "20181030"
                },
                "McAfee": {
                    "category": "undetected",
                    "engine_name": "McAfee",
                    "engine_version": "6.0.6.653",
                    "result": null,
                    "method": "blacklist",
                    "engine_update": "20181030"
                },
                "TACHYON": {
                    "category": "undetected",
                    "engine_name": "TACHYON",
                    "engine_version": "2018-10-30.02",
                    "result": null,
                    "method": "blacklist",
                    "engine_update": "20181030"
                },
                "VBA32": {
                    "category": "undetected",
                    "engine_name": "VBA32",
                    "engine_version": "3.33.0",
                    "result": null,
                    "method": "blacklist",
                    "engine_update": "20181030"
                },
                "Cylance": {
                    "category": "type-unsupported",
                    "engine_name": "Cylance",
                    "engine_version": "2.3.1.101",
                    "result": null,
                    "method": "blacklist",
                    "engine_update": "20181030"
                },
                "Zoner": {
                    "category": "undetected",
                    "engine_name": "Zoner",
                    "engine_version": "1.0",
                    "result": null,
                    "method": "blacklist",
                    "engine_update": "20181030"
                },
                "Rising": {
                    "category": "undetected",
                    "engine_name": "Rising",
                    "engine_version": "25.0.0.24",
                    "result": null,
                    "method": "blacklist",
                    "engine_update": "20181030"
                },
                "Yandex": {
                    "category": "undetected",
                    "engine_name": "Yandex",
                    "engine_version": "5.5.1.3",
                    "result": null,
                    "method": "blacklist",
                    "engine_update": "20181030"
                },
                "MAX": {
                    "category": "undetected",
                    "engine_name": "MAX",
                    "engine_version": "2018.9.12.1",
                    "result": null,
                    "method": "blacklist",
                    "engine_update": "20181030"
                },
                "eGambit": {
                    "category": "type-unsupported",
                    "engine_name": "eGambit",
                    "engine_version": null,
                    "result": null,
                    "method": "blacklist",
                    "engine_update": "20181030"
                },
                "Fortinet": {
                    "category": "undetected",
                    "engine_name": "Fortinet",
                    "engine_version": "5.4.247.0",
                    "result": null,
                    "method": "blacklist",
                    "engine_update": "20181030"
                },
                "AVG": {
                    "category": "undetected",
                    "engine_name": "AVG",
                    "engine_version": "18.4.3895.0",
                    "result": null,
                    "method": "blacklist",
                    "engine_update": "20181030"
                },
                "Cybereason": {
                    "category": "type-unsupported",
                    "engine_name": "Cybereason",
                    "engine_version": null,
                    "result": null,
                    "method": "blacklist",
                    "engine_update": "20180308"
                },
                "Panda": {
                    "category": "undetected",
                    "engine_name": "Panda",
                    "engine_version": "4.6.4.2",
                    "result": null,
                    "method": "blacklist",
                    "engine_update": "20181030"
                },
                "CrowdStrike": {
                    "category": "type-unsupported",
                    "engine_name": "CrowdStrike",
                    "engine_version": "1.0",
                    "result": null,
                    "method": "blacklist",
                    "engine_update": "20180202"
                },
                "Qihoo-360": {
                    "category": "undetected",
                    "engine_name": "Qihoo-360",
                    "engine_version": "1.0.0.1120",
                    "result": null,
                    "method": "blacklist",
                    "engine_update": "20181030"
                }
            },
            "sha256": "003d514b089d8aa5b207e046c184f8bfdc4dfb4f58b85b7131edc7c741622517",
            "tags": [
                "apk",
                "android"
            ],
            "last_analysis_date": 1540938445,
            "unique_sources": 2,
            "first_submission_date": 1439454600,
            "sha1": "4b1ffcc44c514848940a7af40c64934392b5de67",
            "ssdeep": "12288:4pfNa+1+V5kHbxKRvNtHIsJmhFp1G9RCuOjobH081J+k:8w0aYsJwFpE9RC3obU8/d",
            "bundle_info": {
                "highest_datetime": "2014-09-02 16:41:46",
                "lowest_datetime": "2011-02-02 17:53:02",
                "num_children": 40,
                "extensions": {
                    "xml": 6,
                    "dex": 1,
                    "MF": 1,
                    "RSA": 1,
                    "ogg": 1,
                    "SF": 1,
                    "png": 28
                },
                "file_types": {
                    "XML": 6,
                    "unknown": 4,
                    "OGG": 1,
                    "DEX": 1,
                    "PNG": 28
                },
                "type": "APK",
                "uncompressed_size": 541648
            },
            "md5": "7d1e50b400694c1361fc8cafb16b83dc",
            "androguard": {
                "Activities": [
                    "comm.cri.Splash",
                    "comm.cri.CommCri"
                ],
                "AndroidVersionCode": "136",
                "main_activity": "comm.cri.Splash",
                "certificate": {
                    "Subject": {
                        "DN": "C:US, ST:IL, L:La Grange, O:Ariah Studios, CN:Zeke Walker",
                        "C": "US",
                        "CN": "Zeke Walker",
                        "L": "La Grange",
                        "O": "Ariah Studios",
                        "ST": "IL"
                    },
                    "validto": "10:24 PM 12/31/2109",
                    "serialnumber": "4d3dfc13",
                    "thumbprint": "037b240b2059ae26bac469fc56db6c68557fa171",
                    "validfrom": "10:24 PM 01/24/2011",
                    "Issuer": {
                        "DN": "C:US, ST:IL, L:La Grange, O:Ariah Studios, CN:Zeke Walker",
                        "C": "US",
                        "CN": "Zeke Walker",
                        "L": "La Grange",
                        "O": "Ariah Studios",
                        "ST": "IL"
                    }
                },
                "VTAndroidInfo": 1.41,
                "Package": "comm.cri",
                "intent_filters": {
                    "Services": {},
                    "Activities": {
                        "comm.cri.CommCri": {
                            "action": [
                                "android.intent.action.DEFAULT"
                            ],
                            "category": [
                                "android.intent.category.VIEW"
                            ]
                        },
                        "comm.cri.Splash": {
                            "action": [
                                "android.intent.action.MAIN"
                            ],
                            "category": [
                                "android.intent.category.LAUNCHER",
                                "android.intent.category.MULTIWINDOW_LAUNCHER"
                            ]
                        }
                    },
                    "Receivers": {}
                },
                "AndroidApplication": 1,
                "SourceFile": "r:\\sav6\\work_channel1_9\\20558658",
                "StringsInformation": [
                    "https://www.commandcrisis.com/m/index.php"
                ],
                "Libraries": [
                    ""
                ],
                "permission_details": {
                    "android.permission.READ_PHONE_STATE": {
                        "short_description": "read phone state and identity",
                        "full_description": "Allows the application to access the phone features of the device. An application with this permission can determine the phone number and serial number of this phone, whether a call is active, the number that call is connected to and so on.",
                        "permission_type": "dangerous"
                    },
                    "android.permission.INTERNET": {
                        "short_description": "full Internet access",
                        "full_description": "Allows an application to create network sockets.",
                        "permission_type": "dangerous"
                    }
                },
                "AndroidApplicationError": false,
                "AndroidVersionName": "1.8.65",
                "RiskIndicator": {
                    "APK": {
                        "DEX": 1
                    },
                    "PERM": {
                        "PRIVACY": 1,
                        "INTERNET": 1
                    }
                },
                "MinSdkVersion": "7",
                "AndroguardVersion": "3.0-dev",
                "AndroidApplicationInfo": "APK"
            },
            "magic": "Zip archive data, at least v2.0 to extract",
            "last_analysis_stats": {
                "harmless": 0,
                "type-unsupported": 9,
                "suspicious": 0,
                "confirmed-timeout": 0,
                "timeout": 0,
                "failure": 0,
                "malicious": 1,
                "undetected": 59
            },
            "meaningful_name": "comm.cri.apk",
            "reputation": 0
        },
        "type": "file",
        "id": "003d514b089d8aa5b207e046c184f8bfdc4dfb4f58b85b7131edc7c741622517",
        "links": {
            "self": "https://www.virustotal.com/api/v3/files/003d514b089d8aa5b207e046c184f8bfdc4dfb4f58b85b7131edc7c741622517"
        }
    }
}