{
    "data": {
        "attributes": {
            "type_description": "Android",
            "vhash": "5bdb939a4eb322b509c2c18a992c0ac3",
            "trid": [
                {
                    "file_type": "Android Package",
                    "probability": 72.9
                },
                {
                    "file_type": "Java Archive",
                    "probability": 20.1
                },
                {
                    "file_type": "ZIP compressed archive",
                    "probability": 5.5
                },
                {
                    "file_type": "PrintFox/Pagefox bitmap (var. P)",
                    "probability": 1.3
                }
            ],
            "names": [
                "lzsw.apk"
            ],
            "last_modification_date": 1541097750,
            "type_tag": "android",
            "times_submitted": 2,
            "total_votes": {
                "harmless": 0,
                "malicious": 0
            },
            "size": 461022,
            "popular_threat_classification": {
                "suggested_threat_label": "adware.youmi",
                "popular_threat_category": [
                    {
                        "count": 11,
                        "value": "adware"
                    },
                    {
                        "count": 2,
                        "value": "trojan"
                    }
                ],
                "popular_threat_name": [
                    {
                        "count": 15,
                        "value": "youmi"
                    }
                ]
            },
            "last_submission_date": 1541021077,
            "last_analysis_results": {
                "Bkav": {
                    "category": "undetected",
                    "engine_name": "Bkav",
                    "engine_version": "1.3.0.9898",
                    "result": null,
                    "method": "blacklist",
                    "engine_update": "20181031"
                },
                "Lionic": {
                    "category": "undetected",
                    "engine_name": "AegisLab",
                    "engine_version": "4.2",
                    "result": null,
                    "method": "blacklist",
                    "engine_update": "20181031"
                },
                "MicroWorld-eScan": {
                    "category": "malicious",
                    "engine_name": "MicroWorld-eScan",
                    "engine_version": "14.0.297.0",
                    "result": "Android.Adware.Youmi.A",
                    "method": "blacklist",
                    "engine_update": "20181031"
                },
                "CMC": {
                    "category": "undetected",
                    "engine_name": "CMC",
                    "engine_version": "1.1.0.977",
                    "result": null,
                    "method": "blacklist",
                    "engine_update": "20181031"
                },
                "CAT-QuickHeal": {
                    "category": "malicious",
                    "engine_name": "CAT-QuickHeal",
                    "engine_version": "14.00",
                    "result": "Android.Youmi.B (AdWare)",
                    "method": "blacklist",
                    "engine_update": "20181031"
                },
                "McAfee": {
                    "category": "undetected",
                    "engine_name": "McAfee",
                    "engine_version": "6.0.6.653",
                    "result": null,
                    "method": "blacklist",
                    "engine_update": "20181031"
                },
                "Malwarebytes": {
                    "category": "undetected",
                    "engine_name": "Malwarebytes",
                    "engine_version": "2.1.1.1115",
                    "result": null,
                    "method": "blacklist",
                    "engine_update": "20181031"
                },
                "Zillya": {
                    "category": "undetected",
                    "engine_name": "Zillya",
                    "engine_version": "2.0.0.3680",
                    "result": null,
                    "method": "blacklist",
                    "engine_update": "20181030"
                },
                "TheHacker": {
                    "category": "undetected",
                    "engine_name": "TheHacker",
                    "engine_version": "6.8.0.5.3804",
                    "result": null,
                    "method": "blacklist",
                    "engine_update": "20181031"
                },
                "Alibaba": {
                    "category": "undetected",
                    "engine_name": "Alibaba",
                    "engine_version": "0.1.0.2",
                    "result": null,
                    "method": "blacklist",
                    "engine_update": "20180921"
                },
                "K7GW": {
                    "category": "malicious",
                    "engine_name": "K7GW",
                    "engine_version": "11.9.28883",
                    "result": "Adware ( 0052beba1 )",
                    "method": "blacklist",
                    "engine_update": "20181031"
                },
                "K7AntiVirus": {
                    "category": "undetected",
                    "engine_name": "K7AntiVirus",
                    "engine_version": "11.9.28890",
                    "result": null,
                    "method": "blacklist",
                    "engine_update": "20181031"
                },
                "Arcabit": {
                    "category": "malicious",
                    "engine_name": "Arcabit",
                    "engine_version": "1.0.0.833",
                    "result": "Android.Adware.Youmi.A",
                    "method": "blacklist",
                    "engine_update": "20181031"
                },
                "Invincea": {
                    "category": "type-unsupported",
                    "engine_name": "Invincea",
                    "engine_version": "6.3.5.26121",
                    "result": null,
                    "method": "blacklist",
                    "engine_update": "20180717"
                },
                "Baidu": {
                    "category": "undetected",
                    "engine_name": "Baidu",
                    "engine_version": "1.0.0.2",
                    "result": null,
                    "method": "blacklist",
                    "engine_update": "20181031"
                },
                "Babable": {
                    "category": "undetected",
                    "engine_name": "Babable",
                    "engine_version": "9107201",
                    "result": null,
                    "method": "blacklist",
                    "engine_update": "20180918"
                },
                "F-Prot": {
                    "category": "undetected",
                    "engine_name": "F-Prot",
                    "engine_version": "4.7.1.166",
                    "result": null,
                    "method": "blacklist",
                    "engine_update": "20181031"
                },
                "SymantecMobileInsight": {
                    "category": "malicious",
                    "engine_name": "SymantecMobileInsight",
                    "engine_version": "2.0",
                    "result": "AdLibrary:Youmi",
                    "method": "blacklist",
                    "engine_update": "20181030"
                },
                "Symantec": {
                    "category": "malicious",
                    "engine_name": "Symantec",
                    "engine_version": "1.8.0.0",
                    "result": "Trojan.Gen.2",
                    "method": "blacklist",
                    "engine_update": "20181031"
                },
                "ESET-NOD32": {
                    "category": "malicious",
                    "engine_name": "ESET-NOD32",
                    "engine_version": "18306",
                    "result": "a variant of Android/AdDisplay.Youmi.H potentially unwanted",
                    "method": "blacklist",
                    "engine_update": "20181031"
                },
                "TrendMicro-HouseCall": {
                    "category": "undetected",
                    "engine_name": "TrendMicro-HouseCall",
                    "engine_version": "10.0.0.1040",
                    "result": null,
                    "method": "blacklist",
                    "engine_update": "20181031"
                },
                "Avast": {
                    "category": "undetected",
                    "engine_name": "Avast",
                    "engine_version": "18.4.3895.0",
                    "result": null,
                    "method": "blacklist",
                    "engine_update": "20181031"
                },
                "ClamAV": {
                    "category": "undetected",
                    "engine_name": "ClamAV",
                    "engine_version": "0.100.2.0",
                    "result": null,
                    "method": "blacklist",
                    "engine_update": "20181031"
                },
                "Kaspersky": {
                    "category": "undetected",
                    "engine_name": "Kaspersky",
                    "engine_version": "15.0.1.13",
                    "result": null,
                    "method": "blacklist",
                    "engine_update": "20181031"
                },
                "BitDefender": {
                    "category": "malicious",
                    "engine_name": "BitDefender",
                    "engine_version": "7.2",
                    "result": "Android.Adware.Youmi.A",
                    "method": "blacklist",
                    "engine_update": "20181031"
                },
                "NANO-Antivirus": {
                    "category": "malicious",
                    "engine_name": "NANO-Antivirus",
                    "engine_version": "1.0.134.24299",
                    "result": "Trojan.Android.Agent.dsnack",
                    "method": "blacklist",
                    "engine_update": "20181031"
                },
                "SUPERAntiSpyware": {
                    "category": "undetected",
                    "engine_name": "SUPERAntiSpyware",
                    "engine_version": "5.6.0.1032",
                    "result": null,
                    "method": "blacklist",
                    "engine_update": "20181031"
                },
                "Tencent": {
                    "category": "undetected",
                    "engine_name": "Tencent",
                    "engine_version": "1.0.0.1",
                    "result": null,
                    "method": "blacklist",
                    "engine_update": "20181031"
                },
                "Ad-Aware": {
                    "category": "malicious",
                    "engine_name": "Ad-Aware",
                    "engine_version": "3.0.5.370",
                    "result": "Android.Adware.Youmi.A",
                    "method": "blacklist",
                    "engine_update": "20181031"
                },
                "Trustlook": {
                    "category": "malicious",
                    "engine_name": "Trustlook",
                    "engine_version": "1.0",
                    "result": "Android.Malware.General (score:9)",
                    "method": "blacklist",
                    "engine_update": "20181031"
                },
                "Emsisoft": {
                    "category": "malicious",
                    "engine_name": "Emsisoft",
                    "engine_version": "2018.4.0.1029",
                    "result": "Android.Adware.Youmi.A (B)",
                    "method": "blacklist",
                    "engine_update": "20181031"
                },
                "Comodo": {
                    "category": "malicious",
                    "engine_name": "Comodo",
                    "engine_version": "29907",
                    "result": "ApplicUnwnt",
                    "method": "blacklist",
                    "engine_update": "20181031"
                },
                "F-Secure": {
                    "category": "malicious",
                    "engine_name": "F-Secure",
                    "engine_version": "11.0.19100.45",
                    "result": "Android.Adware.Youmi",
                    "method": "blacklist",
                    "engine_update": "20181031"
                },
                "DrWeb": {
                    "category": "undetected",
                    "engine_name": "DrWeb",
                    "engine_version": "7.0.33.6080",
                    "result": null,
                    "method": "blacklist",
                    "engine_update": "20181031"
                },
                "VIPRE": {
                    "category": "undetected",
                    "engine_name": "VIPRE",
                    "engine_version": "70652",
                    "result": null,
                    "method": "blacklist",
                    "engine_update": "20181031"
                },
                "TrendMicro": {
                    "category": "undetected",
                    "engine_name": "TrendMicro",
                    "engine_version": "10.0.0.1040",
                    "result": null,
                    "method": "blacklist",
                    "engine_update": "20181031"
                },
                "McAfee-GW-Edition": {
                    "category": "undetected",
                    "engine_name": "McAfee-GW-Edition",
                    "engine_version": "v2017.3010",
                    "result": null,
                    "method": "blacklist",
                    "engine_update": "20181031"
                },
                "Sophos": {
                    "category": "malicious",
                    "engine_name": "Sophos",
                    "engine_version": "4.98.0",
                    "result": "Android Youmi (PUA)",
                    "method": "blacklist",
                    "engine_update": "20181031"
                },
                "Paloalto": {
                    "category": "type-unsupported",
                    "engine_name": "Paloalto",
                    "engine_version": "1.0",
                    "result": null,
                    "method": "blacklist",
                    "engine_update": "20181031"
                },
                "Cyren": {
                    "category": "malicious",
                    "engine_name": "Cyren",
                    "engine_version": "6.0.0.4",
                    "result": "AndroidOS/GenPua.CA994165!Olympus",
                    "method": "blacklist",
                    "engine_update": "20181031"
                },
                "Jiangmin": {
                    "category": "undetected",
                    "engine_name": "Jiangmin",
                    "engine_version": "16.0.100",
                    "result": null,
                    "method": "blacklist",
                    "engine_update": "20181031"
                },
                "Webroot": {
                    "category": "type-unsupported",
                    "engine_name": "Webroot",
                    "engine_version": "1.0.0.403",
                    "result": null,
                    "method": "blacklist",
                    "engine_update": "20181031"
                },
                "Avira": {
                    "category": "malicious",
                    "engine_name": "Avira",
                    "engine_version": "8.3.3.6",
                    "result": "ADWARE/ANDR.Youmi.D.Gen",
                    "method": "blacklist",
                    "engine_update": "20181031"
                },
                "MAX": {
                    "category": "malicious",
                    "engine_name": "MAX",
                    "engine_version": "2018.9.12.1",
                    "result": "malware (ai score=67)",
                    "method": "blacklist",
                    "engine_update": "20181031"
                },
                "Antiy-AVL": {
                    "category": "undetected",
                    "engine_name": "Antiy-AVL",
                    "engine_version": "3.0.0.1",
                    "result": null,
                    "method": "blacklist",
                    "engine_update": "20181031"
                },
                "Kingsoft": {
                    "category": "undetected",
                    "engine_name": "Kingsoft",
                    "engine_version": "2013.8.14.323",
                    "result": null,
                    "method": "blacklist",
                    "engine_update": "20181031"
                },
                "Endgame": {
                    "category": "type-unsupported",
                    "engine_name": "Endgame",
                    "engine_version": "3.0.1",
                    "result": null,
                    "method": "blacklist",
                    "engine_update": "20180730"
                },
                "Microsoft": {
                    "category": "undetected",
                    "engine_name": "Microsoft",
                    "engine_version": "1.1.15400.4",
                    "result": null,
                    "method": "blacklist",
                    "engine_update": "20181031"
                },
                "ViRobot": {
                    "category": "undetected",
                    "engine_name": "ViRobot",
                    "engine_version": "2014.3.20.0",
                    "result": null,
                    "method": "blacklist",
                    "engine_update": "20181031"
                },
                "AhnLab-V3": {
                    "category": "malicious",
                    "engine_name": "AhnLab-V3",
                    "engine_version": "3.13.1.22397",
                    "result": "Android-PUP/Youmi.35d1f",
                    "method": "blacklist",
                    "engine_update": "20181031"
                },
                "ZoneAlarm": {
                    "category": "undetected",
                    "engine_name": "ZoneAlarm",
                    "engine_version": "1.0",
                    "result": null,
                    "method": "blacklist",
                    "engine_update": "20181031"
                },
                "Avast-Mobile": {
                    "category": "undetected",
                    "engine_name": "Avast-Mobile",
                    "engine_version": "181031-04",
                    "result": null,
                    "method": "blacklist",
                    "engine_update": "20181031"
                },
                "GData": {
                    "category": "malicious",
                    "engine_name": "GData",
                    "engine_version": "A:25.19164B:25.13569",
                    "result": "Android.Adware.Youmi.A",
                    "method": "blacklist",
                    "engine_update": "20181031"
                },
                "SentinelOne": {
                    "category": "type-unsupported",
                    "engine_name": "SentinelOne",
                    "engine_version": "1.0.19.245",
                    "result": null,
                    "method": "blacklist",
                    "engine_update": "20181011"
                },
                "TotalDefense": {
                    "category": "undetected",
                    "engine_name": "TotalDefense",
                    "engine_version": "37.1.62.1",
                    "result": null,
                    "method": "blacklist",
                    "engine_update": "20181031"
                },
                "VBA32": {
                    "category": "undetected",
                    "engine_name": "VBA32",
                    "engine_version": "3.33.0",
                    "result": null,
                    "method": "blacklist",
                    "engine_update": "20181031"
                },
                "ALYac": {
                    "category": "undetected",
                    "engine_name": "ALYac",
                    "engine_version": "1.1.1.5",
                    "result": null,
                    "method": "blacklist",
                    "engine_update": "20181031"
                },
                "TACHYON": {
                    "category": "undetected",
                    "engine_name": "TACHYON",
                    "engine_version": "2018-10-31.02",
                    "result": null,
                    "method": "blacklist",
                    "engine_update": "20181031"
                },
                "Cylance": {
                    "category": "type-unsupported",
                    "engine_name": "Cylance",
                    "engine_version": "2.3.1.101",
                    "result": null,
                    "method": "blacklist",
                    "engine_update": "20181031"
                },
                "Zoner": {
                    "category": "undetected",
                    "engine_name": "Zoner",
                    "engine_version": "1.0",
                    "result": null,
                    "method": "blacklist",
                    "engine_update": "20181031"
                },
                "Rising": {
                    "category": "undetected",
                    "engine_name": "Rising",
                    "engine_version": "25.0.0.24",
                    "result": null,
                    "method": "blacklist",
                    "engine_update": "20181031"
                },
                "Yandex": {
                    "category": "undetected",
                    "engine_name": "Yandex",
                    "engine_version": "5.5.1.3",
                    "result": null,
                    "method": "blacklist",
                    "engine_update": "20181030"
                },
                "Ikarus": {
                    "category": "malicious",
                    "engine_name": "Ikarus",
                    "engine_version": "0.1.5.2",
                    "result": "PUA.AndroidOS.Youmi",
                    "method": "blacklist",
                    "engine_update": "20181031"
                },
                "eGambit": {
                    "category": "type-unsupported",
                    "engine_name": "eGambit",
                    "engine_version": null,
                    "result": null,
                    "method": "blacklist",
                    "engine_update": "20181031"
                },
                "Fortinet": {
                    "category": "malicious",
                    "engine_name": "Fortinet",
                    "engine_version": "5.4.247.0",
                    "result": "Adware/Youmi!Android",
                    "method": "blacklist",
                    "engine_update": "20181031"
                },
                "AVG": {
                    "category": "undetected",
                    "engine_name": "AVG",
                    "engine_version": "18.4.3895.0",
                    "result": null,
                    "method": "blacklist",
                    "engine_update": "20181031"
                },
                "Cybereason": {
                    "category": "type-unsupported",
                    "engine_name": "Cybereason",
                    "engine_version": "1.2.27",
                    "result": null,
                    "method": "blacklist",
                    "engine_update": "20180225"
                },
                "Panda": {
                    "category": "undetected",
                    "engine_name": "Panda",
                    "engine_version": "4.6.4.2",
                    "result": null,
                    "method": "blacklist",
                    "engine_update": "20181031"
                },
                "CrowdStrike": {
                    "category": "type-unsupported",
                    "engine_name": "CrowdStrike",
                    "engine_version": "1.0",
                    "result": null,
                    "method": "blacklist",
                    "engine_update": "20181022"
                },
                "Qihoo-360": {
                    "category": "undetected",
                    "engine_name": "Qihoo-360",
                    "engine_version": "1.0.0.1120",
                    "result": null,
                    "method": "blacklist",
                    "engine_update": "20181031"
                }
            },
            "sha256": "003f5a556527134c76b39d3dce6e6b6255201bd27ee19fdcfbba6e2280b507d3",
            "type_extension": "apk",
            "tags": [
                "apk",
                "android"
            ],
            "last_analysis_date": 1541021077,
            "unique_sources": 2,
            "first_submission_date": 1423720713,
            "sha1": "c78f59cd357450690b6fbe1bf99a60da375c9396",
            "ssdeep": "12288:9SGXdi//8WaKu/PNz22toY/+Bn9B0oJtkKsrf7:9SGXfWaKs9Y9SoJCH7",
            "bundle_info": {
                "highest_datetime": "2015-01-05 14:21:06",
                "lowest_datetime": "2015-01-05 12:53:02",
                "num_children": 59,
                "extensions": {
                    "xml": 24,
                    "dex": 1,
                    "MF": 1,
                    "RSA": 1,
                    "jpg": 1,
                    "SF": 1,
                    "png": 26
                },
                "file_types": {
                    "XML": 24,
                    "unknown": 7,
                    "DEX": 1,
                    "JPG": 1,
                    "PNG": 26
                },
                "type": "APK",
                "uncompressed_size": 947103
            },
            "packers": {
                "F-PROT": "UTF-8"
            },
            "md5": "ca99416577e862f05e3fd7fbd3daaee6",
            "androguard": {
                "VTAndroidInfo": 1.41,
                "SourceFile": "r:\\sav6\\work_channel1_7\\77612836",
                "AndroidApplicationError": false,
                "MinSdkVersion": "8",
                "AndroguardVersion": "3.0-dev",
                "Activities": [
                    "cn.winfirm.android.home.AppLaunchActivity",
                    "net.youmi.android.AdBrowser",
                    "cn.winfirm.android.home.AppHomeActivity",
                    "cn.winfirm.android.home.AppHostActivity",
                    "cn.winfirm.android.home.ArticleListActivity",
                    "cn.winfirm.android.home.ArticleContentActivity",
                    "cn.winfirm.android.home.FavListActivity",
                    "cn.winfirm.android.home.AboutActivity",
                    "cn.winfirm.android.share.WeiboShareActivity",
                    "cn.winfirm.android.share.ShareAuthActivity"
                ],
                "certificate": {
                    "Subject": {
                        "DN": "OU:net, CN:winfirm",
                        "OU": "net",
                        "CN": "winfirm"
                    },
                    "validto": "02:08 PM 12/02/2031",
                    "serialnumber": "4edf7368",
                    "thumbprint": "48719b36a75269287935d940e489c32837c454c8",
                    "validfrom": "02:08 PM 12/07/2011",
                    "Issuer": {
                        "DN": "OU:net, CN:winfirm",
                        "OU": "net",
                        "CN": "winfirm"
                    }
                },
                "AndroidApplication": 1,
                "RiskIndicator": {
                    "APK": {
                        "DEX": 1
                    },
                    "PERM": {
                        "DANGEROUS": 1,
                        "PRIVACY": 2,
                        "NORMAL": 3,
                        "INTERNET": 1,
                        "GPS": 1
                    }
                },
                "Services": [
                    "net.youmi.android.AdService"
                ],
                "AndroidVersionCode": "10",
                "main_activity": "cn.winfirm.android.home.AppLaunchActivity",
                "Package": "cn.winfirm.android",
                "intent_filters": {
                    "Services": {},
                    "Activities": {
                        "cn.winfirm.android.home.AppLaunchActivity": {
                            "action": [
                                "android.intent.action.MAIN"
                            ],
                            "category": [
                                "android.intent.category.LAUNCHER"
                            ]
                        }
                    },
                    "Receivers": {
                        "net.youmi.android.AdReceiver": {
                            "action": [
                                "android.intent.action.PACKAGE_ADDED"
                            ]
                        }
                    }
                },
                "AndroidVersionName": "1.10.150105",
                "AndroidApplicationInfo": "APK",
                "Providers": [
                    "net.youmi.android.spot.SpotAdContentProvider"
                ],
                "permission_details": {
                    "android.permission.READ_EXTERNAL_STORAGE": {
                        "short_description": "read from external storage",
                        "full_description": "Allows an application to read from external storage",
                        "permission_type": "normal"
                    },
                    "android.permission.INTERNET": {
                        "short_description": "full Internet access",
                        "full_description": "Allows an application to create network sockets.",
                        "permission_type": "dangerous"
                    },
                    "android.permission.ACCESS_WIFI_STATE": {
                        "short_description": "view Wi-Fi status",
                        "full_description": "Allows an application to view the information about the status of Wi-Fi.",
                        "permission_type": "normal"
                    },
                    "android.permission.ACCESS_COARSE_LOCATION": {
                        "short_description": "coarse (network-based) location",
                        "full_description": "Access coarse location sources, such as the mobile network database, to determine an approximate phone location, where available. Malicious applications can use this to determine approximately where you are.",
                        "permission_type": "dangerous"
                    },
                    "android.permission.ACCESS_NETWORK_STATE": {
                        "short_description": "view network status",
                        "full_description": "Allows an application to view the status of all networks.",
                        "permission_type": "normal"
                    },
                    "android.permission.READ_PHONE_STATE": {
                        "short_description": "read phone state and identity",
                        "full_description": "Allows the application to access the phone features of the device. An application with this permission can determine the phone number and serial number of this phone, whether a call is active, the number that call is connected to and so on.",
                        "permission_type": "dangerous"
                    },
                    "android.permission.WRITE_EXTERNAL_STORAGE": {
                        "short_description": "modify/delete SD card contents",
                        "full_description": "Allows an application to write to the SD card.",
                        "permission_type": "dangerous"
                    }
                },
                "Receivers": [
                    "net.youmi.android.AdReceiver"
                ],
                "StringsInformation": [
                    "http://",
                    "http://alog.umeng.co/app_logs",
                    "http://alog.umeng.com/app_logs",
                    "http://au.youmi.net/regular/aos/banner.html",
                    "http://au.youmi.net/regular/aos/banner.html?type=2&ft=2",
                    "http://au.youmi.net/regular/aos/banner.html?type=4&ft=2",
                    "http://au.youmi.net/regular/aos/lists.html?rtype=",
                    "http://log.umsns.com/",
                    "http://log.umsns.com/share/api/",
                    "http://oc.umeng.co/check_config_update",
                    "http://oc.umeng.com/check_config_update",
                    "http://www.winfirm.net/api/app.html",
                    "http://www.youth168.com",
                    "http://www.youth168.com/api/list.asp?cid=1&page=1",
                    "http://www.youth168.com/api/list.asp?cid=10&page=1",
                    "http://www.youth168.com/api/list.asp?cid=2&page=1",
                    "http://www.youth168.com/api/list.asp?cid=3&page=1",
                    "http://www.youth168.com/api/list.asp?cid=4&page=1",
                    "http://www.youth168.com/api/list.asp?cid=5&page=1",
                    "http://www.youth168.com/api/list.asp?cid=6&page=1",
                    "http://www.youth168.com/api/list.asp?cid=9&page=1",
                    "http://www.youth168.com/api/search.asp?key=",
                    "http://www.youth168.com/api/select.asp?type=0&page=1",
                    "http://www.youth168.com/api/select.asp?type=1&page=1",
                    "http://www.youth168.com/api/update.asp",
                    "https://",
                    "https://api.weibo.com/2/statuses/update.json",
                    "https://open.t.qq.com",
                    "https://open.t.qq.com/api/t/add",
                    "https://open.t.qq.com/cgi-bin/oauth2/authorize",
                    "https://open.t.qq.com/cgi-bin/oauth2/authorize?client_id=",
                    "https://open.weibo.cn/oauth2/authorize",
                    "https://open.weibo.cn/oauth2/authorize?client_id="
                ]
            },
            "magic": "Zip archive data, at least v2.0 to extract",
            "last_analysis_stats": {
                "harmless": 0,
                "type-unsupported": 9,
                "suspicious": 0,
                "confirmed-timeout": 0,
                "timeout": 0,
                "failure": 0,
                "malicious": 22,
                "undetected": 39
            },
            "meaningful_name": "lzsw.apk",
            "reputation": 0
        },
        "type": "file",
        "id": "003f5a556527134c76b39d3dce6e6b6255201bd27ee19fdcfbba6e2280b507d3",
        "links": {
            "self": "https://www.virustotal.com/api/v3/files/003f5a556527134c76b39d3dce6e6b6255201bd27ee19fdcfbba6e2280b507d3"
        }
    }
}